row,column,local_ME,local_MAE,local_MRE,local_RMSE,local_correlation,local_coefficient_no_intercept,local_R2_no_intercept
0,0,-7.834395868523761,8.220692445486057,0.24885165098598694,10.331812614703104,-0.5769381466858322,0.8064923351212198,0.9713109051856875
0,1,-6.625656817374815,7.011953394337111,0.20419055641326309,9.030357559901605,-0.22277232436059374,0.8382932792530119,0.9771785106415736
0,2,-4.537480502104157,5.146539945392305,0.14246968566000454,7.076670712346371,0.08956835602789534,0.8891114541109397,0.9830307735617938
0,3,-3.9333923171192215,5.2796137355931885,0.13001197677668397,7.132876633137759,0.18293793500459973,0.8983970523710563,0.9823959185703033
0,4,-4.821313362162471,6.517655335710774,0.15672697928079926,7.8790839157733865,0.10349618006620694,0.8833057159306784,0.9820520607902015
0,5,-6.6610729321081275,8.090122088558086,0.18727777427169257,9.892319433049309,0.17879748911906135,0.8519019564916022,0.9787897702973046
0,6,-5.682180056426521,7.383334806003125,0.16815143262718812,9.609894920264034,0.034057861006986656,0.8708464311430903,0.9764839490476757
0,7,-6.358349468344261,7.836741351595012,0.17638110803221912,9.77339286829078,0.0010506718983529515,0.8648710483767427,0.9792756153811022
0,8,nan,nan,nan,nan,nan,nan,nan
0,9,nan,nan,nan,nan,nan,nan,nan
0,10,nan,nan,nan,nan,nan,nan,nan
0,11,nan,nan,nan,nan,nan,nan,nan
0,12,nan,nan,nan,nan,nan,nan,nan
0,13,nan,nan,nan,nan,nan,nan,nan
0,14,nan,nan,nan,nan,nan,nan,nan
0,15,nan,nan,nan,nan,nan,nan,nan
0,16,nan,nan,nan,nan,nan,nan,nan
0,17,nan,nan,nan,nan,nan,nan,nan
0,18,nan,nan,nan,nan,nan,nan,nan
0,19,nan,nan,nan,nan,nan,nan,nan
0,20,nan,nan,nan,nan,nan,nan,nan
0,21,-6.354295429797734,6.647728529595639,0.11704222298458097,7.259947312135982,0.380974602532578,0.896669432685384,0.9969263813857479
0,22,-5.847784985337763,6.141218085135669,0.10769758819858924,6.954854731146619,0.6551990310182209,0.9028474104095984,0.9965102558540895
0,23,-6.18619683442276,6.479629934220665,0.11325696299320512,7.337047663215329,0.7062794349967909,0.8977422368146338,0.996266765385853
0,24,-5.7840552922045,6.836894422350899,0.11853290301899154,7.417515558081419,0.39261825192996375,0.9039474688381248,0.9945851966515709
0,25,-5.921014223605544,6.973853353751945,0.12314506249043075,7.960895241824473,0.15801753649418457,0.9008911213931868,0.9926058796071051
0,26,-5.14192019440276,6.194759324549159,0.10861486881900173,7.396232032413501,0.1919106365128625,0.912972253160692,0.9926143426658036
0,27,-4.6600752479946745,6.024572286422893,0.10547568970719035,7.153217783865596,-0.05033430139044634,0.9203453617253678,0.992262102283399
0,28,-4.362768186589348,5.727265225017568,0.1003195459930511,6.775951560168499,-0.12747083554721905,0.9253735993802201,0.9928611909259524
0,29,-4.62429254445244,6.188331882228044,0.10950715069041556,7.395480172734515,-0.17858494024744767,0.9194949866741167,0.9911169276377322
0,30,-5.405517323087887,6.969556660863491,0.12106815313029444,8.197891135977716,-0.02352601125842698,0.9067632305744028,0.9904414604952854
0,31,-6.7473066681314595,8.311346005907064,0.14461812108054453,9.369380034787506,0.003697841317710188,0.8864857331207904,0.9897406898048992
0,32,-6.832743555771356,8.085124985265141,0.1402038128382337,9.295904344010777,-0.15636612217957638,0.8871990998094459,0.990409459847963
0,33,-5.458772144462312,7.290166541958963,0.127183810759121,8.933417689901805,-0.1686865111027272,0.9030954833068994,0.9874194076421872
0,34,-5.991249090286093,6.57026205828896,0.11378340357053261,8.269369414551653,0.06656276352609966,0.899732676034075,0.9920670068247952
0,35,-4.222311077463977,4.801324045466844,0.08244002844703231,6.028319394242329,0.3154729713020652,0.9282936620711634,0.9953058282713396
0,36,-3.3068808222622645,4.494374738061197,0.077528009438022,5.2788920390885075,0.12026525267947644,0.9428019314556663,0.9955061584031619
0,37,-3.7533845829667394,4.940878498765671,0.08484031747736091,5.843903187909212,0.20961296999564963,0.9353131819508375,0.9948022940898885
0,38,-4.492164877620113,5.100645825416177,0.08728673217905257,5.888811707384969,0.05530303689822683,0.9263139295282276,0.9962881372838533
0,39,-5.2898922321067445,5.8983731799028085,0.09978115022254697,6.679669794612281,0.33755313421159294,0.914670015549113,0.9959702235964908
0,40,-6.346190314947958,6.954671262744023,0.11687478547667478,7.629105359706801,0.44232873896525654,0.9000798736987704,0.9958698243433984
0,41,-6.576525661954616,6.576525661954616,0.10833414024387014,7.303124425659054,0.6281669316587368,0.8998858354163946,0.9978207502707835
0,42,-7.758521947654036,7.758521947654036,0.12709470483513274,8.436547082734561,0.6268655759261906,0.8847620963536851,0.9977466428312515
0,43,-8.033980505187442,8.033980505187442,0.13039853323799033,8.565358326799581,0.12167161297162642,0.8835575448684356,0.9981244754551046
0,44,-7.530075671378544,7.701000785214081,0.12358435520898464,8.361129901934728,0.1261207717859283,0.8911419520955466,0.9971356442045323
0,45,-7.434950442154738,7.605875555990276,0.1205165701691277,8.199603612722122,0.0635791222147128,0.8935975313138478,0.9974677116688255
0,46,-6.960394941594754,7.131320055430292,0.1117111515271,7.97673015882015,0.11339898907463258,0.9016198683083297,0.9967500603763002
0,47,-5.704620820064486,5.9362529734434135,0.09117484983092221,6.707866751288425,0.19379505796726562,0.9193464046359566,0.997375498686047
0,48,-6.08349784328489,6.315129996663818,0.0951761347560161,7.19280409084885,-0.028847962823144186,0.9155237763010767,0.997064063784315
0,49,-6.994468268866843,7.1720721083417,0.10670665549666865,8.329084948854362,0.06281234945875688,0.9042791696156282,0.9961574437605873
0,50,-6.38478680838318,6.562390647858037,0.09503349283068943,7.888340008276833,0.2202843179179903,0.9136997999769217,0.9961563611365059
0,51,-7.232628959729108,7.410232799203965,0.10572440135914912,8.437562067607725,0.3788547269669439,0.9050574665310258,0.9967581427971718
0,52,nan,nan,nan,nan,nan,nan,nan
0,53,nan,nan,nan,nan,nan,nan,nan
0,54,nan,nan,nan,nan,nan,nan,nan
0,55,nan,nan,nan,nan,nan,nan,nan
0,56,nan,nan,nan,nan,nan,nan,nan
0,57,-5.127619979846315,5.400735629001024,0.06704041084978206,6.554617945352746,0.14388368363526766,0.9394433392299792,0.9976828199185105
0,58,-5.419224884767896,5.6923405339226045,0.06994746894941425,6.7511846579347115,0.15410602423047884,0.9371148853039262,0.9977920898567493
0,59,-5.396000346772171,5.669115995926879,0.06681558330697453,6.6534392075919575,0.6792031989931953,0.9381537816026938,0.99815923444502
0,60,-7.118762553713186,7.391878202867895,0.08530704856115084,8.939016598288662,0.6838654411754223,0.9200200536471514,0.9967458538663174
0,61,-7.517619878390211,7.517619878390211,0.08535539828433329,8.794603178170133,0.6752630819488503,0.9186498071082331,0.9977714592713062
0,62,-6.700206658280576,7.214729250886562,0.08129659576884092,8.556822972955564,0.32391491536869127,0.9272213460430972,0.9968855453297434
0,63,-7.348409443851595,7.86293203645758,0.08707543839408119,9.082029561701255,0.19263467350090369,0.922651161370418,0.9969984870711758
0,64,-7.2573849659291785,7.7719075585351645,0.0850690751136158,8.977445894037178,0.3693217001559209,0.9244457334252958,0.9971240572529911
0,65,-6.8020118080552345,7.3165344006612205,0.07882115716284183,8.41871261065512,0.553945162722985,0.9293190807273651,0.9975521847975124
0,66,-6.815508742070257,7.330031334676242,0.07808775547180083,8.455211239239448,0.5318555379833945,0.9301752531913229,0.9975581396869797
0,67,-7.76140014868073,7.761480532117162,0.0818375412415548,8.679841251900347,0.12322024892893278,0.9245505099544584,0.9984741678206341
0,68,-7.433664170343118,7.433744553779548,0.07789439054556867,8.587601541022844,0.007602138328413246,0.927584438692781,0.9981797752811087
0,69,-6.767369258130362,6.7674496415667935,0.07029557701392462,8.1479098919887,0.018345086866337627,0.933879554638606,0.9980129794202789
0,70,-6.424062785060821,6.424143168497253,0.06526917553275963,7.430372782159277,0.4262541051667827,0.9375364905643083,0.998735114538096
0,71,-7.489301733399426,7.4893821168358565,0.075443383544857,8.544572804964721,0.5094418132042885,0.9284838979399835,0.9985209911859586
0,72,-7.72792683274726,7.72792683274726,0.07763867894191182,8.69543738479074,0.5179084907337903,0.9267774303175478,0.9986187816303954
0,73,-7.529047508133491,7.529047508133491,0.07486709639408672,8.322690099929792,0.4750994260196025,0.9296728750175618,0.9989073890831235
0,74,-7.889588316934894,7.889588316934894,0.07807015361261861,8.481960760944096,0.3772892198142058,0.9275702985374613,0.9991351635503994
0,75,-7.5067011687198795,7.5067011687198795,0.0734673447474616,8.131024110727491,0.15464579043389443,0.9314312933905281,0.9991513137141514
0,76,-6.32920848771186,6.32920848771186,0.06152075031693083,6.782991665262829,0.26125395921354044,0.9418853733581319,0.9994851306136442
0,77,-7.1183800364636465,7.1183800364636465,0.06877336402259188,7.61343507386786,0.2693435123430776,0.9352829085007555,0.9993935418234382
0,78,-8.006209567427055,8.006209567427055,0.07716315617859981,8.478409002860664,0.26913934232836006,0.9278841338291058,0.9993708818835381
0,79,-8.722132632391592,8.722132632391592,0.08394661463719624,9.166824869958226,0.18650519271512514,0.922018006305888,0.999370282924098
1,0,-5.912437507053524,7.0575067633236594,0.209630219985617,9.099533088689622,-0.4568024488578652,0.8438314397888005,0.9699682047208747
1,1,-5.389036542801645,6.2679589326509495,0.17896784093211526,8.11445959446976,-0.10589782100923419,0.8628298730835451,0.978052204601688
1,2,nan,nan,nan,nan,nan,nan,nan
1,3,nan,nan,nan,nan,nan,nan,nan
1,4,nan,nan,nan,nan,nan,nan,nan
1,5,nan,nan,nan,nan,nan,nan,nan
1,6,nan,nan,nan,nan,nan,nan,nan
1,7,-5.889772637160695,7.277462656035896,0.16197651031276783,8.949888255200994,0.13512842032263733,0.8746919109658543,0.9829049623280476
1,8,nan,nan,nan,nan,nan,nan,nan
1,9,nan,nan,nan,nan,nan,nan,nan
1,10,nan,nan,nan,nan,nan,nan,nan
1,11,nan,nan,nan,nan,nan,nan,nan
1,12,nan,nan,nan,nan,nan,nan,nan
1,13,nan,nan,nan,nan,nan,nan,nan
1,14,nan,nan,nan,nan,nan,nan,nan
1,15,nan,nan,nan,nan,nan,nan,nan
1,16,nan,nan,nan,nan,nan,nan,nan
1,17,nan,nan,nan,nan,nan,nan,nan
1,18,nan,nan,nan,nan,nan,nan,nan
1,19,nan,nan,nan,nan,nan,nan,nan
1,20,nan,nan,nan,nan,nan,nan,nan
1,21,-5.744789988444784,6.192217639927219,0.10860763670594047,6.817462739127827,0.1827348941110132,0.9060150576188211,0.9965408938643071
1,22,-5.733239817307699,5.928861883839636,0.10357522420423564,6.6759101607536335,0.5433449197007808,0.9061245637096469,0.9970866530672927
1,23,-6.103592295221799,6.299214361753736,0.10962771235455289,7.113024398402171,0.6191403077250882,0.9005633683261982,0.9967702878421013
1,24,-6.106427047107084,6.808319800538016,0.11743131581844589,7.423467410569896,0.4624550629196781,0.9006285144743925,0.9956488241313008
1,25,-5.588178147939048,6.645510803811692,0.11596360668201915,7.611486081840697,0.20279699733087625,0.9066419856036897,0.9931595472945222
1,26,-5.151262999306479,6.208595655179127,0.10758289272790249,7.264934507546012,0.24059275105976258,0.9134800878009942,0.9933126452748081
1,27,-4.762340288441866,6.1313308525963315,0.1058562260221402,7.121641428776874,0.13188862734515577,0.9191000910695051,0.9928628909714353
1,28,-4.511013826890693,5.880004391045161,0.10156073395154287,6.785827880397073,0.07192226498325971,0.9233048771240063,0.9933914374265185
1,29,-4.45163784265029,5.9536566063696785,0.1043495626131689,7.074240990307603,-0.09480284412698918,0.9228110726106016,0.992035885477321
1,30,-5.545776853598617,6.6923557148762916,0.11604883644094408,7.765939507680504,0.0942728353327856,0.9065147575923332,0.9926025662196695
1,31,-6.225356523200177,7.371935384477853,0.12812042060891632,8.51402407966003,0.06352303351939856,0.8958527958057197,0.9916932356247802
1,32,-6.1447907805465185,6.979711733542374,0.12120348097369453,8.320846276660058,-0.10550477303793278,0.8984497169998856,0.9922081282026887
1,33,-5.594324424797637,6.816330789353045,0.1193665282179703,8.67649790535356,-0.18913827160161273,0.9028601458106882,0.9888965709873119
1,34,-5.885661292518771,6.272746704078323,0.10881199744707315,8.072051486192253,0.010782384001639446,0.902229768881386,0.992472321200588
1,35,-4.869408931982799,5.256494343542352,0.09084492986530789,6.8761549346811774,0.055027649047804564,0.9184258171152717,0.9940514081161377
1,36,-4.630038371886863,5.62560473124248,0.09726446854621082,7.016224210417529,-0.06456862591660424,0.9211883240646158,0.9929036509253094
1,37,-5.093439594157099,6.0890059535127135,0.10488598633745493,7.452508104414091,0.012358994902393353,0.9141144764682003,0.9925950021507551
1,38,-4.99000068507093,5.598481632866995,0.0957101459154515,6.596652468749995,-0.03016613611874902,0.9185413484643836,0.9953261904461898
1,39,-5.723785173899433,6.332266121695499,0.10730083845456971,7.2611954884149625,0.20323176009608715,0.9081186029315638,0.9952001362988485
1,40,-6.231498041096097,6.839978988892162,0.11470306275636705,7.607137350864025,0.3460102108269011,0.9018988161920504,0.9955987078674028
1,41,-6.369105493567721,6.369105493567721,0.1050901364952112,7.091350620913626,0.5647529184493212,0.902825228020495,0.9978566628833722
1,42,-7.110191351449104,7.110191351449104,0.11669372932633772,7.890166950511425,0.44747555134817696,0.8935040188966007,0.9974614754297506
1,43,-7.527618961513788,7.527618961513788,0.12241395569884472,8.154117257036637,0.07264477910303997,0.8899772127392142,0.9978489451411686
1,44,-6.527586096992371,7.032223897902064,0.11296742383745588,7.812425747931796,-0.05556355986225306,0.9039510045525896,0.9958560899620194
1,45,-6.979683347194302,7.484321148103995,0.11826830223584453,8.384241420199896,0.07325050935624434,0.8983356484124616,0.9954472731634203
1,46,-6.460904960415625,6.965542761325318,0.10848493020490664,8.122746767468497,0.038928475708762865,0.9068791068154612,0.9949668507056797
1,47,-5.462704507685289,6.028049348138373,0.09219541340895843,7.156293327494256,0.059355881766251437,0.9214812667706699,0.995625861787886
1,48,-5.3132177549739525,5.912040810996216,0.08881597901535347,7.209876080183116,-0.15313971400600745,0.9240397843085836,0.9953386388900445
1,49,nan,nan,nan,nan,nan,nan,nan
1,50,nan,nan,nan,nan,nan,nan,nan
1,51,nan,nan,nan,nan,nan,nan,nan
1,52,nan,nan,nan,nan,nan,nan,nan
1,53,nan,nan,nan,nan,nan,nan,nan
1,54,nan,nan,nan,nan,nan,nan,nan
1,55,nan,nan,nan,nan,nan,nan,nan
1,56,nan,nan,nan,nan,nan,nan,nan
1,57,-4.575445061687693,5.339110507023142,0.0658029937698352,6.468356232445235,0.09603460738531892,0.9458219244795627,0.9970787295209639
1,58,-4.816999542214692,5.58066498755014,0.06797904434842279,6.637756561373536,-0.0252458131319995,0.9438539604396622,0.9971649484305496
1,59,-4.781538434250359,5.545203879585806,0.0651787804549589,6.561775681869059,0.49047105216368864,0.944935898731425,0.9974726225481289
1,60,-6.096978349767128,6.860643795102576,0.07904459087508493,8.311666618455392,0.48426766874491867,0.9308944378699744,0.9963046937097331
1,61,-6.386105248320131,7.011270019369261,0.07942085563753964,8.152467082157866,0.45075346240895053,0.9301264921637624,0.9971129381064247
1,62,-6.7400609406674015,7.263026685882564,0.08139511911981938,8.744061591834928,0.37203900792773326,0.926969346923947,0.9966224434272138
1,63,-7.266160072023386,7.789125817238548,0.085764391107053,9.159744590256304,0.15912858274608538,0.9236421478387278,0.9967491958295341
1,64,-7.428177771425219,7.951143516640382,0.0867203664577055,9.202423179471559,0.296903556516449,0.9229623489432611,0.996983509597013
1,65,-6.844896741864306,7.367862487079469,0.0792265568113437,8.661829020443008,0.3844857219623584,0.9292674924646708,0.9971789460548507
1,66,-7.194496856817473,7.537511918554796,0.08014080173128933,8.776347480162116,0.43077853181322623,0.9272386319289408,0.9975375475201709
1,67,-7.614682124874985,7.614762508311417,0.07997138775351947,8.544976276021265,0.17735684351364378,0.9259382518140253,0.9985031734003
1,68,-7.4259661906605245,7.426046574096954,0.07745565444600565,8.583036633178574,0.05953973798390252,0.9277755535832078,0.9982015377342521
1,69,-7.354500849158394,7.354581232594826,0.0760009862036488,8.852638902340718,-0.0386206774615243,0.928495236668991,0.9977148288139555
1,70,-7.531659779881664,7.531740163318095,0.07657825298044477,8.749764331910002,0.22176202052003038,0.9275259732287737,0.998220186727297
1,71,-7.9421351153489965,8.280773937563524,0.08363581314809818,9.507671427982803,0.10397155313056158,0.924388296898396,0.9975503038272487
1,72,-7.966158297375208,8.304716736153305,0.08343273604525177,9.38752003911541,0.17786775732655127,0.9247198063074097,0.9978067193943502
1,73,-8.026698289265033,8.36525672804313,0.08329451751274185,9.295485149881737,0.1016865773320769,0.925182981189258,0.9980651987188066
1,74,-7.355382383047969,8.067881249053192,0.0796567898446605,8.73618028651016,-0.06629066071756187,0.9316172371721683,0.9980427293078242
1,75,-7.06245198193009,7.774950847935313,0.07606631849753684,8.463343183872773,-0.1953506329687248,0.9345910526741759,0.9981206763322501
1,76,-6.3043891198237585,6.678329547050884,0.06495180193286217,7.339707443216206,-0.053642956149695754,0.941559066854371,0.9987898192045964
1,77,-6.915765343096157,7.289705770323283,0.07052730040582789,7.895781064824595,-0.009734603959219367,0.9365014835220519,0.9987860403819869
1,78,-7.434903786256707,7.808844213483833,0.07528758564595145,8.353239245774299,-0.0018307958625916126,0.9322176264322635,0.9988120325867992
1,79,-8.533412325126134,8.533412325126134,0.08219107437554748,9.029175496974396,0.06163114048230422,0.9234934681614477,0.9993049621811688
2,0,-4.478186602105747,6.143530768604579,0.17669339203337292,7.830504425454639,-0.3075660128871312,0.8765295270160647,0.973982315185782
2,1,-4.401350479500355,5.800547779578357,0.1602002453114628,7.263407019024435,0.0605444035895897,0.8845689664926061,0.9803673827397247
2,2,nan,nan,nan,nan,nan,nan,nan
2,3,nan,nan,nan,nan,nan,nan,nan
2,4,nan,nan,nan,nan,nan,nan,nan
2,5,nan,nan,nan,nan,nan,nan,nan
2,6,nan,nan,nan,nan,nan,nan,nan
2,7,-5.271985299445305,6.640081157495526,0.14565185024725044,8.224182483388022,0.2871377753809986,0.886488724715867,0.985110049760599
2,8,nan,nan,nan,nan,nan,nan,nan
2,9,nan,nan,nan,nan,nan,nan,nan
2,10,nan,nan,nan,nan,nan,nan,nan
2,11,nan,nan,nan,nan,nan,nan,nan
2,12,nan,nan,nan,nan,nan,nan,nan
2,13,nan,nan,nan,nan,nan,nan,nan
2,14,nan,nan,nan,nan,nan,nan,nan
2,15,nan,nan,nan,nan,nan,nan,nan
2,16,nan,nan,nan,nan,nan,nan,nan
2,17,nan,nan,nan,nan,nan,nan,nan
2,18,nan,nan,nan,nan,nan,nan,nan
2,19,nan,nan,nan,nan,nan,nan,nan
2,20,nan,nan,nan,nan,nan,nan,nan
2,21,-5.819166070813273,6.338278173884749,0.11015600218189255,7.0297203991357025,0.17087650925453493,0.9055878631059753,0.9960508073678169
2,22,-6.151124842024488,6.4184313601454654,0.11110596127334395,7.198453725694845,0.36765006684573165,0.9011045013326505,0.9965433533249786
2,23,-6.2494897749805265,6.516796293101503,0.11231173857976612,7.34986564351002,0.46435700339116365,0.8997253073015924,0.9963702177397492
2,24,-6.617113858961461,6.968060235676927,0.11924549013913534,7.6310288700380315,0.5301778287908628,0.8949825025046421,0.9966146296861589
2,25,-5.323958452770588,6.277562088155271,0.108177871916046,7.192751602361526,0.17946756704074432,0.912049164043365,0.9941019933926736
2,26,-4.944839175279213,5.898442810663895,0.10113724686207684,6.875983464484288,0.21724468645140524,0.9177104321354207,0.9942552131354072
2,27,-4.699810718137193,5.9650722618036935,0.1019158382788413,7.090719050783121,0.17735203123531332,0.9201681261705843,0.992962079328038
2,28,-4.920048579764122,6.1853101234306225,0.10600065116652475,7.3966638448819655,0.04613307931263188,0.916550094914942,0.9923840395565184
2,29,-4.351154414487331,6.461532683904732,0.11198579771347018,7.847844067490167,-0.21137130349311833,0.9220789142806337,0.9889462681070845
2,30,-5.525640101657825,7.033361112406012,0.12148856007242466,8.293174737894905,-0.05563408499752087,0.9056145442769055,0.9904472633870727
2,31,-5.885987312810207,7.393708323558393,0.12788480341192016,8.670936174262105,-0.07981612879277311,0.9001360931562806,0.9899546102957454
2,32,-5.467040099428329,6.663103201894694,0.1151844974259484,7.998706243539574,-0.16156237785155464,0.9083135126231836,0.9914294406016441
2,33,-4.926907773452863,6.318128731035464,0.10979458607430709,7.982619796204263,-0.17900445150335936,0.914611863990817,0.9899237689633433
2,34,-5.460749021352553,5.655906876468787,0.09744964524428329,7.172182781529035,0.07880569187878965,0.9109651235203654,0.9946205586353654
2,35,-4.937911337964941,5.133069193081177,0.08832887067835422,6.584068952633609,0.15833275551122875,0.9187023096794984,0.9952324093331796
2,36,-4.498698721929944,5.5525984442666925,0.09525841090876933,6.9117557298704115,-0.03626885594363587,0.9237390420254795,0.9930187445150158
2,37,-4.70284504576706,5.7567447681038075,0.09875313664374331,7.166627215330059,-0.04604743182378176,0.9202014624371629,0.9926279439705995
2,38,-4.520763258591168,5.379505125811679,0.0914539651949217,6.416018802271626,-0.010717776887798939,0.9250237673613099,0.9947916979383886
2,39,-5.173431059750238,6.032172926970751,0.1019527789817754,7.035049965508384,0.14115405320244243,0.9153471039509721,0.9944749651483364
2,40,-5.424177103436575,6.282918970657088,0.10517911352084751,7.129855925306239,0.16718551116120917,0.9132438678254542,0.9949183763413294
2,41,-6.194660735645723,6.194660735645723,0.10252700593646123,6.9543657472712015,0.43753273969684653,0.9054081169150597,0.9977240722264071
2,42,-6.801750042912772,6.801750042912772,0.11191281388754794,7.571225150760462,0.2503448539759085,0.8982278132564213,0.9974918018107053
2,43,-6.781328463072578,6.781328463072578,0.11051884995182357,7.5383314957887055,0.05687271765687492,0.9001804463350572,0.9975105212325402
2,44,-5.467431332470653,5.972069133380346,0.09607055886166245,6.974622857505544,-0.12428332812883992,0.9186018444614472,0.9956949043767268
2,45,-5.832727852951705,6.532170508093568,0.1032798980766108,7.707315486637722,-0.03108297121174934,0.9131061716095957,0.9945274209608166
2,46,-5.490157982224096,6.189600637365957,0.09595076316381355,7.572275391216164,0.0629800640005935,0.9188516176527234,0.9943662941934074
2,47,-4.555520011934572,5.315669706619824,0.0808975078605115,6.729746443820863,0.0760985689752773,0.9327129767728305,0.9950067258774848
2,48,-4.551350494876149,5.344978405130581,0.07992400582907151,6.845716079065573,-0.027251937470231514,0.9331598838677382,0.9948814078150225
2,49,nan,nan,nan,nan,nan,nan,nan
2,50,nan,nan,nan,nan,nan,nan,nan
2,51,nan,nan,nan,nan,nan,nan,nan
2,52,nan,nan,nan,nan,nan,nan,nan
2,53,nan,nan,nan,nan,nan,nan,nan
2,54,nan,nan,nan,nan,nan,nan,nan
2,55,nan,nan,nan,nan,nan,nan,nan
2,56,nan,nan,nan,nan,nan,nan,nan
2,57,-4.91690330647509,6.0408383697142245,0.07386615238533492,7.251103007243468,0.20511751376636517,0.9410926117745718,0.996170778238374
2,58,-5.645284396971043,6.408949842306491,0.07748696123904572,7.5323602266082075,0.016456904503335937,0.934638018594825,0.9967324516858739
2,59,-5.344505983831023,6.359864988414047,0.07489621886884296,7.4794939336422415,0.2618929139917079,0.938879484827979,0.9965854146427827
2,60,-6.277297229528261,7.292656234111286,0.08434400225456244,8.609311180425852,0.26985171341193137,0.9293832458108128,0.9959335214875232
2,61,-6.566803222465559,7.443661552762266,0.08414746216168513,8.519578315693147,0.42436277693655333,0.9281731658311932,0.9967117612330477
2,62,-6.83390654371122,7.582051147824726,0.08479461587581565,9.048964055002559,0.3333211648610332,0.9260124469446241,0.9961831983988129
2,63,-6.965952398812494,7.7140970029260005,0.08465506049893069,9.158235074290555,0.13964645989719196,0.926530423522793,0.9963097758108818
2,64,-7.647292958717014,8.143744003582945,0.08859280663406716,9.379779681566434,0.2513489689871654,0.9214192473025884,0.996990967516573
2,65,-7.2065862468309,7.70303729169683,0.08208222902533562,9.09009059896666,0.42340307712689923,0.9262639398085772,0.9970039720371795
2,66,-6.788181706995749,7.325735083559848,0.07708999330654845,8.62848773786234,0.42063778265006846,0.9313415365268224,0.9972558878443379
2,67,-7.397523609609355,7.618657008221794,0.07923384986312704,8.607688932648939,0.22664735658521853,0.9278573342202595,0.9981379847026386
2,68,-7.398340773971279,7.619474172583718,0.0787925158364918,8.806491809111352,0.10706034295380144,0.9279921328770419,0.9978428291394548
2,69,-7.152692864189269,7.393197247622588,0.07576205359288025,9.001792118631318,-0.08622283886217763,0.9304058770978815,0.9972340908151359
2,70,-7.089837003748764,7.330341387182084,0.07440975262524667,8.770537132136422,-0.09942711793637782,0.9316104979481693,0.9975720741103544
2,71,-7.4165804577830885,7.774590264818499,0.07861615197574084,9.353030165408244,-0.11928587923143218,0.9293097739137439,0.9970467695878173
2,72,-7.275077484445278,7.633006908044256,0.07666750774734156,9.068038314991291,-0.06760148086417898,0.9310629605980961,0.9973596635818233
2,73,-7.518099044600806,7.876028468199784,0.07844882007931647,9.101940487344173,-0.16628834479118026,0.9297125270671894,0.9976606305127508
2,74,-6.817455901777146,7.5299547677823675,0.07440061170267556,8.47344922562574,-0.22839603737217604,0.9362571178230435,0.9977578050026101
2,75,-6.6107739152267735,7.323272781231995,0.07183689756992634,8.2764779725744,-0.25495309907225955,0.9383176287459385,0.9978384755099732
2,76,-6.279538877838531,6.653479305065657,0.0648157467068446,7.418878180791351,-0.0570292657322789,0.9416259626858624,0.9986592148314751
2,77,-6.902220876583417,7.276161303810543,0.07045970318107982,8.001521259323756,0.021886933060645694,0.9364347194340841,0.998629971470488
2,78,-7.312868919095148,7.686809346322274,0.07408960792469167,8.399695800456495,0.033053497100599925,0.9330623633465802,0.9986026849618428
2,79,-8.601946710950067,8.601946710950067,0.08281893314007896,9.201060027261706,0.19425362254241324,0.9227716746942669,0.9991552930848078
3,0,-2.7244981543180313,4.751408173817204,0.13100136233393658,6.064770151608543,0.09981694160022357,0.9182357265862873,0.9813644216842778
3,1,-3.3123391840367775,4.939357746130124,0.1312442206117079,6.089401596931439,0.361551251583798,0.9088172894133414,0.9849349196641183
3,2,nan,nan,nan,nan,nan,nan,nan
3,3,nan,nan,nan,nan,nan,nan,nan
3,4,nan,nan,nan,nan,nan,nan,nan
3,5,nan,nan,nan,nan,nan,nan,nan
3,6,nan,nan,nan,nan,nan,nan,nan
3,7,-3.964049280961734,5.68125491220639,0.12176617594377719,6.8647460181247935,0.49035708773353814,0.9112024448479368,0.9882063523299252
3,8,nan,nan,nan,nan,nan,nan,nan
3,9,nan,nan,nan,nan,nan,nan,nan
3,10,nan,nan,nan,nan,nan,nan,nan
3,11,nan,nan,nan,nan,nan,nan,nan
3,12,nan,nan,nan,nan,nan,nan,nan
3,13,nan,nan,nan,nan,nan,nan,nan
3,14,nan,nan,nan,nan,nan,nan,nan
3,15,nan,nan,nan,nan,nan,nan,nan
3,16,-4.485725382760665,5.908214482303611,0.10537428114550706,6.506511087278278,0.2639282606804902,0.9221055238068983,0.9939369428016609
3,17,-4.918487238369445,5.801456570949261,0.1021860806999743,6.375370555057703,0.23407201276221373,0.9176307836478199,0.9956238495466799
3,18,-5.117382158200738,5.848937497360473,0.10204593730027384,6.426307143961086,0.29110452568729467,0.9153233973976149,0.9960944077190971
3,19,-4.821182405933972,5.658673118585697,0.0978079756741528,6.306411823356241,0.012638783861067232,0.920569684647926,0.9957360704743983
3,20,-5.014776685711623,5.852267398363347,0.1014098586154012,6.651753930440055,0.018272629344963858,0.9169372853453626,0.9950912316107924
3,21,-4.738169372496149,5.4400382240190535,0.09416366484725117,6.3152495948243335,-0.04463993580810662,0.9216159078971298,0.9954574514661041
3,22,-5.660457833226401,6.110521099798806,0.10576640687965196,6.977865893801926,-0.07532234316717117,0.9085068420014175,0.9957435977580553
3,23,-5.724153410002646,6.1742166765750515,0.10633596680995573,7.168670732442159,0.07616584227601253,0.9076764984350418,0.9953218277451342
3,24,-6.304438192924354,6.5339504595134175,0.11183213735105271,7.413997004857718,0.31324139285780406,0.8999355493925988,0.9963290139907547
3,25,-4.986185678787429,5.818355204045709,0.09934671172066803,6.8305877743142025,0.05093300545042397,0.9179046551709964,0.9945538930786023
3,26,-5.2762590684332755,5.87891632710249,0.1002382842152888,6.897966363460733,0.15580471269046586,0.9138801777744605,0.9951332095753416
3,27,-4.671738810834277,5.586053977785311,0.09444846335269624,6.803289257962506,0.2864262464011875,0.9214243478652899,0.9940227329432898
3,28,-5.28621684160381,6.200532008554846,0.10560770345976676,7.416105908198148,0.09256291946307336,0.9119409055839847,0.9934002501551247
3,29,-4.5652341703952946,6.507712535656967,0.11197586550378089,7.86477969812985,-0.2715009677077269,0.9195797307094821,0.9895446646780415
3,30,-5.167368529834481,6.725086457331239,0.11604412705920289,7.94655812316147,-0.18613883817420143,0.9115965016737069,0.9907851171657214
3,31,-5.032759864031589,6.590477791528347,0.11375998305871125,7.825297302383856,-0.19693981938346067,0.9138531344430187,0.9908872423751139
3,32,-4.946720571530208,6.192780590745147,0.10732121357993274,7.33147217505944,-0.24312972372540792,0.9170090677437662,0.9924362667364518
3,33,-4.2103703323130715,5.84651708478302,0.10138385713618993,7.230478527027677,-0.31057708651194543,0.9269065674839181,0.990962114121139
3,34,-4.535858421392881,5.143841975552192,0.08840628860747389,6.3395629180435655,-0.0317610578822858,0.9251861916188796,0.9949642464687016
3,35,-5.0359068733134995,5.425993606568511,0.09376730362288631,6.7671035843803296,-0.031227155729612988,0.9173936580670529,0.9947697543058001
3,36,-4.683581329741355,5.9324099302168785,0.101653840088324,7.263838677552393,-0.11214371523549062,0.9210293371162595,0.9922176494675904
3,37,-4.623544453745456,5.872373054220978,0.1001029534667826,7.30471200359861,-0.06560197122291721,0.9214914788520747,0.9920050200962258
3,38,-4.524480946260524,5.383222813481035,0.09102405503558784,6.509498910599546,0.07971757007636404,0.9250293934242683,0.9945736404800768
3,39,-5.4174339733410015,6.276175840561512,0.10588651613092559,7.325335009172757,0.10937821111388019,0.9119367011367207,0.9941545924725081
3,40,-5.137510155872771,5.996252023093284,0.09991805681903987,6.8986204203237484,0.07627236269098071,0.9176906984453489,0.9949800067612646
3,41,-6.261962578499851,6.261962578499851,0.10358753131711296,7.125598392922428,0.38662982001311696,0.9043333789063656,0.9973729940364933
3,42,-6.323661794998049,6.392538090561959,0.10539271974291226,7.308193066930922,0.079366956518841,0.9044618371386476,0.9968964432229056
3,43,-6.186022752056306,6.254899047620215,0.10218706199906785,7.173805949637942,0.018029043350351937,0.9078160776527426,0.9969441430145889
3,44,-4.65893887854894,5.232452975022543,0.08388896431986628,6.273782175656296,0.03418382867515145,0.9298477909500827,0.9959400647050028
3,45,-5.3430146468921835,6.111333597597957,0.09570382279024109,7.413315872442872,0.19964935856672486,0.9196259158108414,0.9944060358902612
3,46,-4.792650748161669,5.5609696988674395,0.08521970513286302,7.035335212117316,0.27209587043112404,0.9279720281684714,0.9945780000116156
3,47,-4.1125342151417765,4.872683909827029,0.07336726890214183,6.401376653280173,0.20949355342240789,0.9387279188315971,0.9951732488804622
3,48,-3.9301035438827903,4.723731454137223,0.07002288857228088,6.339558898377413,0.04946318356630763,0.9415564929238217,0.9951772722318953
3,49,nan,nan,nan,nan,nan,nan,nan
3,50,nan,nan,nan,nan,nan,nan,nan
3,51,nan,nan,nan,nan,nan,nan,nan
3,52,nan,nan,nan,nan,nan,nan,nan
3,53,nan,nan,nan,nan,nan,nan,nan
3,54,nan,nan,nan,nan,nan,nan,nan
3,55,nan,nan,nan,nan,nan,nan,nan
3,56,nan,nan,nan,nan,nan,nan,nan
3,57,-5.044943489921563,6.202625891688583,0.07540048138959747,7.372723948231903,0.3024859228277848,0.9398577547726271,0.9961646025966255
3,58,-5.60799316981577,6.4054059536791055,0.07682417451339424,7.547726674903516,-0.0004297596027355008,0.9352732189570478,0.9967090685295134
3,59,-5.582341118571968,6.5977001231549925,0.07758232806416672,7.615654056942122,0.19432084413747058,0.9367662285058016,0.9966700926359178
3,60,-6.2887131517429795,7.304072156326003,0.08440766253815316,8.449185904816773,0.21390396877747048,0.9298097202779334,0.9962663336887534
3,61,-6.918234110329947,7.795092440626654,0.08795234325212054,8.692037941741647,0.4225806553283244,0.9250848769124508,0.9969396479477196
3,62,-6.814225244325554,7.830850953008809,0.08736254940971032,9.140409195398163,0.2973120139416493,0.9262361185075694,0.9959711154454061
3,63,-6.798570154152194,7.8151958628354485,0.08564471259031413,9.111976901354753,0.05170043701854683,0.9282228388852987,0.9961419067803303
3,64,-8.027154896252092,8.79208704568777,0.0953519632240537,9.987185753802292,0.18873411782317984,0.9176011127479736,0.9964480307290414
3,65,-7.40777530187048,8.17270745130616,0.08670520911741987,9.535295254985984,0.35808353201850457,0.9243544942361239,0.9965230434440443
3,66,-6.298898651549618,7.455418394293417,0.07783800909523056,8.781123527237742,0.3243476480841193,0.9355633238428556,0.9963927828098362
3,67,-6.613921199379993,7.534309684951062,0.07775969437352911,8.652668546794352,0.05925820267725746,0.9344221746479958,0.9970315436643807
3,68,-6.772552110491608,7.6929405960626775,0.07892289840402432,8.990518548642461,-0.08593160648869416,0.9332556593631235,0.9967245061191637
3,69,-5.948173876279522,6.954504614554485,0.0705585093225294,8.539920649310385,-0.3139716839543503,0.9412193235087147,0.9965334163499014
3,70,-5.946892172603396,6.95322291087836,0.07023611538518208,8.568774881008855,-0.40207976826151226,0.9416931123834342,0.9965228546006583
3,71,-6.426612057861823,7.199962958128922,0.07270689867039311,9.01412446205283,-0.37891099292006747,0.9379143174266292,0.9963637985640973
3,72,-6.262878655046784,6.956637090350914,0.06977754473551637,8.649487135690054,-0.38044387736682306,0.9398849825852404,0.9967871681960772
3,73,-7.029376794717564,7.723135230021696,0.07674843988905561,9.301412319678985,-0.27681495942015044,0.9333319294328671,0.9967468795676805
3,74,-6.565840763906554,7.547597373733918,0.07442503356911435,8.785458551221106,-0.18321782517208463,0.9377002333795637,0.997030640943842
3,75,-6.695035818953628,7.676792428780992,0.07515737352085973,8.809762528420979,0.025008369900029016,0.936889185390887,0.9971937544513653
3,76,-6.768180812777584,7.411378983826851,0.07189528589657025,8.347001352796086,0.2564544571744365,0.9368129892584888,0.9980135153978016
3,77,-8.169633094272667,8.543573521499793,0.08271102603825754,9.522864549261774,0.11175110203391767,0.9253524298023129,0.998047408228461
3,78,-8.406842530099036,8.780782957326162,0.08487164234762985,9.816933827604995,-0.04757647662310143,0.9234825536898054,0.9979153137478902
3,79,-9.923441709216954,9.923441709216954,0.09597468447495752,10.907993186403502,-0.12825576538610045,0.9114882990828287,0.9983643054800222
4,0,-2.1607890751236387,4.187699094622811,0.11203176390827961,5.0389749443824785,0.3770497266653812,0.9330987278324131,0.9867072716996377
4,1,-2.722388895067228,4.349407457160574,0.1134375890201112,5.236572136513486,0.5301989775861167,0.923105582784381,0.988332871333883
4,2,nan,nan,nan,nan,nan,nan,nan
4,3,nan,nan,nan,nan,nan,nan,nan
4,4,nan,nan,nan,nan,nan,nan,nan
4,5,nan,nan,nan,nan,nan,nan,nan
4,6,nan,nan,nan,nan,nan,nan,nan
4,7,-4.364678248534295,6.190496053526286,0.13260307559027643,7.235903726412402,0.495233825693086,0.9031674827469718,0.9876595440583141
4,8,nan,nan,nan,nan,nan,nan,nan
4,9,nan,nan,nan,nan,nan,nan,nan
4,10,nan,nan,nan,nan,nan,nan,nan
4,11,nan,nan,nan,nan,nan,nan,nan
4,12,nan,nan,nan,nan,nan,nan,nan
4,13,nan,nan,nan,nan,nan,nan,nan
4,14,nan,nan,nan,nan,nan,nan,nan
4,15,nan,nan,nan,nan,nan,nan,nan
4,16,-5.405416695400529,6.310919119643262,0.1125386966542461,6.884045079464122,0.40985622819056583,0.9092025214873363,0.995193772664859
4,17,-5.785680496410715,6.037486081361213,0.10599858600866384,6.624446219294899,0.3062843766485737,0.9068442720436246,0.9972511874627997
4,18,-6.18970267892518,6.441508263875678,0.11198679395616783,7.006239498295556,0.26809018445250293,0.9014572107679648,0.9972674397010405
4,19,-5.999776116689674,6.472132701623515,0.11200303418325923,7.33163457483858,-0.3089048576140988,0.9039757166854369,0.9954973235335496
4,20,-5.9384826264217825,6.531001123680329,0.11306360974590202,7.485918655207339,-0.2805012699301812,0.9041658983916137,0.9947522545635338
4,21,-4.995849979578814,5.817880743426424,0.1004195311724949,6.902653069150165,-0.2700930946746157,0.9172349264613341,0.9941938772136343
4,22,-6.151885069903766,6.7221102488008775,0.11653599523051847,7.7425976790416895,-0.2858389182228998,0.9007937624413063,0.9944184475208949
4,23,-5.76789822832717,6.3381234072242805,0.10895930274081646,7.481478088922683,-0.034301722959638535,0.9066104238005916,0.9943467268646435
4,24,-5.9294746267133975,6.279148805627167,0.10677069767268253,7.197099250746263,0.2794554713059701,0.9053207025428563,0.9960019379246191
4,25,-4.670915040464178,5.545562415064906,0.09399841520313476,6.592050938642362,0.05703953800782015,0.9227525047096119,0.9946358306903164
4,26,-4.870729716529774,5.801374333658298,0.09839432350153553,6.876062103256,0.02903654880611167,0.9194177210083935,0.9942085516663086
4,27,-4.57618199120719,5.506826608335714,0.09206879633565453,6.706077038677143,0.24573095090242023,0.923662604956334,0.9942319582537511
4,28,-5.6013159046487875,6.531960521777311,0.11118937720573699,7.821645007647216,-0.08577727673311562,0.9078609591108873,0.9927829551279751
4,29,-4.457499595185639,6.697831444219232,0.11499259265099201,8.155793197906863,-0.18547200619338428,0.9202864521734417,0.9882401844549468
4,30,-5.1010609912549345,6.914154553181164,0.11931602858080728,8.220523049097672,-0.10874372081253404,0.9116064251552227,0.9895570218911174
4,31,-5.511494517100098,7.039078569909469,0.12165762674298657,8.305995870961842,-0.09768525391196697,0.9065492716452268,0.9903542305298335
4,32,-4.992567178227416,6.520151231036786,0.11328626615503565,7.758119052595547,-0.19440818490737888,0.9149587663746459,0.9909658438812388
4,33,-4.096719089895307,6.01438987595969,0.10424388497693546,7.46621803654326,-0.22734908659414504,0.9274421697723221,0.9898826813323317
4,34,nan,nan,nan,nan,nan,nan,nan
4,35,nan,nan,nan,nan,nan,nan,nan
4,36,nan,nan,nan,nan,nan,nan,nan
4,37,nan,nan,nan,nan,nan,nan,nan
4,38,nan,nan,nan,nan,nan,nan,nan
4,39,-6.067327539956036,6.926069407176548,0.11708971229213783,7.674427848973591,0.08996027394320477,0.9035571791426366,0.994724719597809
4,40,-5.459191310911447,6.317933178131959,0.105230090054966,7.081484894271351,-0.00456202620922095,0.9138696524306807,0.9952028015632315
4,41,-6.0237935636781,6.131589471647858,0.10122699599075662,6.905345878538412,0.1840046576761978,0.9085080505119514,0.9973348583692295
4,42,-5.381856476451658,6.151840291634439,0.1008655146460862,7.086787976596072,-0.21282663316103906,0.9167864130370836,0.9950328053425201
4,43,-5.057709010445851,5.827692825628633,0.09448194043802388,6.835576119889124,-0.19724912870512457,0.9224659553287087,0.9951504544111399
4,44,-3.526159903568323,4.800781519660799,0.07611846410871748,5.886066545745173,-0.009819167019254353,0.9449982447878343,0.9949784984105178
4,45,-4.141081522610059,5.6105079929347035,0.08700957605997395,7.001353989081729,0.17145986701741434,0.9349366493135732,0.9932538155436619
4,46,-4.5524754514375685,5.914106013792455,0.09016723515433761,7.364428235405614,0.20049463340268708,0.9297975489106869,0.9932251344101083
4,47,-4.607485805836805,5.306928460978668,0.07966669463807578,6.753579252210353,0.13084219099708358,0.9319958204802393,0.9951887302345785
4,48,-4.542003065934161,5.2749239366452025,0.078100066775778,6.730583691256278,0.10741349024856983,0.9336094601285895,0.9952675246893193
4,49,nan,nan,nan,nan,nan,nan,nan
4,50,nan,nan,nan,nan,nan,nan,nan
4,51,nan,nan,nan,nan,nan,nan,nan
4,52,nan,nan,nan,nan,nan,nan,nan
4,53,nan,nan,nan,nan,nan,nan,nan
4,54,-7.012929008152518,7.40694596458409,0.09733636551906293,8.840254848091424,-0.023734199103980207,0.9148201242304447,0.9956675919053674
4,55,-6.3414894936838975,6.7355064501154684,0.08669067766297335,8.096986967235045,0.27723437432032266,0.9237839224801345,0.9963345165605343
4,56,-5.611813946621967,6.324282260817695,0.07924319335691536,7.827326388909685,0.1929665431770269,0.9325154991218443,0.9958923136458107
4,57,-4.350859921738792,5.805131798451096,0.07029353828791797,6.786440209775345,0.22100282426619489,0.9482041991223346,0.9963586931873737
4,58,-4.803804565994326,5.897806824802944,0.07055018018163076,6.880916664604192,-0.03820791532355008,0.9443995689487263,0.9968195974492526
4,59,-4.581703308238448,5.893651787766756,0.06903276308577327,6.806247348027987,0.13602851185186435,0.9475700321528535,0.9968177539482785
4,60,-5.603338126379392,6.915286605907702,0.07932708934556923,8.13266789212558,0.33351119119334577,0.9364196592563101,0.9959426907867179
4,61,-6.567828694450104,7.741276499692094,0.08680465874364536,8.875463706981398,0.4018575117502229,0.9277697445568837,0.9960983428242163
4,62,-6.967172262844001,7.983797971527256,0.08884862788422089,9.507131495089167,0.32027738807585165,0.9244599437024846,0.9955068520589928
4,63,-6.739639370282528,7.756265078965782,0.08492393271979093,9.382350143193136,0.05854676333947247,0.9284703609216204,0.9955549630463645
4,64,-7.981507121636394,8.746439271072072,0.09458070731352265,10.223227435042869,0.11524780607500959,0.9180232154205984,0.9959221804821748
4,65,-7.441125834518419,8.206057983954098,0.08671655730228571,9.723504444737502,0.3319325180159593,0.9241619175018952,0.9962562740074926
4,66,-5.35304962275621,7.143315049039816,0.07399300653718202,8.566537846803653,0.16879284734211666,0.9440775529763613,0.9956712794807295
4,67,-5.804511892370383,7.358646061481256,0.07544475667931924,8.523409181585976,-0.09173879651649446,0.9414159640427647,0.9962959091409093
4,68,-5.849650893348794,7.403785062459667,0.07546078684333046,8.570085833039581,-0.27463922881129904,0.9415224883276856,0.9963255514616717
4,69,-5.4482579907004105,7.088334412515178,0.07151676901116152,8.66739448008912,-0.37072466708256246,0.945236182718642,0.9958355697340409
4,70,-5.034963969847186,6.675040391661953,0.0669738023976233,8.234733910790942,-0.23949214842003655,0.9495010300249391,0.9961367747452629
4,71,-5.497167079736904,7.006234674740332,0.07012203403404435,8.794530648033717,-0.3481841502720522,0.9457925231182878,0.9957457499706086
4,72,-5.402666876056869,6.83214200609733,0.06782453945140694,8.477099313385187,-0.2951984577946223,0.9471039103012276,0.9961954352812393
4,73,-6.764018058901224,8.193493188941686,0.08073668698567203,9.786620352186684,-0.3138379671337003,0.9350441043497659,0.9956985537912826
4,74,-5.940889850430662,7.6583631549943565,0.07468475100703316,8.829612265296035,-0.20893577624395412,0.9427691575537702,0.9963517050881313
4,75,-5.873548781961638,7.5910220865253315,0.07366205269520996,8.817872136140478,-0.08122093980931623,0.9434291885136009,0.9963421203700056
4,76,-6.6702270363823235,7.3134252074315915,0.07052984885882423,8.365008738536115,0.20047325698376234,0.9377714728645138,0.9979061566761663
4,77,-8.005650024947322,8.379590452174448,0.08080939757961218,9.500939738851892,-0.04222300674093715,0.926770892744706,0.997881961196177
4,78,-8.044088153207287,8.418028580434413,0.08120215668238803,9.574745809365892,-0.12146820795367705,0.9264658385474793,0.9978148070237072
4,79,-9.582456251888887,9.582456251888887,0.0926902423463495,10.710512495410656,-0.04656509147685476,0.9139906495386224,0.9981761212089532
5,0,-1.802908530282185,3.7958597193097385,0.10145584365414903,4.422801908651729,0.4562473978061443,0.9440368339833037,0.9893826792180191
5,1,-2.0496546063441805,3.7456574671843192,0.0975817973672119,4.377702165038407,0.5770633885787709,0.9412085752137368,0.9909928688762307
5,2,nan,nan,nan,nan,nan,nan,nan
5,3,nan,nan,nan,nan,nan,nan,nan
5,4,nan,nan,nan,nan,nan,nan,nan
5,5,nan,nan,nan,nan,nan,nan,nan
5,6,nan,nan,nan,nan,nan,nan,nan
5,7,-5.307502655072984,6.0935593908312065,0.12990930782887672,7.1658505463180875,0.4261282665956406,0.8917489856424617,0.9915297808794977
5,8,-5.859920324389416,6.454098064478415,0.13385818150111914,7.729345222528694,0.2894237699874217,0.8854219701631331,0.9912971834916253
5,9,-5.165143355227816,6.205159329097999,0.1258403161009764,7.4706847980200495,0.20798217566481644,0.8971155098491554,0.9901588248486293
5,10,nan,nan,nan,nan,nan,nan,nan
5,11,nan,nan,nan,nan,nan,nan,nan
5,12,nan,nan,nan,nan,nan,nan,nan
5,13,nan,nan,nan,nan,nan,nan,nan
5,14,nan,nan,nan,nan,nan,nan,nan
5,15,-6.066710714305252,6.831948367696473,0.122516551388108,7.976015226182269,0.2269796148342655,0.8973108920776114,0.99298266430011
5,16,-5.648445308959222,6.413682962350443,0.11408096563303123,7.246644119554556,0.248927707860665,0.905784804740003,0.9945929791285264
5,17,-5.495992030113146,5.989787102826594,0.10508352264925508,6.888913571272219,0.0757948971602843,0.9096785464894588,0.9955300519432455
5,18,-6.109490300480006,6.361295885430504,0.11046837414679239,7.220977292564829,-0.018196653320183356,0.9022078652741023,0.9962578552532081
5,19,-5.395938646421386,5.94559859557683,0.10289239941234869,7.192679221839548,-0.2412784089853624,0.9117396874637524,0.9942558428148225
5,20,-4.505483680208238,5.240801022095061,0.09027220149439097,6.543995279226878,-0.15474344295103673,0.9244512273046969,0.9942249444434034
5,21,-4.170202397070403,5.13503200554629,0.08834462023515703,6.399429607117757,-0.2380857414319469,0.9293140047068563,0.9939129305755375
5,22,-5.2893325976467285,6.002356621172116,0.10350800148451823,7.214904156695205,-0.25536142358427705,0.9132952669406051,0.9938968272746047
5,23,-4.952257287808979,5.6652813113343665,0.09720753027266454,6.941449834276183,-0.19194069445168035,0.9184125350843358,0.9940285000617676
5,24,-5.44867311717757,5.863842776498013,0.09987888135087893,6.839576349524614,0.16950501354058942,0.9121771111937349,0.9958060495366101
5,25,-4.861665266994906,5.736312641595633,0.097485352527198,6.629105378036549,-0.03511491361720248,0.9203487120835137,0.9949445381379745
5,26,-5.158809837583339,6.089454454711863,0.10365641915829878,6.954476999422056,-0.03577140445093325,0.9156677798951831,0.994629411209445
5,27,-5.236324711231837,6.16696932836036,0.10431068400995375,7.138079217112432,0.08153549515233052,0.9142709614079719,0.9943032114238702
5,28,-6.34691303153267,7.277557648661193,0.12438916146791745,8.2783209103663,-0.09098066199012314,0.8976832428523243,0.9932048683410185
5,29,-4.968917562966312,7.209249411999907,0.12348119149419517,8.219782048153764,-0.16135250958773578,0.913623624904984,0.9893268819515679
5,30,-5.5996580914015475,7.412751653327778,0.12740215188714685,8.394714886134956,-0.06133066343427108,0.9051952584313027,0.9903520750038424
5,31,-5.720357856066149,7.24794190887552,0.12426350698554046,8.30363149444798,-0.0540213702688121,0.9044242616116867,0.9911328379591425
5,32,-4.676497670290376,6.6718309229385,0.1144654058116258,7.687588973829342,-0.22601903283208538,0.9196512813691611,0.9905641412267027
5,33,-3.9961660965797727,6.3783557838099885,0.10900466171036588,7.4718879727223,-0.22849207302330943,0.9292896716507818,0.9898315852022224
5,34,nan,nan,nan,nan,nan,nan,nan
5,35,nan,nan,nan,nan,nan,nan,nan
5,36,nan,nan,nan,nan,nan,nan,nan
5,37,nan,nan,nan,nan,nan,nan,nan
5,38,nan,nan,nan,nan,nan,nan,nan
5,39,-6.771777323204852,7.078493317401643,0.12048540071162504,8.066503067054708,-0.005573582438477054,0.8943841686072241,0.9953835703052349
5,40,-5.662850747487185,5.969566741683976,0.09979036561200237,6.997254929380129,-0.11957763300549248,0.911854093419173,0.9959600314739325
5,41,-5.786952645487059,5.951203628229162,0.0983263635496831,6.9667900606505215,0.1031066796576271,0.910890462667735,0.9965044335728653
5,42,-4.652632000080056,5.4600732698184355,0.08944478396749929,6.648937829107951,-0.21263123065884407,0.9265511507716585,0.9946920508152035
5,43,-4.263532455762982,5.070973725501362,0.0817698262508314,6.200584515688979,-0.08753457953153758,0.9333772471292252,0.9953449080989645
5,44,-3.4164425038531157,4.557596460665651,0.07164182726780315,5.555990168584624,0.12073493815310384,0.9464686387664517,0.9957023095104253
5,45,-4.278748021361499,5.614706832406203,0.08664942907174578,6.916478613183197,0.2624726086688054,0.9331636828082617,0.9938243520678154
5,46,-3.8586589228300054,5.4548807519236915,0.08235782766156202,6.811270257409994,0.25114154365382346,0.9393047151358621,0.9935918895443835
5,47,-4.928919666905479,5.825496134230541,0.0870207888917523,7.174882220174875,0.13851645563814902,0.9274032741764223,0.9947123180295836
5,48,-5.144136364834347,6.074191047728591,0.08904942461266703,7.627607203458607,0.30238595774337756,0.9246845661272742,0.9941259382255703
5,49,nan,nan,nan,nan,nan,nan,nan
5,50,nan,nan,nan,nan,nan,nan,nan
5,51,nan,nan,nan,nan,nan,nan,nan
5,52,nan,nan,nan,nan,nan,nan,nan
5,53,nan,nan,nan,nan,nan,nan,nan
5,54,-6.206644965808856,7.360569312390088,0.09596978446290758,8.401118415003227,0.2515738652212161,0.9226530947622202,0.9953204152161592
5,55,-6.40673947808797,6.800756434519542,0.0869100786414805,7.740551510282718,0.4407047346574784,0.9234338914388085,0.9972988546697424
5,56,nan,nan,nan,nan,nan,nan,nan
5,57,nan,nan,nan,nan,nan,nan,nan
5,58,nan,nan,nan,nan,nan,nan,nan
5,59,nan,nan,nan,nan,nan,nan,nan
5,60,nan,nan,nan,nan,nan,nan,nan
5,61,-5.907633919628418,7.558624256481566,0.08498436734403945,8.98243528577041,0.22925098908144106,0.9336241375494864,0.9949053154979999
5,62,-6.8937459495100235,8.087864416180478,0.09010917072348316,9.735437333872644,0.21191865935206827,0.92507029881706,0.9949086744290171
5,63,-6.361349275375132,7.555467742045586,0.08272888818311083,9.132254955076812,0.07096030106284011,0.9318489303350699,0.9954965532803883
5,64,-7.683723224208867,8.626148131631743,0.09314145284935998,10.080417708256576,0.08853749844012015,0.9205094822760224,0.9957516076864171
5,65,-7.774789906074563,8.539722055510243,0.09017813696297093,9.925664782243427,0.35951543872475233,0.9211513911757875,0.9963925343467681
5,66,-6.151840810406184,7.9421062366897885,0.08243192745456024,9.216250336084743,0.15574794245395593,0.9365216926552838,0.9954839404005339
5,67,-6.679043524808712,8.233097310483156,0.08445364925530204,9.20878792942579,0.04160487418216338,0.9332712436882437,0.9962244740816634
5,68,-6.849941248275486,8.40399503394993,0.08548545284538765,9.264087720097603,-0.21371093098193533,0.9327357452438685,0.9964167072084306
5,69,-6.348933878873515,7.988929917251851,0.08066521618145922,9.291463128665503,-0.5118379929944487,0.9373773639848194,0.9958234318642081
5,70,-5.376263209692436,7.016259248070771,0.07029008959412747,8.374479011532252,-0.3066981703730079,0.9467556927256635,0.9962766089779705
5,71,-5.392928010838147,6.901915222405144,0.06880548052980671,8.33334482041264,-0.3887861594608028,0.9473666081532907,0.9963637125737913
5,72,-5.1790536234598505,6.6085287535003125,0.06536390058555398,7.939002073028647,-0.30803477847846195,0.9495912660817082,0.9967720587502991
5,73,-6.522016928991664,7.951492059032125,0.07798297726039037,9.462436872090926,-0.182982207499136,0.9372672065051609,0.9959819249625241
5,74,-5.668269844223446,7.38574314878714,0.07165539262290206,8.49713415577252,-0.09932988134299929,0.9452192231059348,0.9965945092390226
5,75,nan,nan,nan,nan,nan,nan,nan
5,76,nan,nan,nan,nan,nan,nan,nan
5,77,nan,nan,nan,nan,nan,nan,nan
5,78,nan,nan,nan,nan,nan,nan,nan
5,79,nan,nan,nan,nan,nan,nan,nan
6,0,-2.5048449762262877,4.072596399666131,0.10927922310133403,5.116235923256086,0.3287834216283734,0.9263551544152859,0.9874177610459229
6,1,-2.393099574215698,3.961574712716174,0.10409486310225075,5.067373347694393,0.3988115326374984,0.9315806551504845,0.9879996292119261
6,2,nan,nan,nan,nan,nan,nan,nan
6,3,nan,nan,nan,nan,nan,nan,nan
6,4,nan,nan,nan,nan,nan,nan,nan
6,5,nan,nan,nan,nan,nan,nan,nan
6,6,nan,nan,nan,nan,nan,nan,nan
6,7,-4.550333847567104,5.741744362572128,0.12180817173661937,6.863778209306376,0.3861097067809478,0.9038008307681429,0.9902499729119303
6,8,-5.276441006332837,6.005406863302914,0.12406473504193691,7.429566826737102,0.28210548062157753,0.8940840046840965,0.990572618582589
6,9,-4.884744206328261,6.059548297079523,0.12293232543950984,7.462716515151507,0.2273453019739133,0.9005814008567741,0.9891869561418973
6,10,nan,nan,nan,nan,nan,nan,nan
6,11,nan,nan,nan,nan,nan,nan,nan
6,12,nan,nan,nan,nan,nan,nan,nan
6,13,nan,nan,nan,nan,nan,nan,nan
6,14,nan,nan,nan,nan,nan,nan,nan
6,15,-5.750163655258697,6.515401308649919,0.11670705395201422,7.767858068185827,0.14414817626181176,0.9020823592645858,0.9928162570841043
6,16,-4.961284196260944,6.1725506132989105,0.109401160017183,7.314240116428689,0.058423206042495006,0.9144480357843497,0.9923928781270684
6,17,-4.842278432125597,5.715492715999112,0.10034220696580086,6.947060919489579,-0.01490111459210874,0.9176185576164686,0.993527423073676
6,18,-5.246016976543554,6.097948876803982,0.1059229916208822,7.237765930518512,-0.1249618260503067,0.9125066347487145,0.9936715733948794
6,19,-4.214271372234228,5.364057636699601,0.0926647867589389,6.782885257843697,-0.023307722634806873,0.927004099323396,0.992703629930385
6,20,-3.1252072718522403,4.4621697656707076,0.0765067443484804,5.957393549880522,0.04663812973248244,0.9439043379596432,0.9932469132500212
6,21,-3.574698753712452,4.695144750473238,0.08080025295032592,6.158676137323519,-0.07218207366694268,0.9375954602066033,0.9934152820945391
6,22,-4.643629443824132,5.578879408121099,0.09605884541110504,7.0067719484408455,-0.08118264188756176,0.9220007222191793,0.9929807395717469
6,23,-4.431966988207287,5.146509848354389,0.08822262075297584,6.711550189456784,0.010430875927211314,0.9255191024876899,0.9935560224655132
6,24,-4.629360355392747,5.046048851334905,0.08592023749731247,6.29076543638328,0.12669479251584803,0.9240148912399111,0.9954597311182697
6,25,-4.919926227049234,5.439133699208249,0.0925653429098958,6.493673188877068,-0.02020692033855285,0.9201753229859082,0.9955061136960666
6,26,-4.884153132585015,5.459357847271827,0.09301914637349058,6.596666468703499,-0.0025602383689392358,0.9201700571723359,0.9950970414763556
6,27,-4.725519862046957,5.300724576733767,0.09004522996555946,6.61666686016761,0.1536067333198594,0.9215052575658594,0.9946874582194392
6,28,-6.0041325595218495,6.579337274208658,0.11316055610585474,7.8633799595035425,-0.0327607056347762,0.9021901828691042,0.9936667484654913
6,29,-5.163992844457499,7.048884791049379,0.12124338721975748,8.146287400454238,-0.10591691049330132,0.9110024638355628,0.9900550653756387
6,30,-5.368883253321758,7.181976815247988,0.12382846485190749,8.268539569817701,-0.08817692309860774,0.9079751150336502,0.9901155171597179
6,31,-6.0578265148090376,7.585410567618408,0.1304690679515698,8.508703035473534,-0.038992819691057536,0.8992257933611073,0.9912646545832183
6,32,-5.426345160692051,7.421678413340175,0.12756077740783628,8.136223941505389,-0.260615719466122,0.9087430751133184,0.9907763095493969
6,33,-3.990992610662434,6.605457482682591,0.11243756864196529,7.18953115506964,-0.21324574670324684,0.9300369174152854,0.9908750041334963
6,34,nan,nan,nan,nan,nan,nan,nan
6,35,nan,nan,nan,nan,nan,nan,nan
6,36,nan,nan,nan,nan,nan,nan,nan
6,37,nan,nan,nan,nan,nan,nan,nan
6,38,nan,nan,nan,nan,nan,nan,nan
6,39,-5.514681043882167,5.924320587744912,0.10068730697991125,7.023459090794861,-0.016901084613063513,0.9125889610158749,0.9952989716778105
6,40,-4.721016625476804,5.037996485541315,0.08453831557844424,6.143441645886964,-0.08058603660939748,0.9252629729286703,0.9961966274248533
6,41,-4.816724296422057,5.074367443612499,0.08394433861610903,6.404839312728575,-0.012473494371656414,0.924032743329301,0.9957746756770953
6,42,-3.7216536947130043,4.648576859456792,0.07611166332471257,6.165013313723595,-0.31262565656096275,0.9394894891851536,0.9942482236006593
6,43,-3.554938836057394,4.481862000801182,0.0718735843315286,6.010580457102338,0.04615402332767145,0.9423505513720024,0.9946101024261348
6,44,-3.4717034538305773,4.398626618574365,0.06879968249602217,5.790417427240888,0.2896577278548886,0.9444066271485768,0.9952917917812919
6,45,-4.037841698023491,5.149305851131728,0.07955924910307824,6.377700413935342,0.35389819066665484,0.9367310318424911,0.9948816961691651
6,46,-4.419776747438095,5.708375620014695,0.08663843401632787,7.071662686102105,0.3341666506098862,0.9314603314569964,0.9938488478106898
6,47,-5.7327370276186755,6.295600807869582,0.09444459380982292,7.561318217159016,0.30196548587770095,0.9170835856240586,0.9953414511252685
6,48,-5.8885589935759866,6.451422773826895,0.09504999756930971,7.766713870740921,0.42681736300866374,0.9161900229674028,0.9952979125911984
6,49,-6.240396713974033,6.803260494224942,0.09840630983938886,8.144845025098022,0.5082511647713837,0.9128088175068211,0.9952237954952043
6,50,-5.845974779950321,6.973941096118721,0.09872893776718358,8.32860146660857,0.27282245371211494,0.9193350735323441,0.9939303396651786
6,51,-6.065666620692143,6.8255740108418035,0.09409221880889723,8.192535561677742,0.4216069172410177,0.9183944976988074,0.9950684140243602
6,52,-5.893789061514974,6.653696451664635,0.09002346796547483,7.968500504717935,0.4134650614098735,0.9227617478060515,0.9954718549353831
6,53,-6.145905093821474,7.2660821018748205,0.09647089152191982,8.526057052138471,0.30987940519659146,0.9208406692872984,0.9947172053934081
6,54,-6.179164093551549,7.333088440132781,0.09504055444725835,8.667708280896454,0.3280884672320053,0.9220585527094308,0.9947065620369432
6,55,-7.360690422508178,7.75470737893975,0.09892442480031402,9.07441747409918,0.36873837414602584,0.9119372708758382,0.9961185496007262
6,56,nan,nan,nan,nan,nan,nan,nan
6,57,nan,nan,nan,nan,nan,nan,nan
6,58,nan,nan,nan,nan,nan,nan,nan
6,59,nan,nan,nan,nan,nan,nan,nan
6,60,nan,nan,nan,nan,nan,nan,nan
6,61,-7.169271244722811,8.195096810526827,0.09233272897304999,9.734913702534886,0.3271760260227937,0.9212362463785175,0.9952906494476947
6,62,-7.5430332198329255,8.557201003025542,0.09579964459941474,9.98406806844383,0.12678154588869378,0.9193121355130762,0.9953801545249971
6,63,-6.575142507444094,7.589310290636709,0.08341200305496697,8.879929491453014,0.09050953792070945,0.9303167901167544,0.996232082264989
6,64,-7.3787217924916515,8.372967258945916,0.09068502163958149,9.7211554353547,0.05354181886640164,0.9234395229305431,0.9959467311566691
6,65,-7.3440065847481195,8.160759293215182,0.08627409416493888,9.34825186494404,0.46249469144527544,0.9250665795351447,0.9968055828667833
6,66,-5.197356430209586,7.36982824403058,0.07654351212337757,8.498792903957227,0.254931704903594,0.945189903385675,0.9955836973659296
6,67,-5.482561667227044,7.418821840438877,0.0760747417201519,8.572322578119577,0.1254671499168945,0.9435809082469702,0.9958640703298994
6,68,-5.608801718199702,7.545061891411534,0.07658360925530458,8.594680066632913,0.013184718074157841,0.9432233768212542,0.9960677515393619
6,69,-4.682144978098146,6.724933540420461,0.06749327495023412,8.007023724974239,-0.2716654920729199,0.9523536680593477,0.9961231976465197
6,70,-3.69235336002313,5.735141922345446,0.0570044708016407,6.9902846839380945,-0.024589604325783485,0.9620734825485491,0.9967783367599092
6,71,-4.2434174065751655,5.6662035582798795,0.056115677899975305,7.001424531218135,-0.08665811123267476,0.9578080763304161,0.9971949327804692
6,72,-4.670848701049236,6.014122771227415,0.05943262933363424,7.285876462082546,-0.23182904652837433,0.9541300332822035,0.9972018208684879
6,73,-5.608159799257916,6.951433869436096,0.06810926678252514,8.603123571754244,-0.02981055316245157,0.9451060345065807,0.9963307848963011
6,74,-6.337183130311116,7.342157568869588,0.07158499909241481,8.70633371574784,0.04776139506192025,0.9394668641011996,0.9969856653617034
6,75,nan,nan,nan,nan,nan,nan,nan
6,76,nan,nan,nan,nan,nan,nan,nan
6,77,nan,nan,nan,nan,nan,nan,nan
6,78,nan,nan,nan,nan,nan,nan,nan
6,79,nan,nan,nan,nan,nan,nan,nan
7,0,-2.461320897369095,3.81149167746627,0.10307944467348404,4.86463756261013,0.4104499339982155,0.9275495548913795,0.9888234796696453
7,1,-2.6746580050760684,4.025552500233875,0.10597375072856473,5.2688726599939075,0.48373611060509675,0.9233276909584966,0.9878056878498338
7,2,nan,nan,nan,nan,nan,nan,nan
7,3,nan,nan,nan,nan,nan,nan,nan
7,4,nan,nan,nan,nan,nan,nan,nan
7,5,nan,nan,nan,nan,nan,nan,nan
7,6,nan,nan,nan,nan,nan,nan,nan
7,7,-3.8178403162164205,5.72558236136285,0.12137384045925156,6.520519704683938,0.2890960558207847,0.9162281624304102,0.9894198312687328
7,8,-4.81279369808938,6.211521332392282,0.12812260751640114,7.178668878877215,0.3779620487304251,0.9009671578143835,0.9901853218677475
7,9,-4.807852716126704,6.04859135333663,0.12295586238567224,7.036504003674565,0.2560354648009111,0.9036303842229337,0.9909396828246424
7,10,-5.660178103904618,6.506326842161655,0.13043551784650165,7.520774433577208,0.09621329383630105,0.8938285393422984,0.9918728106576515
7,11,-6.347895900481444,6.918907244100808,0.1347236555740763,7.984554126182479,0.3444308978947032,0.8853321068278469,0.9928753379455438
7,12,-5.81111835111495,6.905377860362584,0.13140143793395068,7.925485005974699,0.19659550770028986,0.8947417125048599,0.991385083414185
7,13,-5.055815260259498,6.392064257270086,0.11989536858294243,7.617597975106417,0.13595024150445462,0.9075240471632757,0.9904851612401079
7,14,-5.663594712551437,6.580274331826238,0.12088415875384494,8.030667611672582,-0.04691081612747577,0.9005856755453603,0.99100248772353
7,15,-6.098345983185964,6.889852492622583,0.12489417144628247,8.32881014139912,-0.06109999727148773,0.8957682537408275,0.9913956392212864
7,16,-4.788615680497412,6.026150953580777,0.10825368102699315,7.447437654807245,-0.11012097358065341,0.9160851542773233,0.9911912799981963
7,17,-4.251819034487933,5.151302174406846,0.09160966228343416,6.85274736477962,-0.2852553111933956,0.9255974641817926,0.9922249761422937
7,18,-4.011875299167905,4.890076055473732,0.0853919756724233,6.37554706339483,-0.24374732979856648,0.9305237306113496,0.9935086366895663
7,19,-3.547119902569384,4.527410682179748,0.07845366734885101,6.098995823668565,-0.03646782999787636,0.9373980332300029,0.9935009133228373
7,20,-2.451767512228171,3.6192345211916286,0.0620625100093531,4.996229038441695,0.16087317860284162,0.9555985169401383,0.9949235555405421
7,21,-2.943282971802552,3.8942334837083292,0.06705954289103652,5.243103314003679,0.022333029067244502,0.9483995241438569,0.9949777708541815
7,22,-3.891495448259542,4.657249927701499,0.08021436234651003,6.051973144286446,-0.01064121396863026,0.9342502225401105,0.9944198409248395
7,23,-3.8996584187738774,4.569186476402912,0.0784207630371489,6.09609975567829,0.03732326742940992,0.9340838990089302,0.994355583538733
7,24,-3.53062695645429,4.089162475984192,0.06978449761055347,5.360178511042952,0.08858262389391253,0.9407564669231401,0.9957990733084294
7,25,-4.5713679047569995,4.985205044276257,0.08507127059287178,6.191304299870461,0.02111258871013768,0.9250537052921727,0.9956020436248443
7,26,-4.701608675181193,5.171443057228244,0.08845346253954975,6.425324738080113,0.05126221413737502,0.9225849076349985,0.9951814558352914
7,27,-4.366876159860682,4.836710541907734,0.08247807734774136,6.01914243944782,0.2342515290757963,0.9272423308928114,0.995681780392525
7,28,-5.543386118654377,5.888739818364488,0.10171611710935581,6.8878117169994635,0.0773406490780391,0.9099352110772101,0.9957963866890436
7,29,-5.668683101868812,6.527755066264753,0.11278729984617193,7.283799720595738,0.17166365137879086,0.906957091680784,0.9947981388609213
7,30,-5.522403358394058,6.55689429435185,0.11347019247615199,7.312710701473702,0.1147551625584663,0.9085069831449254,0.9942355955921665
7,31,-5.959086395009835,6.708067821850767,0.11574722800860877,7.4746165512766884,0.2081999600047069,0.9028978942823886,0.9949986223910813
7,32,-5.921261887260062,7.137992513939748,0.12317873336167948,7.754697099148316,-0.13616809854183584,0.9030861355164327,0.9937168300397509
7,33,-4.959211785204234,6.795074031255951,0.11593148904719669,7.446791133186541,-0.06002626238264177,0.9162953114452373,0.9922808442214268
7,34,nan,nan,nan,nan,nan,nan,nan
7,35,nan,nan,nan,nan,nan,nan,nan
7,36,nan,nan,nan,nan,nan,nan,nan
7,37,nan,nan,nan,nan,nan,nan,nan
7,38,nan,nan,nan,nan,nan,nan,nan
7,39,-5.0767154386067554,6.3338097735255126,0.10733990495452467,7.252920500683195,-0.1361980965776433,0.9175154228622842,0.9933778372637526
7,40,-4.380789635289358,5.30437490279188,0.08860065663286297,6.295491489571193,-0.3226625419022076,0.9295800197051296,0.9949389080964928
7,41,-3.5427690305804345,4.975816383536095,0.08199460876236404,6.212475898050974,-0.26556467569782044,0.9409426680056836,0.9936730144334138
7,42,-2.315107563847064,4.417434934356072,0.07184761434979968,5.811316511918333,-0.30381071097309514,0.959110882080081,0.9930870455922115
7,43,-2.0712038088294573,4.327588399610634,0.06887953883078529,5.760790825754172,-0.03758895358824332,0.9624305330224818,0.993180897092654
7,44,-2.6034377395073993,4.323923386313638,0.06746240348328036,5.638329211740233,0.3065054075010663,0.9557190278228642,0.9944044860328859
7,45,-4.016810356658604,5.406064754709603,0.08344094999926846,6.71870696826549,0.42850049063547324,0.9357451215861592,0.9939453670055945
7,46,-4.6836561936151035,5.931507432231701,0.0903101916932107,7.312724636980183,0.26879938674487164,0.9278442821941092,0.9936426881067152
7,47,-6.150736225626412,6.672852371917319,0.10022498808670688,7.873146846391755,0.30958310238077397,0.9119804013408753,0.9954011387859069
7,48,-6.786386857118614,7.154445783137353,0.10543336869612027,8.54591827168647,0.3827335603983879,0.9053681441633498,0.9951411327979284
7,49,-6.740497840966992,7.457405184000331,0.10794032962766163,8.864374677038462,0.34450477544402586,0.9067551457820127,0.9942066872551005
7,50,-5.865852872435402,7.342667605618403,0.10351689745666265,8.746367155531743,0.1980288535850506,0.9182081228228968,0.9928203059471215
7,51,-6.097888945951834,7.206644753116094,0.09930861982493612,8.541380163078394,0.25132683684606555,0.9176516783325958,0.9941911927973125
7,52,-5.694735847238962,6.803491654403222,0.09203719777063211,8.210169047848936,0.3180704983588493,0.924478130844174,0.9944982488832737
7,53,-5.620865605988831,7.110615586969177,0.09406337706529232,8.297181986546965,0.29814568951679143,0.9266321852674949,0.9943617101237188
7,54,-6.232436202778757,7.407085105272387,0.09589462600776287,8.609797313583337,0.33038391555402247,0.9217904072040789,0.9949380532012335
7,55,-7.050545970165777,7.465287482509747,0.09516427570353153,8.74214308677862,0.32223536168746775,0.9156267505754104,0.9962722942948706
7,56,nan,nan,nan,nan,nan,nan,nan
7,57,nan,nan,nan,nan,nan,nan,nan
7,58,nan,nan,nan,nan,nan,nan,nan
7,59,nan,nan,nan,nan,nan,nan,nan
7,60,nan,nan,nan,nan,nan,nan,nan
7,61,-7.399801122717942,8.173933129274383,0.09239129646848586,9.662019307584362,0.3075787335434566,0.9196749898100582,0.9957898508016974
7,62,-7.994637631644735,8.612119025070344,0.09613600515772212,9.917928234139458,0.22986541755907688,0.916053068037304,0.996312889502594
7,63,-7.186561388417028,7.804042781842635,0.08580504288234897,8.928641576955055,0.10331904766121998,0.9252869274826832,0.9970329270113006
7,64,-7.110114736048303,7.959367371983136,0.08584090991542259,9.110757262128054,0.14824381595895583,0.9265027247126996,0.9967277776898886
7,65,-7.126372424927476,7.798132302875111,0.08261552742916116,8.702654725468928,0.45191655776902734,0.9277275084903045,0.9975885174875871
7,66,-5.882976134236628,7.689402102362185,0.08006863853332857,8.569867573298147,0.25398308364600464,0.9392482220883074,0.9962243445164435
7,67,-5.577808731614928,7.293015889650751,0.07500174301727752,8.282185202535775,0.18923738391256964,0.9429522142395185,0.9964082153483106
7,68,-5.790055471636124,7.505262629671948,0.07632050956890354,8.361258257688853,0.030021539126376246,0.9419635500968829,0.9966161918375728
7,69,-5.224808353296119,7.027172915621543,0.0706364913503696,7.950932250803216,-0.2366754557995646,0.9477903911257376,0.9967032497486596
7,70,-4.966577519234784,6.76894208156021,0.06733174318084628,7.884648816787396,-0.03167822291690919,0.9502083121484405,0.9966308926107135
7,71,-5.485587260661929,6.889002427545762,0.0681575902853901,8.08702627578052,-0.08257900504229647,0.9460308537160065,0.9968706148279337
7,72,-6.0383950866972755,7.362298172054575,0.07268314269811062,8.479545198164827,-0.19043867960823596,0.9414896260234713,0.99689965530684
7,73,-6.800791088304238,8.124694173661537,0.0795837493400392,9.512399555781899,-0.007752498045690328,0.9345286173717361,0.9962600177685478
7,74,-7.1253560526800905,8.156983541947122,0.07956247076333177,9.489861278190293,-0.0020904705951704755,0.932456784652724,0.9967182241905189
7,75,nan,nan,nan,nan,nan,nan,nan
7,76,nan,nan,nan,nan,nan,nan,nan
7,77,nan,nan,nan,nan,nan,nan,nan
7,78,nan,nan,nan,nan,nan,nan,nan
7,79,nan,nan,nan,nan,nan,nan,nan
8,0,-2.1377569200515514,3.6542018309510502,0.09948945472372182,4.658849666737052,0.18049024276609252,0.9363679853368861,0.9887805148721889
8,1,-2.3251296980158798,3.802572492724071,0.10093323035771806,5.043532240373514,0.3669039477781151,0.9319002958761821,0.9877433481935373
8,2,nan,nan,nan,nan,nan,nan,nan
8,3,nan,nan,nan,nan,nan,nan,nan
8,4,nan,nan,nan,nan,nan,nan,nan
8,5,nan,nan,nan,nan,nan,nan,nan
8,6,nan,nan,nan,nan,nan,nan,nan
8,7,nan,nan,nan,nan,nan,nan,nan
8,8,nan,nan,nan,nan,nan,nan,nan
8,9,nan,nan,nan,nan,nan,nan,nan
8,10,nan,nan,nan,nan,nan,nan,nan
8,11,nan,nan,nan,nan,nan,nan,nan
8,12,nan,nan,nan,nan,nan,nan,nan
8,13,nan,nan,nan,nan,nan,nan,nan
8,14,-6.422767931979397,7.339447551254197,0.13469536529118437,8.940733301609017,-0.15511817617695806,0.8884319437109773,0.989536302717958
8,15,-6.215068636555881,7.006575145992501,0.12716266850489613,8.540000870069006,-0.13265975277265646,0.8933513903629593,0.9908509002281967
8,16,-4.722898130273834,5.9604334033571975,0.1070898263137903,7.475677507807044,-0.10317831480694796,0.916341863911098,0.9908867468491295
8,17,-4.804752613872403,5.704235753791316,0.10168700068329083,7.516376872411816,-0.11793260541816787,0.9156858329721008,0.9910885136172516
8,18,-4.521610076265168,5.399810832570995,0.095081665987915,7.023697070767433,0.002494091000563626,0.9212358093350048,0.9923508333298061
8,19,-3.943279875674557,4.872515140156589,0.08455796301918171,6.629618000465854,0.08748282090936182,0.9300076477717178,0.9925546895903483
8,20,-2.7684359382299903,4.114441412599984,0.0706655641980476,5.732282323034949,0.3169864228406295,0.9486146268714358,0.9933161549068412
8,21,-3.6209146727553696,4.520891383478618,0.07807027916740722,6.064874812195848,0.26519275217393473,0.9361417906046535,0.9938198965415671
8,22,-3.836260993450426,4.551041671709855,0.0782319403453064,5.933421196539536,0.2969228931446799,0.9344922511319151,0.9947336394838463
8,23,-3.7371127874631815,4.545790765981252,0.07778913521321495,5.996954155517169,0.3115487781796717,0.9356090293067024,0.994396307938873
8,24,-3.300205493972562,4.048946449519832,0.06887455566718581,5.241781338661533,0.43574933524142656,0.9431941131506801,0.9957597401758147
8,25,-4.334968852723441,4.709417447725198,0.08021056604061824,5.878337388021327,0.20692295995169546,0.928284513029916,0.9960353242268027
8,26,-3.942992942509221,4.602951046627838,0.07840607318279855,5.805602452598049,0.18601872556586585,0.9335023316269241,0.9953901216839232
8,27,-3.884176010416975,4.544134114535591,0.0775937785989567,5.689533738749947,0.28093808558903705,0.9339675803933699,0.9955777333636214
8,28,-5.113934844390914,5.4592885441010255,0.09444835208452508,6.500069959344679,0.10127785424639736,0.9160287823362062,0.9958944733850787
8,29,-5.83192142106132,6.441432813115061,0.11158116674128792,7.23373645393608,0.2374539881565122,0.9048125097642217,0.9954659690074873
8,30,-6.153825377989258,6.720858920700548,0.11652317332919124,7.474947223943409,0.3956817001271225,0.8997001303624524,0.9956173298217709
8,31,-6.721193434914477,7.0027174685089095,0.12117024880905221,7.779372802659337,0.5290269135798737,0.892291701540685,0.9963903411847704
8,32,-6.269288806775595,7.01856204020878,0.121171832254318,7.800003625798678,0.08720923482205277,0.89834577810565,0.9946931455793109
8,33,-5.765002483728399,6.746550901951524,0.11539620125653363,7.578896476501322,0.19415374976589508,0.9054118011190873,0.9940866236310238
8,34,nan,nan,nan,nan,nan,nan,nan
8,35,nan,nan,nan,nan,nan,nan,nan
8,36,nan,nan,nan,nan,nan,nan,nan
8,37,nan,nan,nan,nan,nan,nan,nan
8,38,nan,nan,nan,nan,nan,nan,nan
8,39,-4.352941850248596,6.327919125958812,0.1075829113584348,7.2576147931397745,-0.2913226134246832,0.9269957836824647,0.9914823649283999
8,40,-4.612081274881521,5.6888812074557045,0.09633201413242569,6.760971352154207,-0.3750364294515843,0.9254263448139904,0.993849313589921
8,41,-3.4136475782834816,5.302173535051388,0.08877197510043297,6.509474878400049,-0.49214574327551497,0.9425497040522196,0.9923282831985492
8,42,-2.603449016235196,5.092378694992541,0.08412486823294692,6.415434409712279,-0.38153270412622287,0.9543232487027653,0.9915386912076916
8,43,-1.770200668642298,4.5004358502794055,0.07193940503521028,5.852605486167695,-0.14929289784750166,0.9666610847222824,0.9925579255936045
8,44,nan,nan,nan,nan,nan,nan,nan
8,45,nan,nan,nan,nan,nan,nan,nan
8,46,nan,nan,nan,nan,nan,nan,nan
8,47,nan,nan,nan,nan,nan,nan,nan
8,48,nan,nan,nan,nan,nan,nan,nan
8,49,-7.011011632907687,7.7279189759410265,0.11218401717316741,9.219753380074552,0.3186628782876035,0.9034284879862742,0.9937240821279858
8,50,-6.529917503633442,8.006732236816442,0.1130837200378158,9.472352231870719,0.06551851757813176,0.9103708726314652,0.9920722084173095
8,51,-6.568955758510063,7.677711565674324,0.10628297270351027,9.215746092124268,0.005369253984939549,0.9117636523584769,0.9932319264209093
8,52,-5.788892444247977,6.897648251412236,0.09317197774651458,8.428925044001147,0.2602982763476916,0.923004318903901,0.9941334774880413
8,53,-6.074522175577596,7.564272156557942,0.09997143457240174,8.883233711194535,0.3244315142460929,0.9206672531871275,0.9937262102817468
8,54,-7.064138545069852,8.205040109035597,0.10617405033452812,9.29109467979948,0.4051773200727893,0.9120724683727808,0.9948910793127965
8,55,-7.450316941662599,7.872056291647518,0.10060049220321655,9.133243720645543,0.35483152551201025,0.9109571652424303,0.9961193988107523
8,56,nan,nan,nan,nan,nan,nan,nan
8,57,nan,nan,nan,nan,nan,nan,nan
8,58,nan,nan,nan,nan,nan,nan,nan
8,59,nan,nan,nan,nan,nan,nan,nan
8,60,nan,nan,nan,nan,nan,nan,nan
8,61,-6.641927589568082,7.5942136767805035,0.08592106105526334,9.138270888378186,0.24926404542527322,0.9272348852122368,0.9956148614533218
8,62,-7.43101899843105,7.805820862421967,0.0871239927740485,9.330045317453152,0.21969650159420412,0.9219412491611414,0.9965538813765819
8,63,-6.654784292188819,7.029586156179737,0.07718460623483368,8.275436020493242,0.13409092258971766,0.9308915792227821,0.9974179108600608
8,64,-6.009111192620208,6.615684299120351,0.07134682369142673,7.662523292962715,0.1751978739377318,0.9377877063801439,0.9976598213483663
8,65,-6.249671902552461,6.678752251065405,0.07064201607847441,7.520201966909188,0.4398345908280759,0.9366422022274088,0.9982748004003718
8,66,-6.470169727135544,7.505276823560478,0.07814547628962284,8.470871578650781,0.3394040223186971,0.9343742479523381,0.9971277611037528
8,67,-6.274795972438319,7.290748043515512,0.07503441443533902,8.239335279321555,0.3924728801281497,0.9369818088965004,0.9973190939807988
8,68,-6.1427494774954745,7.439944248344189,0.07576026141475514,8.285538825618147,0.15009366826289924,0.9390342113437061,0.9971374422249534
8,69,-6.329191094690419,7.6469720019457235,0.07707160302220788,8.658495753008784,-0.2367970885670181,0.9377905596825666,0.9968384428329518
8,70,-6.532914546390898,7.8506954536462015,0.07823722259153076,8.987763562386034,0.07830685086452034,0.9360722830741652,0.996659406678236
8,71,-6.070741742657245,7.340058516080909,0.07253765775487803,8.474219148176632,0.05072903824012478,0.9407448520930305,0.9969400804358046
8,72,-6.660495968967439,7.9298127423911025,0.07812591568342732,8.906657758448855,0.04201581103216503,0.9360603785975152,0.9969880394200191
8,73,-7.40143342241136,8.389507496063505,0.08216355698463111,9.445456039933573,0.09305224901044039,0.9301568254610355,0.997108246826152
8,74,-7.898449296054639,8.66081904149953,0.08446127160366322,10.075904596701411,-0.047169577873694093,0.9261307381972025,0.9967644798112397
8,75,nan,nan,nan,nan,nan,nan,nan
8,76,nan,nan,nan,nan,nan,nan,nan
8,77,nan,nan,nan,nan,nan,nan,nan
8,78,nan,nan,nan,nan,nan,nan,nan
8,79,nan,nan,nan,nan,nan,nan,nan
9,0,-3.1176715466721485,4.642504959838109,0.12879993217883742,6.460805749455659,-0.3239466623882824,0.9072665526517006,0.9798207328595898
9,1,-2.7483857863396417,4.499434704043928,0.12135623664651649,6.202196263236437,-0.000974040798940096,0.9182468228073826,0.9811591025892702
9,2,-2.360747164914437,4.139927234792983,0.10924616900336113,5.623240038075612,0.16890958955604152,0.932125146985799,0.9845919415624911
9,3,-2.499116946448895,4.439427645376156,0.11069996289158095,5.704126895596834,0.3965880227525046,0.9309987075836158,0.9858950176537309
9,4,nan,nan,nan,nan,nan,nan,nan
9,5,nan,nan,nan,nan,nan,nan,nan
9,6,nan,nan,nan,nan,nan,nan,nan
9,7,nan,nan,nan,nan,nan,nan,nan
9,8,nan,nan,nan,nan,nan,nan,nan
9,9,nan,nan,nan,nan,nan,nan,nan
9,10,nan,nan,nan,nan,nan,nan,nan
9,11,nan,nan,nan,nan,nan,nan,nan
9,12,nan,nan,nan,nan,nan,nan,nan
9,13,nan,nan,nan,nan,nan,nan,nan
9,14,-7.028946324028932,8.47046964919501,0.15503410656231822,9.873117223085812,0.07225134893829954,0.8764042954138994,0.9872882499041075
9,15,-6.904915593136239,8.166250207052569,0.14801688718590894,9.56254831245517,-0.1383811298920677,0.8810131908822298,0.9885532532264437
9,16,-5.738653299275541,6.452940406730635,0.11647375369030379,8.156833855587342,-0.08581651985378354,0.9012172642399828,0.9909866706288414
9,17,-4.969225785535778,5.868708925454691,0.10569663729599706,7.696825150013184,-0.011091876791438303,0.9122179186250041,0.9906269991169145
9,18,-4.2347957170748085,5.112996473380636,0.09108345273196715,6.85385911260344,0.022434063059504603,0.925204516597526,0.992089351596909
9,19,-3.2042227187547483,4.133457983236781,0.07206167846681566,5.721264524470011,0.2359219380949248,0.9423561577125075,0.9939131995697149
9,20,-1.9816172598362354,3.3266831393512075,0.05728534590519383,4.544486667337346,0.5143762680653199,0.9625827647099898,0.9954050388477144
9,21,-3.0112628566173396,3.910299972485567,0.06763460130429873,5.1023527659180266,0.4867708291551233,0.9463855672166291,0.9954602065820932
9,22,-2.944235396905683,3.6580764803100907,0.06226819358361231,4.500305572592284,0.603957715306868,0.9493988966910931,0.9969963646646901
9,23,-3.099458969690003,3.9071973533530513,0.06629550555326108,4.998617122032632,0.5397412292798232,0.946214489807418,0.9960653970151829
9,24,-2.7158486790770975,3.463650039769344,0.0588505007436462,4.588715109739699,0.5343961221812101,0.9524624028134374,0.99644941248463
9,25,-3.8927217055689334,4.2246924512282416,0.07174492037167447,5.337893016049371,0.25685561108627636,0.9353513818400891,0.9966208912430523
9,26,-4.268240006674335,4.600210752333643,0.07894203200759536,6.008169618286119,0.08085195626424237,0.928942925600402,0.9954366165068825
9,27,-4.75722017163037,5.089190917289678,0.0882667721246717,6.726574747697604,-0.07485625453566346,0.9199529883800628,0.9942004083081551
9,28,-5.893306792558552,5.910673133809355,0.10323619447307902,7.208344354330783,-0.11430707167171143,0.9043355751333215,0.9956070626781129
9,29,-7.168508480665862,7.168508480665862,0.12484025715132022,8.000412235650291,0.036447973508531406,0.8873871279639705,0.9968794706444841
9,30,-6.83963447049997,7.142672704325015,0.12432163491432338,8.036860361006932,0.002055155439758584,0.8906948465341372,0.9955779216559216
9,31,-6.524155436934134,6.827193670759179,0.11770836958165339,7.663639578553131,0.22046915500705774,0.8958776533943692,0.9960515884266621
9,32,-5.864407613762752,6.63519504742655,0.1136882550209777,7.3272423326515055,-0.05899373317506246,0.9055978803661704,0.9951524113811023
9,33,-5.000148659269275,6.0418930225620695,0.10234191485130158,6.899083469400783,0.04431526837259677,0.9177347683614958,0.9943819645438137
9,34,-3.7668246267692256,5.340103238232965,0.08959711871666659,6.56078476548871,-0.03183658389924177,0.934932242047538,0.992707267085559
9,35,-2.911559332743494,5.411208302273456,0.09045394961069791,6.659896596652833,-0.14849682576346968,0.9469629001542836,0.9908669329717357
9,36,-2.619267615475456,5.272131250077083,0.08800738824006205,6.426725886976094,-0.15641787472297158,0.9516370905781868,0.9911809341566843
9,37,-3.2687074464482238,5.510276955983443,0.09221830772323161,6.698345118074247,-0.11203971550587372,0.9419084810849093,0.9913909139198513
9,38,-4.05397910512732,6.024591685033545,0.10229633582392368,7.314486934949203,-0.24134679307030862,0.9303658401842632,0.9906435122129719
9,39,-4.514653789460176,6.489631065170393,0.11009606372295594,7.613671553310752,-0.3219754497809055,0.9239743027806381,0.9906303840856137
9,40,-4.946556296109909,6.023356228684093,0.10218648236599906,7.273179099402352,-0.4001861584044363,0.919648449497836,0.9929077028391002
9,41,-4.382498269321302,6.163228318119452,0.10378347644436822,7.568563767566956,-0.5177248226420422,0.9266901275283324,0.990600423267848
9,42,-4.1354933254004,5.923315484538872,0.09833010762732144,7.505670183331311,-0.2534427209917066,0.9305423716423384,0.9905993462268448
9,43,-3.384484790115073,5.413612452133306,0.08744547762481204,7.093318993472399,-0.17530083585016604,0.9414494683188674,0.9909684858346187
9,44,nan,nan,nan,nan,nan,nan,nan
9,45,nan,nan,nan,nan,nan,nan,nan
9,46,nan,nan,nan,nan,nan,nan,nan
9,47,nan,nan,nan,nan,nan,nan,nan
9,48,nan,nan,nan,nan,nan,nan,nan
9,49,-7.1210908031343525,7.837998146167693,0.11318859694457185,9.300918640735471,0.37593546125239125,0.9020956690187141,0.9938364403100721
9,50,-6.6438914534379565,8.120706186620957,0.11374096455337716,9.616413980134695,0.1702118655800227,0.9086457638112903,0.9920357126874151
9,51,-6.911126834225427,8.019882641389689,0.11056930695650341,9.43968746045527,0.15603612120099772,0.9080217233527196,0.9934152561811965
9,52,-5.805330001438643,6.914085808602902,0.09346318813497216,8.489776787778496,0.19141026480644685,0.9229802251548594,0.9939954413752781
9,53,-5.553541319374589,7.043291300354934,0.09327194220672809,8.597382293111256,0.21382087128391367,0.9265664144660265,0.9934711939879171
9,54,-5.975370199905948,7.5064159354160065,0.09723428348744992,8.879784533262061,0.22293919431795586,0.923218960889632,0.9937561515199843
9,55,-5.974490424552505,6.98361416952717,0.08914840039349302,8.501374797732934,0.1968027675519056,0.9258142992943122,0.9947880161365784
9,56,nan,nan,nan,nan,nan,nan,nan
9,57,nan,nan,nan,nan,nan,nan,nan
9,58,nan,nan,nan,nan,nan,nan,nan
9,59,nan,nan,nan,nan,nan,nan,nan
9,60,nan,nan,nan,nan,nan,nan,nan
9,61,-6.922263496128466,7.577960108395603,0.0864479919789082,9.015453039052167,0.14092782749367744,0.9252156161073618,0.9962112199163767
9,62,-7.322646154094939,7.697448018085856,0.08623939573302623,9.097958529150024,0.05882709849966148,0.9231814169189332,0.9967915066451093
9,63,-6.445164727588356,6.819966591579273,0.07502776031147242,7.866328177978453,0.16340344979474505,0.9330994018401708,0.9978006347106859
9,64,-6.066260429530332,6.672833536030473,0.07182041123406607,7.501401004603078,0.448755268801565,0.9373785873731839,0.997999202061613
9,65,-6.098383099641329,6.527463448154273,0.068923157660869,7.362993330871394,0.536870006527063,0.9381270689665564,0.9983258315754475
9,66,-7.320628776786334,7.721990189671464,0.08060577090938421,8.700728091453456,0.531642792667089,0.9272226999063313,0.9979244129908298
9,67,-6.794836644735564,7.1770430322729535,0.07381122564255517,8.183581440703247,0.5483271825026544,0.9328732094524724,0.9980902911267281
9,68,-6.7296664240593715,7.393115511368283,0.07525064495120459,8.377630700755827,0.28580560673548666,0.9341438221454492,0.9977324092406801
9,69,-6.40383126071006,7.08786648442556,0.07156816393017072,8.045346872025018,-0.1489078127649919,0.9378956398641322,0.9978385825308836
9,70,-6.852235023187836,7.536270246903337,0.0752414457413893,8.52752857841237,0.16710398494760195,0.9342461749556555,0.9977368059443905
9,71,-6.563922134359711,7.0975222130470454,0.07022170192797332,8.084189397886341,0.3524255017731099,0.9372559045895775,0.9980784294504046
9,72,-7.297114875124414,7.830714953811748,0.07722670723403129,8.673227557348902,0.26630599540747574,0.931437467051608,0.9981295391992703
9,73,-7.86867585313842,8.121033232054236,0.07950916955056034,9.09381813774612,0.3207474024689483,0.92709488665874,0.9982777069378183
9,74,-8.26328994034541,8.546859819328084,0.08343687653872989,10.057639823446863,-0.06665235014043704,0.9236527591367224,0.9972775244260381
9,75,nan,nan,nan,nan,nan,nan,nan
9,76,nan,nan,nan,nan,nan,nan,nan
9,77,nan,nan,nan,nan,nan,nan,nan
9,78,nan,nan,nan,nan,nan,nan,nan
9,79,nan,nan,nan,nan,nan,nan,nan
10,0,-3.9771412750811885,5.2686407016204235,0.14879592329407942,6.909957464812702,-0.0770573892172795,0.8884056010167709,0.9797981287429661
10,1,-3.2804546266090644,5.014628454149629,0.13701241697570998,6.613858943888064,0.059982854228093636,0.9065415010380354,0.9798190466436875
10,2,-3.009690805989121,4.666296711218981,0.1236813681969774,6.12602941316195,0.2128072210888315,0.9169188750187877,0.9834313688966497
10,3,-3.155438961820472,5.050953491641289,0.12492794072999686,6.471120373661056,0.4232103330172686,0.9144465081463884,0.9835935858939461
10,4,nan,nan,nan,nan,nan,nan,nan
10,5,nan,nan,nan,nan,nan,nan,nan
10,6,nan,nan,nan,nan,nan,nan,nan
10,7,nan,nan,nan,nan,nan,nan,nan
10,8,nan,nan,nan,nan,nan,nan,nan
10,9,nan,nan,nan,nan,nan,nan,nan
10,10,nan,nan,nan,nan,nan,nan,nan
10,11,nan,nan,nan,nan,nan,nan,nan
10,12,nan,nan,nan,nan,nan,nan,nan
10,13,nan,nan,nan,nan,nan,nan,nan
10,14,nan,nan,nan,nan,nan,nan,nan
10,15,-7.500234649205342,8.51957977535872,0.15623484092687867,9.849946687777377,-0.057123482848040336,0.8733067324143929,0.9891622739335788
10,16,-6.773724360993546,7.246021980685689,0.1321580509827939,8.829586550163707,-0.030161335596062697,0.8869835425426837,0.9913388708819989
10,17,-5.610666540833954,6.268160192989917,0.1132956674845142,7.902018206712096,0.08658015881559986,0.9042720835807079,0.9916198620666258
10,18,-4.307735687143866,5.185936443449694,0.09180208396492955,6.674662152960693,0.1796288148724939,0.9250014819735833,0.9929949109068295
10,19,-3.6193060945555176,4.471237994815946,0.07714409871301214,5.705012206857883,0.44022041562869435,0.9366131812668319,0.9948842673783476
10,20,-2.528781265137974,4.306606102524444,0.07394996341446089,5.461697850183938,0.4020608694808767,0.9525787058500718,0.9936612084389396
10,21,-3.096196781929541,4.427992855669267,0.07587352152650916,5.539776843505898,0.4324981482617793,0.9443564792182231,0.9944112146427215
10,22,-3.2361047206672153,4.3827047619431205,0.07484794003160677,5.329853788326426,0.3955140904258381,0.9436941039898652,0.995312837181017
10,23,-3.066814546592113,4.30731188812666,0.07350080856005835,5.290729914827396,0.3220405816996935,0.9463063739081707,0.9951444130904401
10,24,-2.80333523199131,4.06119891477666,0.06960681446339673,5.787047804903123,0.13593029054921332,0.948873378612334,0.9932577093173108
10,25,-4.149340783400288,4.481311529059597,0.07686204317503974,6.156058958192738,-0.07438913478446664,0.9301161727792434,0.994729544742349
10,26,-4.688477725329364,5.020448470988673,0.08674777675746849,6.87795747549818,-0.15087533354685112,0.9213165686742616,0.9935687772651272
10,27,-4.798106370723364,5.130077116382672,0.08855599574028446,7.137071047001506,-0.15161409758303251,0.9186254768898929,0.9929528470083473
10,28,-5.954130234722202,5.9714965759730045,0.10373953815540238,7.7691021619786325,-0.13455311850057397,0.9024207756669997,0.9937977290122895
10,29,-6.600546893026619,6.600546893026619,0.11462604652617153,7.601473558378744,0.07617055697147254,0.8952461229531821,0.9964672336801949
10,30,-6.108189394076203,6.411227627901249,0.11139055848620368,7.455926942650867,0.009889259608891822,0.9012090703964195,0.9953832147631148
10,31,-5.736443870778462,6.039482104603508,0.10436419519248757,7.027151270796119,0.20534852202797468,0.9068904212422704,0.9958575156955402
10,32,-5.371446468954576,5.8399902884554695,0.10082102625710647,6.704713168665561,0.07684152827822183,0.9126259269403935,0.99588133640697
10,33,-4.636123317866994,5.375624066996881,0.09196671611340043,6.276662860954908,0.18732094609831199,0.9231804203194204,0.9954391971935345
10,34,-3.6126741378939,4.523706467960415,0.07677497770129704,5.811569707173823,0.18208741686047789,0.9379012487580177,0.9946818705506512
10,35,-2.780241765166515,4.617644453299254,0.07784281122859649,5.870292698836508,0.06470727863365985,0.9499856737857886,0.9930687448096196
10,36,-2.206232666660333,4.335420380153736,0.07266685431577176,5.502078178657383,0.04994787476096511,0.959089329442324,0.9933777589884948
10,37,-2.9153402540143816,4.879022381831938,0.082035260454624,5.987271587304167,0.09793936099311157,0.9477653574142783,0.9929645101764553
10,38,-3.5648864062392467,5.257611604427807,0.08953556759858577,6.395674148039292,-0.028006717651999226,0.9384827607977484,0.9927409852921987
10,39,-4.048463408449486,6.105555969676358,0.10348719008165945,6.920981645474704,-0.1593062884681159,0.9313423811603488,0.9919990943415609
10,40,-4.7838856113341715,5.942800829425013,0.10079002629944554,6.906173869001463,-0.17571658896847683,0.922214544987034,0.9937494591205217
10,41,-4.470208728924663,6.1944837029504685,0.10445381269948696,7.2547275667281115,-0.30837209716298203,0.9261953788739514,0.9918499736055213
10,42,-3.9215978567354592,5.89105274548507,0.09756054147233278,7.152686979489704,-0.18089845908125618,0.9344003989249352,0.991371225651621
10,43,-3.4451571689777616,5.6559175606071355,0.09125729376790631,7.072793078533066,-0.19379713927490422,0.9409901469930937,0.9911552866196309
10,44,nan,nan,nan,nan,nan,nan,nan
10,45,nan,nan,nan,nan,nan,nan,nan
10,46,nan,nan,nan,nan,nan,nan,nan
10,47,nan,nan,nan,nan,nan,nan,nan
10,48,nan,nan,nan,nan,nan,nan,nan
10,49,-6.744131064038682,7.43995381792271,0.10827002558703594,9.138727591241592,0.31650971352379026,0.90593493511186,0.993308891378939
10,50,-7.388402294789066,7.744586213344396,0.10958263764596694,9.449091840996125,0.3034106665336102,0.9014205300302024,0.9942848720897481
10,51,-7.3794585651475595,7.73564248370289,0.10737946374455495,9.397820238234669,0.3148096071919246,0.9032933526084175,0.9946267012268614
10,52,-6.912016186701062,7.260864603715663,0.0992573046330151,8.952869128116848,0.1670601050996846,0.9113935452267644,0.9949093731217026
10,53,-6.164451796973652,7.011064312490057,0.09329176339184807,8.713617912967793,0.11079340664992546,0.9204071163166812,0.9942395690636822
10,54,-5.8781898022077215,6.855339819057151,0.08951708123628652,8.454310871861564,0.0299976045069925,0.92535200235786,0.9944985623032295
10,55,-5.530570995952263,6.74570641241596,0.08677719490584897,8.62092439808277,0.07688871246973303,0.9298268866048165,0.9936639287067367
10,56,-4.998422773430825,6.668417292754181,0.08401751692896854,8.561309913940939,-0.012224608802159814,0.9371357856542761,0.9932081350906058
10,57,-5.68462688185866,7.354621401182016,0.09115487633524692,9.068529403220191,0.012005038345683719,0.9304426817443144,0.9933036815663833
10,58,-6.17261978446842,7.344850205289972,0.08860930676487992,8.77520576936393,0.14825234430327203,0.9277079887754833,0.995063397774164
10,59,-7.025989403815183,7.71883390628911,0.09134783666572564,9.230966664686678,0.12872488201211163,0.9208746499270352,0.9956593768477421
10,60,-7.880432036397321,8.335291139256979,0.09614972843629442,9.511220612798683,0.36952926762689464,0.914084266140762,0.9968036491635366
10,61,-8.012574423765479,8.19072850442146,0.09344782406561995,9.364744900960291,0.2625785448706264,0.9151314430750608,0.997349404114599
10,62,-8.047070318428071,8.244379424431791,0.09247672406747781,9.422337198655882,0.14423376813386965,0.9162697528109787,0.9973678168907504
10,63,-7.477668136830855,7.674977242834575,0.08499296003767501,8.75880968141152,0.10103121364961062,0.9231214752915712,0.9977340275089777
10,64,-6.813431247658929,7.242511596171873,0.07852046259313353,8.209176927035037,0.34286710179222346,0.9302592357103368,0.9978188035513814
10,65,-6.0572370884334,6.486317436946344,0.06864630430929855,7.34619150579842,0.563675429893352,0.9384656943758063,0.9982893606016857
10,66,-6.681948714583139,7.083310127468267,0.07386334239559463,8.158390731467469,0.5451041549312841,0.9330534388885655,0.9979236392090903
10,67,-6.0945779505307565,6.476784338068146,0.06652612683732002,7.5375518997423,0.5820702975984118,0.9391716438452787,0.9981787264057398
10,68,-6.23276574411266,6.896214831421571,0.07015244913845571,7.928827189812881,0.3578356426144172,0.9383700113948725,0.997803860649826
10,69,-5.883010924509647,6.634517587837197,0.0671025893365763,7.665906071239871,-0.09844132200765283,0.94230186918573,0.9977763466765563
10,70,-6.421251978756477,7.172758642084027,0.07184502160468145,8.287034772749655,0.24324678842129996,0.9376234289850386,0.9975595035500503
10,71,-6.529795927523256,7.130867445822641,0.0706842157929151,8.223813741357432,0.4267953581982047,0.937181919647456,0.9978371396290753
10,72,-7.241524795991169,7.842596314290554,0.07717770772976199,8.790693789794128,0.31910250339601515,0.9317573536628786,0.9979010378693787
10,73,-7.329159847955059,7.648988666482924,0.07472313804897744,8.788832455520561,0.2598660222424242,0.9316111653444903,0.9980422805577213
10,74,-8.015890314464295,8.299460193446969,0.08083051149579357,9.849655513420323,-0.21032806919260302,0.9260297270099014,0.9972836185994883
10,75,-7.225586440058774,7.509156319041449,0.07304437197044714,9.14509682565402,-0.13833101273307583,0.9327940973797644,0.9973730263313958
10,76,-7.233217707014753,7.5167875859974265,0.07297135224991905,8.843384105784027,-0.012083923466064465,0.9332433741699165,0.9978341184162042
10,77,nan,nan,nan,nan,nan,nan,nan
10,78,nan,nan,nan,nan,nan,nan,nan
10,79,nan,nan,nan,nan,nan,nan,nan
11,0,-3.9034587634078037,4.923044429690857,0.1399822886583556,6.3859229401798805,0.1106626834352125,0.8916759270798432,0.9834517586140349
11,1,-2.9602177243212147,4.835044003001183,0.13113044417962466,6.14382548826194,0.19718148267365138,0.9164334275924136,0.9818980914854093
11,2,-3.0013490109532404,4.798607367322503,0.12445240187978604,5.912596137203851,0.3334907421578176,0.9181424711557173,0.9850392675287113
11,3,-3.5160870025417053,5.281688321136204,0.12757838331955398,6.361571202134576,0.5217640252857496,0.9081175344904419,0.9861137105267355
11,4,nan,nan,nan,nan,nan,nan,nan
11,5,nan,nan,nan,nan,nan,nan,nan
11,6,nan,nan,nan,nan,nan,nan,nan
11,7,nan,nan,nan,nan,nan,nan,nan
11,8,nan,nan,nan,nan,nan,nan,nan
11,9,nan,nan,nan,nan,nan,nan,nan
11,10,nan,nan,nan,nan,nan,nan,nan
11,11,nan,nan,nan,nan,nan,nan,nan
11,12,nan,nan,nan,nan,nan,nan,nan
11,13,nan,nan,nan,nan,nan,nan,nan
11,14,nan,nan,nan,nan,nan,nan,nan
11,15,-8.048866573810665,9.068211699964044,0.16708041032183585,10.050317740737878,0.18198510337000426,0.8654529911548982,0.9903923951036384
11,16,-7.860378744580048,7.886647600625447,0.1440587552783544,9.104987609871614,0.30663411715087624,0.8728281141153054,0.9943512491925649
11,17,-6.900347211637819,6.926616067683218,0.12480083567465687,8.226301129346648,0.30037745276769406,0.8877783486487868,0.9946716111629778
11,18,-5.197401859936973,5.37744104812218,0.09497629017467733,6.6716999684002225,0.3595300239523415,0.9135489495867338,0.9953756072747674
11,19,-5.045719832047362,5.19949016418717,0.08984181841427492,6.44483586136356,0.4367682942837798,0.9167602615234294,0.9959354393106238
11,20,-3.878555589235603,4.9567000218797395,0.0855094542418162,6.002564678691537,0.3834547625172164,0.9327588473190974,0.9945146561203834
11,21,-3.917063752821118,4.995208185465255,0.08558551993258966,5.966534952785493,0.41206521332582013,0.9323287823939705,0.9947814454060111
11,22,-3.846043145182489,4.9241875778266255,0.08426120946995946,5.758731003365516,0.31329861771448764,0.9344008129744794,0.9952690575774334
11,23,-3.871651000754545,5.110629505667378,0.08726240834947874,5.853639399212214,0.19874856955797005,0.9341826938326026,0.9950679095920815
11,24,-3.357686580071586,4.614031426235222,0.07926717370931403,6.152149184225108,0.05723085199477135,0.9402458013736239,0.9930744488780112
11,25,-4.34033705159427,4.672307797253577,0.08026587863856824,6.234094662153444,-0.23691948140182112,0.9275656050312249,0.9948952614664577
11,26,-4.794040665259497,5.126011410918804,0.08870826693370448,6.874727677689249,-0.19132488888225585,0.9199102150742113,0.9938177409190442
11,27,-5.124479677405736,5.456450423065044,0.09420270039461742,7.2544230340323645,-0.22078088118064138,0.9144954693971812,0.9933796873159426
11,28,-6.208898179491282,6.226264520742085,0.1082259500901623,7.953932955790486,-0.239842543587903,0.8991273816938619,0.9938582824775516
11,29,-6.944404419823549,6.944404419823549,0.12047831928248275,7.850216740278636,0.034765027338221996,0.8908191412293528,0.9966877177546591
11,30,-6.444793294366283,6.747831528191329,0.11679064638384876,7.706179398600835,0.05569489813231949,0.8968982404380151,0.9955624295060911
11,31,-5.544736088981117,6.1679121966147115,0.10613268522788583,7.081357264786761,0.1955688583450462,0.909344819040506,0.9951668272200591
11,32,-5.101873419349696,5.890555112659138,0.10099389257994348,6.768136242989681,0.20016326380772573,0.9159049198731979,0.9950391147898779
11,33,-4.226817293057114,5.252399758927763,0.08918550775116994,6.130347385827619,0.3115731705268748,0.9288407700284502,0.9950335585778092
11,34,-3.510579815607215,4.70769386241449,0.07948806211334776,5.924005489370575,0.2783487318276815,0.9389443771115088,0.9942230066628969
11,35,-2.7934786014788973,4.825738302582773,0.08128918998074174,6.074852298257204,0.09540862178152791,0.9487673671878776,0.9924867439794025
11,36,-3.035266759140092,5.039173611796083,0.08418513147162225,6.374490586615566,-0.02298352181814078,0.9450044734712827,0.9920692195824599
11,37,-3.4805801770790485,5.318981444059193,0.08926907308415545,6.586408552778556,0.038306932817137304,0.938293067211839,0.992131544093018
11,38,-4.319989726772448,5.9214902211913865,0.10063460993031365,7.056878755670705,-0.08465781734196162,0.9262084544538673,0.9921629253151069
11,39,-4.959491795706453,6.9253596531637,0.11665028160171628,7.8992082218096025,-0.04364345033510744,0.9160761843385712,0.9907669356467007
11,40,-6.2027890989631524,7.351440451186273,0.12355001046981663,8.353129924602916,0.007926319164960964,0.9007424992691399,0.9925862403967289
11,41,-5.814574721109384,7.44545753068685,0.12487396449112952,8.393175101719699,-0.12102315810103144,0.9059054383824893,0.9912221634460359
11,42,nan,nan,nan,nan,nan,nan,nan
11,43,nan,nan,nan,nan,nan,nan,nan
11,44,nan,nan,nan,nan,nan,nan,nan
11,45,nan,nan,nan,nan,nan,nan,nan
11,46,nan,nan,nan,nan,nan,nan,nan
11,47,nan,nan,nan,nan,nan,nan,nan
11,48,nan,nan,nan,nan,nan,nan,nan
11,49,-5.898886599774306,7.0727275772746045,0.10281711770088407,8.723559437989746,0.18394706545395414,0.9159614701576305,0.9925976920437929
11,50,-6.708422996371797,7.542625138543397,0.10619808212460954,9.136145529662567,0.3426913201623393,0.9084188626372163,0.99366393038018
11,51,-6.754130345868395,7.990649071242237,0.11071834167502934,9.53527948116615,0.224434245131581,0.9090167720567873,0.9927355262708747
11,52,-6.520640509768025,7.578292062462774,0.10379928065918297,9.160953038963154,-0.026612940142351563,0.9144570661931823,0.9934316725294042
11,53,-4.735037497182563,6.290453148379116,0.08340265838626088,7.607231389332942,0.29433291669715966,0.9368168665641995,0.9944981632674939
11,54,-4.717547997088033,6.290696272850727,0.08212959980426644,7.520792059117919,0.11236104824187837,0.9389878870569474,0.9947910330880357
11,55,-3.5391549603097827,5.350288635686745,0.0686710269837488,6.893856018460146,0.2018659717262168,0.9533361199533282,0.9947863033795733
11,56,-3.517418180189491,5.3810943752238725,0.0670782547095969,6.962095209438965,0.3111331527682488,0.9545386466277428,0.994870847288179
11,57,-4.450418597136092,6.120413116459448,0.07479040295991433,7.603890909936389,0.23153504175332784,0.944689953344748,0.9948944112931399
11,58,-5.274144952420775,6.446375373242327,0.0773863731800152,7.774674298248409,0.2821042136277579,0.9374922439878762,0.9958264044078565
11,59,-6.525919478545943,7.21876398101987,0.08507460192718762,8.638258646506744,0.287066628786192,0.926112288616937,0.9961235844144418
11,60,-8.014407331066536,8.469266433926196,0.09770421158144728,9.573752636634321,0.3866857270221402,0.9128915224048207,0.9969138643221388
11,61,-7.970464011604292,8.148618092260271,0.09303210390102029,9.291978261453313,0.35496223531743426,0.9152608459506959,0.9974359668820091
11,62,-8.064223774251426,8.261532880255144,0.09247781107621364,9.408372195906248,0.23543789054882608,0.9160839667598748,0.9974503856053162
11,63,-7.7596583209036725,7.956967426907393,0.08794902124086028,9.110394031141459,0.1232005640439254,0.9203181640513013,0.9975539283153125
11,64,-7.479502721746684,7.676811827750402,0.08307029421976617,8.669404385003336,0.4274993923531665,0.9242526303545457,0.998030120070514
11,65,-6.559428284718758,6.756737390722479,0.07137961803107727,7.613041825397055,0.6209646459898148,0.9339239178555133,0.9985466016222647
11,66,-7.285376708216071,7.304531733563811,0.07604088523575019,8.387275222931121,0.5711718257570905,0.9280692145082678,0.9983888163025372
11,67,-7.193522098346275,7.193522098346275,0.07407576053604005,8.211147056600678,0.567420232080111,0.9296757499911835,0.9985658402139495
11,68,-7.3223046068495,7.603547306621022,0.07751611940104544,8.546800315140834,0.288991483108543,0.9291807711278264,0.9982316477639309
11,69,-6.825648362832348,7.17436250221592,0.07278033657807997,8.20625795576908,0.05163050521164496,0.9341095322835512,0.9981006110434467
11,70,-7.719119213039258,8.06783335242283,0.08095710607180306,9.294449620370289,0.18167208388793432,0.926503618139886,0.9976505959661709
11,71,-7.6985409291477955,8.047255068531367,0.08001338519463448,9.242223389125027,0.30813993171962933,0.9271908530582228,0.9977570438945611
11,72,-7.623833352694589,7.972547492078161,0.07825257833733545,9.078616703460023,0.3109804944400764,0.9287203529070913,0.9979697878473953
11,73,-8.178339613706079,8.245811053318128,0.0804723349468623,9.492512686070974,0.19646996523930174,0.9246004271680113,0.9980940969666346
11,74,-8.282717248559495,8.566287127542171,0.08337022300673064,10.160637242769484,-0.39220969556685126,0.9238117438180357,0.9971424367187927
11,75,-7.202978117727891,7.486547996710567,0.0727700591773444,9.020338193342017,-0.168420730418468,0.9331148965647094,0.9975352952429443
11,76,-7.2618623131232445,7.5454321921059195,0.0732426703982963,8.758795729543184,-0.002670728572475546,0.9330798094450181,0.9979920021126728
11,77,-6.960967066977449,7.244536945960124,0.07050772980963696,8.753214315327952,-0.04955447807346869,0.9351978900663342,0.9976298098128117
11,78,-6.306158979308296,6.589728858290971,0.06408839179837617,8.186947360661378,-0.008455736042870995,0.940833382229715,0.9976904709504394
11,79,-6.406725946492713,6.406725946492713,0.062350457706419754,7.639677202109256,0.1902555272844144,0.9403946496494257,0.9985326858476165
12,0,-4.466781199341563,5.343038012223384,0.1515265805156508,6.750922320139617,0.11800260289923441,0.8794668879915072,0.9838094746462591
12,1,-2.865691876192974,4.647425131564443,0.12772035170732213,5.9646391833748345,0.04491595334079976,0.9199656435603165,0.9824689953448751
12,2,-2.531788745891252,4.235954078952015,0.11131699686064925,5.438137063600386,0.27246735373810177,0.930325173977997,0.9861348569389708
12,3,-2.68399452578053,4.35650282106653,0.10529963042665419,5.459882043075004,0.5834490256637245,0.9275000287120357,0.9883171720520526
12,4,nan,nan,nan,nan,nan,nan,nan
12,5,nan,nan,nan,nan,nan,nan,nan
12,6,nan,nan,nan,nan,nan,nan,nan
12,7,nan,nan,nan,nan,nan,nan,nan
12,8,nan,nan,nan,nan,nan,nan,nan
12,9,nan,nan,nan,nan,nan,nan,nan
12,10,nan,nan,nan,nan,nan,nan,nan
12,11,nan,nan,nan,nan,nan,nan,nan
12,12,nan,nan,nan,nan,nan,nan,nan
12,13,nan,nan,nan,nan,nan,nan,nan
12,14,nan,nan,nan,nan,nan,nan,nan
12,15,-7.301504674686992,8.539477222707614,0.15656620219401599,9.458336613169024,0.22506652250743706,0.8759133576543238,0.9903691627818584
12,16,-7.525983993309232,7.798075115240259,0.14173373886941226,8.806533702707688,0.40943696684053277,0.876797370925474,0.9945464144312507
12,17,-6.697103013213702,6.969194135144729,0.1250692934367474,7.961132604828557,0.4659195848203471,0.8899836270843724,0.9951910378300678
12,18,nan,nan,nan,nan,nan,nan,nan
12,19,nan,nan,nan,nan,nan,nan,nan
12,20,nan,nan,nan,nan,nan,nan,nan
12,21,nan,nan,nan,nan,nan,nan,nan
12,22,nan,nan,nan,nan,nan,nan,nan
12,23,-5.656870474021522,6.771368296597413,0.11699762285017246,8.042862689528336,-0.029261529317470378,0.90548745147772,0.9918948977700367
12,24,-5.299213663007392,6.413711485583283,0.11086976480427069,8.064392259471107,-0.028301683917684745,0.9095324651365955,0.9907830904270578
12,25,-6.197581264150712,6.3877049862222774,0.11039565211473,8.060728621674642,-0.27328557151363825,0.8996393636359219,0.993471059580337
12,26,-6.286022400197514,6.476146122269078,0.1126405703493107,8.236324703712876,-0.31393079612869834,0.8979283369792442,0.9929681438725155
12,27,-6.196242405295069,6.3863661273666334,0.11084508317150667,8.275050645425123,-0.20775064075681138,0.898456712773762,0.9925852983178477
12,28,-6.226657921711566,6.33604285091386,0.11013308964058653,8.2139005618283,-0.07078954166512982,0.8976790696487192,0.9929337454080727
12,29,-6.491365597928352,6.600750527130649,0.11449252028546895,7.758255525761299,0.15261203134426227,0.8957946400328416,0.9955755634285949
12,30,-6.096155556484116,6.508578719511457,0.11273374638757354,7.691327967033855,0.1840938524363244,0.9003890274741605,0.9945484131081574
12,31,-5.032253528188645,6.102957954336042,0.10514467405187966,7.128663687738712,0.21804431367606322,0.9149700029959532,0.9935619973118551
12,32,-4.216887938614795,5.748631565272856,0.09859917079550513,6.707522016487563,0.16027533800640442,0.9270125658126236,0.9930271681590737
12,33,nan,nan,nan,nan,nan,nan,nan
12,34,nan,nan,nan,nan,nan,nan,nan
12,35,nan,nan,nan,nan,nan,nan,nan
12,36,nan,nan,nan,nan,nan,nan,nan
12,37,nan,nan,nan,nan,nan,nan,nan
12,38,-5.229169146153779,6.268852874067195,0.10712801506062172,7.454365694040774,-0.1705891997285677,0.9139497978355499,0.9929214910541934
12,39,-6.007102837052754,6.875254984029544,0.11652934504515476,8.042470072325584,0.025475930898087838,0.9029345129502585,0.9930997218601146
12,40,-6.476999402632938,7.301397225667132,0.1232023639230787,8.45119036214808,0.19126428343126337,0.8961069713891149,0.9931667731978188
12,41,-6.600986660923318,7.589078062409094,0.1277434922213265,8.615107669196366,0.09685898374919533,0.895044242744665,0.9928531252950143
12,42,nan,nan,nan,nan,nan,nan,nan
12,43,nan,nan,nan,nan,nan,nan,nan
12,44,nan,nan,nan,nan,nan,nan,nan
12,45,nan,nan,nan,nan,nan,nan,nan
12,46,nan,nan,nan,nan,nan,nan,nan
12,47,nan,nan,nan,nan,nan,nan,nan
12,48,nan,nan,nan,nan,nan,nan,nan
12,49,-6.503503274657724,7.376655948894707,0.10773976796563543,9.09926305188293,0.14835655059180217,0.9085441836293363,0.9927901757080001
12,50,-7.431963996720968,7.965477835629251,0.11331230310559308,9.59329142147417,0.29778237684508857,0.8998746230510863,0.9939181220412313
12,51,-7.14295922130425,8.078789643414774,0.11286667993415264,9.7049384040265,0.22566916804155387,0.9044067734798212,0.9930142200025809
12,52,-7.291100116609914,7.999903252290064,0.11063229479624273,9.462461299346506,-0.06721557432521384,0.9059955710747176,0.994136314545403
12,53,-6.452481823749852,7.27805488411572,0.09770431705714197,8.72316138703029,0.3025581735782889,0.9168541679532758,0.9947292268673388
12,54,-5.707204127417233,6.899358229363843,0.09034018747672107,8.225701985490273,0.25344260577540295,0.9271812383589594,0.9947697912140072
12,55,-4.125064775145834,5.644609905245034,0.07255911068370356,7.386404340813563,0.2526249438474229,0.9460090375516574,0.9944618783535687
12,56,-3.908601474840103,5.480689124596721,0.06876073682722308,7.212907841893426,0.2710072535415822,0.9500574997901342,0.9947622658441452
12,57,-4.779447335028823,6.157853309074417,0.07557452440463946,7.828500326778731,0.14923720512940597,0.9411685052764948,0.9948304848256023
12,58,-4.968125708402448,6.229761757762321,0.07462181724080283,7.5935018792252285,0.2819425253627001,0.94045735704392,0.9957774658614768
12,59,-5.770797755866306,6.553047886878553,0.07722629053063537,7.836256423313496,0.39085501939486333,0.9340123211730931,0.9965548034519341
12,60,-7.3118227037147765,7.766681806574436,0.08959379640283116,8.811971910939619,0.45668803780476996,0.9200645425468674,0.9972342310137675
12,61,-7.162644294629961,7.474486635167954,0.08548886247763521,8.64034856315364,0.2582970005133914,0.9231381354814422,0.9973151054129332
12,62,-7.099075337782993,7.430072703668727,0.08333276074915648,8.627304670600251,0.11645013604121444,0.9251678251957713,0.9973384202057486
12,63,-6.575834052944438,6.906831418830173,0.07626814849811515,8.16764891357077,0.07520051623974404,0.9313071392233891,0.9974626803631713
12,64,-6.712904076417981,7.043901442303715,0.07636842367186467,8.292258607102069,0.35438086196369817,0.9308203899752312,0.9975543230594441
12,65,-6.05626140603543,6.387258771921165,0.06747835770736671,7.417302700157551,0.6364988853791779,0.9380538485874014,0.9982104664178886
12,66,-6.753108964893172,6.772263990240913,0.07064013776734636,8.035939357115666,0.5285356481882676,0.9326144188766129,0.9982034391040774
12,67,-7.027021204013414,7.027021204013414,0.07230223871811696,8.27021917249916,0.5792512951986746,0.9307680078109505,0.9982647318159699
12,68,-7.656142572405738,7.937385272177259,0.0806449762337193,9.228848552269644,0.43034492774981914,0.9255546627910118,0.9976428978579782
12,69,-7.219036911999665,7.567751051383237,0.0764702948952808,8.964361001961123,0.2343969213181683,0.9299604309457963,0.9974827039896509
12,70,-7.827933432125608,8.176647571509179,0.0817788978826422,9.61847719732808,0.3084715828785374,0.9251672261715246,0.9973057860395979
12,71,-8.010505774143674,8.359219913527244,0.08301261611303445,9.593294442829217,0.27314385753204873,0.9244968928297553,0.9976296193214288
12,72,-7.412432146840633,7.761146286224204,0.07620015563565827,9.040933353733264,0.36420826454396815,0.9301274470793647,0.9977607257493539
12,73,-7.920820130050622,7.988291569662672,0.07837635026643447,9.310179755272776,0.3124285396068777,0.9263201541457718,0.998009339842768
12,74,-7.875625546581168,8.357391251701701,0.08168617846329677,9.967457009213378,-0.07936247316688091,0.9266857133284084,0.9968784554691076
12,75,-7.29213892698187,7.773904632102403,0.0762671007546387,9.319771162202555,-0.04185890661884787,0.9315924064137849,0.997132588157258
12,76,-7.355630159062786,7.837395864183318,0.07671765914450857,9.197288925610588,0.07755801882248056,0.9313957840523899,0.9974129720880767
12,77,-7.673758919131176,8.155524624251706,0.07997448974931512,9.529612832306634,-0.14317994535043724,0.9287372428465832,0.9972849049211838
12,78,-6.948904726898084,7.4306704320186165,0.07253349228519415,8.768490154888225,-0.1234369202639689,0.9351405869062092,0.9975691494994179
12,79,-7.469106591325589,7.469106591325589,0.07302259401196988,8.462381525688201,0.1040698003119952,0.931239115143628,0.9986607876324148
13,0,-5.590739529591972,5.899488438716478,0.16638141842391196,7.0264628116690275,0.3554627994918644,0.8592497526883284,0.9889735648320623
13,1,-3.69829790838182,5.085993682232912,0.13928044757857186,6.207396337769814,0.11424246845677663,0.9028838012659216,0.9843331008000722
13,2,-3.343580974333762,4.731276748184854,0.12349356662190723,5.731287684321422,0.3403776643231378,0.9133681812061084,0.9874322955709485
13,3,-3.6163429383472065,5.004038712198298,0.12073210480136265,5.9147524283722515,0.6166090708543076,0.9082608582534512,0.9892629111850347
13,4,-3.91056388149094,5.259218983290398,0.12334193438455218,6.156070130611473,0.6377298197618139,0.9057138219304869,0.9897648798226294
13,5,-3.9898534019954948,5.456404996245954,0.12336417628254108,6.368858760082848,0.5877897017047653,0.9070885383232367,0.9895799574143482
13,6,-5.360602530945848,6.262256829788108,0.1388318507572584,7.140594694572105,0.36081031082435544,0.8882090550767606,0.9909880024956128
13,7,-5.488957548826362,6.901812308179783,0.14826909131056074,8.06860478481332,0.10886249987261422,0.8853046976205899,0.9868977802621293
13,8,-5.405137234670977,6.817991994024399,0.14143755354333196,7.987306682502501,0.3184918057830119,0.8885351934693283,0.9879775461063741
13,9,-5.7322639671770865,7.117624028348223,0.1456585893424889,8.395101261722317,0.21138995164215882,0.8855608880823286,0.9874408052281691
13,10,nan,nan,nan,nan,nan,nan,nan
13,11,nan,nan,nan,nan,nan,nan,nan
13,12,nan,nan,nan,nan,nan,nan,nan
13,13,nan,nan,nan,nan,nan,nan,nan
13,14,nan,nan,nan,nan,nan,nan,nan
13,15,-7.290991246048403,8.643741539966245,0.15879869932672863,9.547582397717633,0.2359152990139708,0.875750663767011,0.9898489029197961
13,16,-7.486468118715935,7.87333698654418,0.14262949333999106,8.873968772859111,0.38726040157824715,0.8772088538453834,0.9941438882059739
13,17,-6.614333077065608,6.886424198996635,0.12354117406642558,7.7200716058592045,0.41582541758928626,0.8920387465562282,0.9958277778287566
13,18,nan,nan,nan,nan,nan,nan,nan
13,19,nan,nan,nan,nan,nan,nan,nan
13,20,nan,nan,nan,nan,nan,nan,nan
13,21,nan,nan,nan,nan,nan,nan,nan
13,22,nan,nan,nan,nan,nan,nan,nan
13,23,-6.441034491404106,7.59710380568659,0.13175668856591927,8.692760203535634,-0.3225411130485568,0.8948049175269239,0.9915601682449605
13,24,-5.9095918577643625,7.065661172046846,0.12272284444420366,8.663695104570575,-0.3681615018352216,0.9009245522236196,0.9899941480269697
13,25,-7.2942184458303005,7.2942184458303005,0.12658605471742246,8.829721463447804,-0.30270885407444725,0.8850745400237344,0.9939622472337042
13,26,-6.931621260051227,6.950403258820449,0.12105128648475866,8.713048482099154,-0.29334451929328936,0.8891403404150362,0.9931489725044597
13,27,-6.094206892189303,6.5289396259416845,0.11303188350801734,8.38169190272384,-0.20276452160034975,0.8994107933669923,0.9918566019636441
13,28,-5.865300120374524,6.409417783329201,0.11127813729511311,8.301266953533261,-0.10677954616679446,0.9017472362437307,0.9914433908534732
13,29,-5.79632258115879,6.340440244113467,0.10986611338443841,7.557430573629234,0.13997232986571614,0.9043598549059063,0.9941415601891368
13,30,-4.952037404524583,5.921853293358096,0.10268096347900338,7.225189776667159,-0.02481305122262766,0.9160425867032115,0.9928798182084357
13,31,-4.117204574173736,5.72651972735808,0.09870429690870516,6.705768193079559,0.0709616482003933,0.9282860440956211,0.992710693342745
13,32,-3.772257569186232,5.426661187898082,0.09323823333221502,6.25082979137565,0.16905922446762542,0.9341362767517115,0.9935087468968623
13,33,nan,nan,nan,nan,nan,nan,nan
13,34,nan,nan,nan,nan,nan,nan,nan
13,35,nan,nan,nan,nan,nan,nan,nan
13,36,nan,nan,nan,nan,nan,nan,nan
13,37,nan,nan,nan,nan,nan,nan,nan
13,38,-5.7756046754751615,6.096301132293721,0.10445252874873781,7.199645538253589,0.18102141482236925,0.9065012870523369,0.9954887203559298
13,39,-5.682141003969207,6.148758191867689,0.10393265133399886,7.420584778825481,0.263267628792512,0.9076530320282351,0.9945702933995939
13,40,-5.420983859668058,6.4085149993437405,0.10738539546792884,7.695277342881795,0.24555074742824706,0.9103633294868265,0.9929572509577441
13,41,-6.003650290198434,6.852611069585116,0.11526086252212103,8.175308035781107,0.1991018335256385,0.9023758650905557,0.9927970764389902
13,42,nan,nan,nan,nan,nan,nan,nan
13,43,nan,nan,nan,nan,nan,nan,nan
13,44,nan,nan,nan,nan,nan,nan,nan
13,45,nan,nan,nan,nan,nan,nan,nan
13,46,nan,nan,nan,nan,nan,nan,nan
13,47,-4.382076713351054,6.046514442179939,0.09197272729755371,7.16886668668972,0.009547179694658563,0.9335919930111602,0.9934626357419675
13,48,-5.606390159171496,7.028787557955553,0.10419018284186529,8.557861910625439,0.2417478347681722,0.9169047887691061,0.9922026906277619
13,49,-6.5714872860227045,7.510166860860633,0.10985047010064473,8.955318413004427,0.2867346347238063,0.9070460665507968,0.9934172806884175
13,50,-7.099295314643544,7.698336054152776,0.1101187034260485,9.06069515117086,0.47656656849538,0.903135276470544,0.9947000565430967
13,51,-7.01263022915675,8.013987551868222,0.11230605681102407,9.259740102295522,0.478981484188312,0.9056367235311125,0.994050741779727
13,52,-7.133817076359971,7.908147112641068,0.10981072350521887,9.219310412266928,0.29342571908626636,0.9074677239287161,0.9944506506340023
13,53,-6.293814713239011,7.119387773604882,0.09619134524212854,8.3442540474861,0.3101213481700893,0.9193575122221043,0.9952986217218772
13,54,-5.343822396479479,6.53597649842609,0.08575833086359307,7.765473142385691,0.21462740820571183,0.9318310452333953,0.9952037312722772
13,55,-4.410376873535307,5.889176827465674,0.07594353970534905,7.482012355146041,0.13614543418222036,0.9428884623458748,0.9946028113701005
13,56,-3.8171318419451965,5.348474315532983,0.06744808777426732,7.038301887126409,0.25452638280580775,0.9511260918966196,0.9949496622040462
13,57,-4.962215461684455,6.299876259561215,0.07802046035208747,7.807115697412529,0.15254200472931803,0.9391083663466719,0.995026358016007
13,58,-5.4983275347479585,6.719218407938999,0.081092216790737,7.894346354396203,0.31066228360436154,0.9345161325866919,0.9958617781218476
13,59,-5.9195052446032355,6.66101019944665,0.07935230442668324,7.845608028911531,0.3956798198508852,0.9321319487323423,0.9966720540397869
13,60,-7.15524977210913,7.610108874968789,0.08827258337011523,8.704692034948899,0.5109699673662302,0.9210914737660948,0.9971549757938455
13,61,-7.401353870586968,7.535042130468984,0.0866686482126437,8.678229723930112,0.3934496883483842,0.9205165967444493,0.9976351784162428
13,62,-7.707406443867485,7.841094703749502,0.08807451476468753,8.854035439336457,0.3756834482000654,0.9191804857912067,0.9979313919982076
13,63,-7.2864020193454895,7.420090279227506,0.081529812658155,8.64970780731187,0.48053805595374194,0.9241014459622046,0.9977477767923094
13,64,-7.715653883117995,7.849342143000012,0.08474124140576687,8.94415510326012,0.5041845100353626,0.9217011847592053,0.9979562936061535
13,65,-6.8027922403420895,6.936480500224104,0.07339025513155703,8.035454794981575,0.6519739799555969,0.9310614389752588,0.9982406489282871
13,66,-6.869603699745852,6.869603699745852,0.07182669790270559,8.00174574961647,0.4823972586209514,0.9318732148785727,0.9983873082739363
13,67,-7.008836604836457,7.008836604836457,0.07230743180489953,8.231195344160119,0.5532439459897791,0.9308024966576925,0.9982905570939008
13,68,-7.868921630796365,7.868921630796365,0.08025957021018566,9.070446242641896,0.6237144495819331,0.92362319435987,0.9982178434270877
13,69,-7.399795179951215,7.467266619563264,0.07583282087699168,8.777647764011524,0.4380953330550276,0.9282997534223534,0.9980157430282539
13,70,-8.069697634922356,8.137169074534405,0.0819982765687222,9.323513802254842,0.4190658144638389,0.9232980067056202,0.9980988472025437
13,71,-8.907219832256992,8.974691271869041,0.08988739866870828,9.963900753128927,0.3898607748136422,0.917030158640959,0.9982872223409556
13,72,-7.972562415693684,8.040033855305733,0.07945306825644236,9.18663958879804,0.3362289326097204,0.925541316419713,0.9982466155082033
13,73,-7.719022552389547,7.7864939920015965,0.0767119459459794,9.09439985651223,0.26937294653911464,0.9278088736543941,0.9980539285473915
13,74,-7.357621106181703,7.839386811302236,0.07690054616515696,9.162315244183644,-0.057899216082202165,0.9313210716489949,0.9974546207961831
13,75,-7.233715464469821,7.715481169590353,0.07574735464903191,8.816780322266307,-0.05938635950504611,0.9326232327732784,0.9978121330538624
13,76,-7.012728148083131,7.494493853203664,0.07341849319590253,8.490079325279627,0.1008414898343688,0.934730891391161,0.9980291046255713
13,77,-7.517737289728259,7.99950299484879,0.07853609328783306,8.962384547325174,-0.08983235350797421,0.930444676647511,0.997946450008655
13,78,-7.081150332436546,7.562916037557078,0.07398786160787556,8.341149562158773,-0.06305632959541971,0.9344288597062617,0.9983246188512155
13,79,-8.100205636730092,8.100205636730092,0.0795113703156879,8.82571487662943,0.24369641821376442,0.9256817235766241,0.9989681564461709
14,0,-5.725084825487887,6.267874406877882,0.17649567359058238,7.254050188195116,0.3934212077736528,0.855572337601617,0.9881131455506731
14,1,-4.366310000847346,5.722828826234294,0.15613596294132367,6.750629270075845,0.21333818083167164,0.8864888763526271,0.9839105668662881
14,2,-3.6822533352898676,5.391111535537785,0.1398870207240255,6.36804659914083,0.3180815539220066,0.9037973146366814,0.9848632190436726
14,3,-4.007805234727323,5.71666343497524,0.13764016790505956,6.624859048616575,0.5741101209271074,0.8983777360558977,0.9867954053978099
14,4,-4.466091748050252,5.94242697194677,0.13994795041588065,6.842033424582584,0.5332060949556762,0.8948286946336562,0.9880153774613325
14,5,-4.0950085401639456,5.697628758777927,0.1295023753427421,6.664218730995139,0.4756097363891877,0.904699684603949,0.9882454995817769
14,6,-5.249390250228513,6.552330794163928,0.1444815815835607,7.380722896437001,0.25936368428849377,0.8887317762516211,0.9893437497146255
14,7,-5.314874810686446,7.087095530246333,0.15205827188045834,8.2156938060568,0.014350766250979067,0.8875222410327546,0.9852516308690626
14,8,-5.306719155882932,7.078939875442818,0.1466919406246779,8.189254278384295,0.2606174527534872,0.8895088768984307,0.9864730929874452
14,9,-5.203649283570888,7.058451375747935,0.14437236385872856,8.304907024253316,0.13483745157010893,0.8940448762813586,0.9858081169402535
14,10,nan,nan,nan,nan,nan,nan,nan
14,11,nan,nan,nan,nan,nan,nan,nan
14,12,nan,nan,nan,nan,nan,nan,nan
14,13,nan,nan,nan,nan,nan,nan,nan
14,14,nan,nan,nan,nan,nan,nan,nan
14,15,-8.082585898510061,8.442259922319922,0.1563184277347281,9.219921770494194,0.37315310738842067,0.8681203257336435,0.9946350333814236
14,16,-7.80789592317119,8.194764790999436,0.14891480066871174,8.95683488722206,0.3871846470758384,0.872956231424358,0.995024712657279
14,17,-7.723359256120964,7.9954503780519905,0.143980449824734,9.079456006972118,0.18895750035087147,0.8751729414041143,0.9941494301205313
14,18,nan,nan,nan,nan,nan,nan,nan
14,19,nan,nan,nan,nan,nan,nan,nan
14,20,nan,nan,nan,nan,nan,nan,nan
14,21,nan,nan,nan,nan,nan,nan,nan
14,22,nan,nan,nan,nan,nan,nan,nan
14,23,-6.510605815102945,7.826192323486246,0.13640382312884491,8.798204127533888,-0.19929823590157206,0.893021059243879,0.991259690556414
14,24,-6.518632679911539,7.834219188294841,0.13609969956030116,9.218039832423505,-0.2520915723260174,0.8915312910375982,0.9895691786543226
14,25,-7.961559054814545,7.961559054814545,0.13835454550106846,9.346720626862522,-0.08967348828748042,0.8752438665034122,0.9942891118000624
14,26,-6.936641471082181,6.9554234698514055,0.12072359925039194,8.713546466425294,-0.13185106353514722,0.8887806846313043,0.9932426515658727
14,27,-5.7374159484514635,6.172148682203844,0.10641738210193788,7.930040933624917,0.03197487310399659,0.9045793722007937,0.9926192261089739
14,28,-5.198482675013732,5.742600337968409,0.09887707585006605,7.609289821379753,0.09846113647109601,0.9117741078445947,0.9923232199912523
14,29,-5.1671869858368495,5.711304648791526,0.09834983943432471,7.2100170483497035,0.22179546604472686,0.9130312183617109,0.9936884413273082
14,30,-4.8246174844592415,5.4913951394677065,0.09478380062108709,7.022777018076069,0.1654686449508258,0.9180688449725708,0.9933889812065524
14,31,-4.706150169396463,6.012427088755761,0.10420193705499922,7.262533592245073,0.05154285773653958,0.9183372350876404,0.9921275842506311
14,32,-4.6439509997373545,5.995316384624158,0.10376923884196165,7.287877950792925,0.08318850588672161,0.919146556597494,0.9919043476579775
14,33,nan,nan,nan,nan,nan,nan,nan
14,34,nan,nan,nan,nan,nan,nan,nan
14,35,nan,nan,nan,nan,nan,nan,nan
14,36,nan,nan,nan,nan,nan,nan,nan
14,37,nan,nan,nan,nan,nan,nan,nan
14,38,-4.931303630340228,5.383263494654536,0.09248823486310952,6.582277081169757,0.0972056094956555,0.9183848412795158,0.9952103643553387
14,39,-5.002996771910973,5.600877367305205,0.09484702426597769,7.1245602121101035,0.20958358960799545,0.9165003919421131,0.9937198669102129
14,40,-4.455836349536174,6.125752006000097,0.10250763315655284,7.538456724545024,0.08033731773800429,0.922834827171703,0.9910035405000802
14,41,-5.3717982964540125,6.7718801851331865,0.11341570148379844,8.142864318359662,0.12244150756837249,0.9101488766299942,0.9911276532366408
14,42,nan,nan,nan,nan,nan,nan,nan
14,43,nan,nan,nan,nan,nan,nan,nan
14,44,nan,nan,nan,nan,nan,nan,nan
14,45,nan,nan,nan,nan,nan,nan,nan
14,46,nan,nan,nan,nan,nan,nan,nan
14,47,-3.97995346794156,5.979797831375786,0.09082722943459999,7.092567098403942,0.07404141491686939,0.9381650437636622,0.9930043534545814
14,48,-4.609193461016227,6.517830571818199,0.09702908921866857,8.153712548861284,0.2145030043176484,0.9285527102416669,0.9913153257448775
14,49,-5.424499827992422,6.987087530017984,0.10249928228059602,8.546618516167854,0.1988208790976605,0.9197708023108772,0.9919988404971467
14,50,-6.252134294771192,7.218617656060221,0.10391748776189204,8.609338401877878,0.3478272908505634,0.9124657028666491,0.9939261840251388
14,51,-5.715110811699317,7.083910756190587,0.10017582067950062,8.589067180394254,0.3589368486849936,0.919681685169104,0.9929927923017032
14,52,-6.4299892784224735,7.3551523921161435,0.10271606417932425,8.737478586461329,0.24399538691697129,0.9145662404392426,0.9941917359006917
14,53,-6.44583742521431,7.271410485580178,0.09840223471358465,8.34754509741277,0.3761059547438697,0.9170700004006805,0.9955988818588536
14,54,-6.012304296760144,6.814314227162441,0.08977104308836031,7.884065771412147,0.3911297525896649,0.9240910767164083,0.9961026527642054
14,55,-5.338117159806384,6.270617337338065,0.08130939751222986,7.818339375062112,0.2844488817853007,0.931959054803497,0.9952245361824155
14,56,-5.5746486366180195,6.104832230947461,0.0776666803221332,7.652031028437867,0.4125048558819485,0.9313752200303503,0.9961434576078216
14,57,-6.419466813716842,6.755968732335259,0.08400616155635923,8.25718455615306,0.42612408590823286,0.9235460255736319,0.9964332791229763
14,58,-6.289805675801752,6.509537669734446,0.07896040298151502,7.829712545970286,0.5700045697888245,0.9264770507517379,0.9972660366812884
14,59,-6.743813023427529,6.874303270556911,0.08179007401669706,8.208517296279929,0.6387391620468501,0.9231200459415346,0.9973788236687973
14,60,-7.609307013253732,7.609307013253732,0.08829031490058466,8.78793316544632,0.6481823052721261,0.9167376771274369,0.9978265759279896
14,61,-7.734831357882431,7.868519617764448,0.09006030141297952,9.123490425426038,0.49083141887819565,0.9168575326238896,0.9973879971737176
14,62,-7.708417293658983,7.842105553540998,0.08786455677409456,8.980720845297702,0.4648386633551642,0.9189219224564447,0.997721030967643
14,63,-7.864827992851739,7.998516252733754,0.08777539083546113,9.232289433387031,0.4785027199032714,0.9184995578533989,0.9976191607792287
14,64,-7.59297636052049,7.726664620402506,0.0835601604245957,8.86574025567079,0.3729384618130443,0.9225740702686974,0.9978977171865656
14,65,-7.266269814096407,7.399958073978423,0.07857538410187788,8.414726350043873,0.614444009301195,0.9265475534819492,0.9982745073481678
14,66,-6.826709673865768,6.826709673865768,0.07167782283176166,7.837544905237147,0.46477354761659023,0.9320699195381591,0.9985682464190505
14,67,-7.253229936730724,7.253229936730724,0.0753298518210215,8.336722392273428,0.5184166172175304,0.9285429170442687,0.9984278044795886
14,68,-7.655243197176992,7.655243197176992,0.07830533636342754,8.743289715874264,0.6314963474546954,0.9255932635155388,0.9984203253743286
14,69,-7.345033203838616,7.412504643450665,0.07531733077955435,8.642037549163433,0.43837242100880874,0.9289241149108527,0.9981473296015178
14,70,-8.09024074820545,8.157712187817499,0.08246976920559587,9.521469273358681,0.29508286943774037,0.9227200256734291,0.9977866336171091
14,71,-8.676808309331829,8.74427974894388,0.08793213970303429,9.974007937046597,0.19114999033101038,0.9186688011822778,0.9978854034516343
14,72,-7.3532656868501,7.42073712646215,0.07375525399705332,8.956845112493928,0.07745801232993213,0.9304842704706813,0.9977346892432665
14,73,-7.1014000202694145,7.168871459881465,0.0713494463779902,8.796738620779697,-0.013170721395589608,0.932770187167942,0.9976433929287198
14,74,-7.325868502017886,7.550717378864305,0.07471996801479007,9.104956245694826,-0.13424460797540227,0.9314388438106792,0.9974576954094956
14,75,-6.724851733389039,6.949700610235459,0.06844617327521925,8.114730773674482,-0.010378263909934047,0.9372036872284446,0.9981972019965457
14,76,nan,nan,nan,nan,nan,nan,nan
14,77,nan,nan,nan,nan,nan,nan,nan
14,78,nan,nan,nan,nan,nan,nan,nan
14,79,nan,nan,nan,nan,nan,nan,nan
15,0,-6.229289558748335,6.772079140138332,0.18725735525454376,7.780326832892092,0.25880193058287954,0.8460185612832569,0.9877575393691526
15,1,-5.494932883954936,6.5320496836604685,0.17507816303093157,7.633707060129338,0.2732338525176364,0.862164460656219,0.9844313479664213
15,2,-4.601673218264193,5.991129392830694,0.15486747024336397,7.167240835375555,0.32528337165849747,0.8837154485883996,0.9839184629051334
15,3,-4.461394458767645,5.850850633334146,0.14356547313104306,6.99666756535109,0.47525496178360804,0.889791135003314,0.986049217962044
15,4,-4.6191253917910595,5.776058590006162,0.136928271100815,7.026189644702025,0.4545192315431925,0.8927220135430313,0.9874372384491481
15,5,-4.211077647453006,5.494295840385571,0.12476582399911738,6.61001856345004,0.440929160502914,0.9037348330112621,0.9889863011938778
15,6,-4.453450176061324,5.756390719996739,0.126590882231321,6.838257690127175,0.23923927667618852,0.9027980020052079,0.9891279893363609
15,7,-4.58611457389027,6.358335293450157,0.1364079361708777,7.789964741612096,0.0208012000478257,0.8998417093403388,0.9847982539061774
15,8,-4.837397834972126,6.609618554532013,0.13738481478249057,7.899160685841946,0.11056627872914032,0.8977517379007626,0.986139837495416
15,9,-4.74343101518276,6.598233107359807,0.1360917524024696,8.025576646185621,0.06142105480862493,0.9013894781593098,0.9853841328321763
15,10,-4.497285566130269,6.605264640311142,0.13224583447095536,8.11830744978496,-0.10501346598615802,0.9073770442827443,0.9847497070161418
15,11,-5.183313822670352,6.890674705988162,0.1358061390419809,8.392109924946773,-0.1093918512061335,0.8986758977568786,0.9861850706614078
15,12,-5.942627657346525,6.9431467360761125,0.13397039886555118,8.110556212829598,-0.028881254177941157,0.8921757799686091,0.990684692753986
15,13,-5.7921606605191345,6.96019294234755,0.1318251420275341,8.268356965772407,0.034476358523491804,0.8955347139311918,0.9897378993166572
15,14,-6.599267768531371,7.573485406143477,0.14170669317729737,8.503676599243645,-0.005262293431586763,0.8864015547955233,0.9917852240280811
15,15,-7.383933576380405,7.911120803289093,0.14566445418044635,8.673690985939126,0.261319382921894,0.8778947521690638,0.994334894875356
15,16,-7.076213332085029,7.6305954030121015,0.13742224656211777,8.337109505951842,0.343916857160894,0.8833330644622326,0.994992256113946
15,17,-7.483310359185964,7.9229146842158205,0.14201658745305842,9.016238736896026,0.0416959920448429,0.8777871307839487,0.9935649711907257
15,18,nan,nan,nan,nan,nan,nan,nan
15,19,nan,nan,nan,nan,nan,nan,nan
15,20,nan,nan,nan,nan,nan,nan,nan
15,21,nan,nan,nan,nan,nan,nan,nan
15,22,nan,nan,nan,nan,nan,nan,nan
15,23,-6.807059679954848,7.804584174443623,0.13695132024762238,8.805537253760027,-0.06964772877563152,0.8886649281303549,0.992222676268564
15,24,-6.218987949709874,7.216512444198652,0.12540855297439968,8.404265337660037,-0.05301145983137397,0.8971229617549075,0.992114156144238
15,25,-6.9815285902289475,7.239024378834198,0.12568026483662748,8.412956209246246,0.07184470319577224,0.8883954803680759,0.9946556503703703
15,26,-5.540076049879856,5.915600550827158,0.10252937200526423,7.513305949263476,-0.04406721913555629,0.9083835149485804,0.9935477193234458
15,27,-4.4807348904448885,5.272210126375349,0.09115649639658048,6.780372014835726,0.0969330268531406,0.9230794740773732,0.9933450492781816
15,28,-4.504350775224603,5.1477151517521085,0.08890749199883667,6.573890326773406,0.18416419148314403,0.9231813255461584,0.9941178807202493
15,29,-4.865794439589248,5.509158816116753,0.09533284687178928,7.064424209221277,0.25973594416978696,0.9164972157433958,0.9933263831462766
15,30,-4.328281272931328,5.09430564151262,0.08833163206823856,6.783008150989544,0.19403863029675666,0.9243301861326988,0.992908181826537
15,31,-4.496546217645248,5.8028231370045456,0.10078755435958069,7.1626970357339435,0.10763950079678186,0.9205362294106738,0.9919007609071909
15,32,-4.666913084902889,5.852772884113844,0.10133911481165628,7.216026254825676,0.21184615400077822,0.9183008886521249,0.9922273386288848
15,33,nan,nan,nan,nan,nan,nan,nan
15,34,nan,nan,nan,nan,nan,nan,nan
15,35,nan,nan,nan,nan,nan,nan,nan
15,36,nan,nan,nan,nan,nan,nan,nan
15,37,nan,nan,nan,nan,nan,nan,nan
15,38,-4.720922990209808,5.723646841374475,0.09822397853236703,6.814089797074965,-0.039991729240663944,0.9204779410928328,0.9938914783485161
15,39,-4.694564736555528,5.625293056249558,0.09512034231931928,7.155441981581992,0.0475526707819171,0.9208664019235161,0.9928033812217373
15,40,-4.255285235947218,6.258048616710937,0.10466063339832159,7.643785574746339,-0.0789342337589522,0.9254627626355508,0.9901351670743467
15,41,-4.994290666089937,6.8657906393579085,0.1146722850573574,8.27571563916352,-0.04390620953187049,0.9146607276657114,0.9896254974451889
15,42,nan,nan,nan,nan,nan,nan,nan
15,43,nan,nan,nan,nan,nan,nan,nan
15,44,nan,nan,nan,nan,nan,nan,nan
15,45,nan,nan,nan,nan,nan,nan,nan
15,46,nan,nan,nan,nan,nan,nan,nan
15,47,-4.667495555744621,6.397588243874473,0.09789554550287605,7.591557705414131,0.07363002025528441,0.9286840392580706,0.9927399183102973
15,48,-4.749154858458592,6.388040293956193,0.09500131467182855,7.895658857511961,0.32365240270745294,0.9274615656309976,0.9923963409046045
15,49,-5.14140545087728,6.434241477598468,0.09418239076030209,7.8155041259915885,0.3418100289917121,0.9243553672751242,0.9936074524163664
15,50,-5.485258004601285,6.521628525914637,0.09364132143218316,7.814159559175302,0.4373176013976243,0.9220646803815395,0.9945583951122411
15,51,-4.8809016401818255,6.319588744697419,0.08905831517540924,7.672131302914,0.4305442810856382,0.9303399172944831,0.9939362715499992
15,52,nan,nan,nan,nan,nan,nan,nan
15,53,nan,nan,nan,nan,nan,nan,nan
15,54,nan,nan,nan,nan,nan,nan,nan
15,55,nan,nan,nan,nan,nan,nan,nan
15,56,nan,nan,nan,nan,nan,nan,nan
15,57,nan,nan,nan,nan,nan,nan,nan
15,58,-6.347765620996822,6.926873772148875,0.08357059779031975,7.898466691465558,0.5440991287021134,0.9260793419626085,0.9972314485358981
15,59,-6.140194578268458,6.719302729420512,0.07946929754967864,7.903626826888154,0.5950517018078021,0.929369981096755,0.9970076975828002
15,60,-7.1828570910123,7.63147499503497,0.08903685778768333,8.78971509670269,0.460422500658222,0.9206945562809363,0.9970044906638992
15,61,-7.471009405764478,7.604697665646495,0.08734189563069948,8.982532327044147,0.43168713816768484,0.9196219576856212,0.9971670133833531
15,62,-7.027880801800452,7.161569061682467,0.08025733871843505,8.435352390717204,0.4387693422347892,0.9255539565603884,0.9976275634880087
15,63,-7.3244659353056365,7.458154195187651,0.08177543763875836,8.813068399529937,0.48062815759853555,0.9235965207043662,0.9975309361497329
15,64,-7.673204079549926,7.8068923394319425,0.0844565636940855,8.878850105214607,0.4795481229471883,0.9220161264631757,0.9979964121886329
15,65,-7.1749155767422055,7.308603836624222,0.07729920486149769,8.260679028931404,0.6466913027707493,0.9276656756381977,0.9984088989775579
15,66,-6.708128945949961,6.708128945949961,0.07036832683784659,7.734576531581772,0.4428861274400043,0.9333134190269912,0.9985619476173581
15,67,-7.1385903609697445,7.1385903609697445,0.07408211361422075,8.255827864463457,0.4144497079456846,0.9298373969967052,0.998384476532873
15,68,-7.316450618297581,7.316450618297581,0.07474394394135213,8.490058726962628,0.5253666394583251,0.9288680497612969,0.9983328228961873
15,69,-6.994419105466729,6.994419105466729,0.07095647448904521,8.24497780493416,0.47850888456278245,0.9321682579394893,0.9982958513289739
15,70,-8.069431542012685,8.069431542012685,0.0815784860959797,9.417541344325148,0.3820437780692256,0.9227689782584753,0.997943355099555
15,71,-8.49930454368009,8.49930454368009,0.08559592612199132,9.656378434808042,0.2368771111740461,0.9201650588607855,0.9981548212014875
15,72,-7.242218354309359,7.242218354309359,0.07227454549762151,8.659256476714049,0.12280689556187369,0.931456401984845,0.9980233329429463
15,73,-7.505627831130007,7.505627831130007,0.07503654119566208,8.942688008632178,0.06353144441330218,0.9291267245981031,0.9979227763638149
15,74,-7.638899587643646,7.863748464490065,0.07820182538913853,9.287996597081678,-0.05138582755715251,0.9283254616407136,0.9975593741459565
15,75,-6.800259740190122,7.025108617036542,0.06932133572934995,8.131569130402807,-0.029329403590251733,0.9363845076797408,0.9982585612743595
15,76,nan,nan,nan,nan,nan,nan,nan
15,77,nan,nan,nan,nan,nan,nan,nan
15,78,nan,nan,nan,nan,nan,nan,nan
15,79,nan,nan,nan,nan,nan,nan,nan
16,0,-6.135970601157024,6.599998904072541,0.18144262318997356,7.892594625633381,0.5018541078830672,0.8442080972894079,0.9866601713142454
16,1,-5.824374535480139,6.331116736840347,0.1698101194078415,7.707312058928127,0.5271704164565527,0.8535250733924197,0.9866484818001544
16,2,-4.656675918097453,5.588181986172171,0.14583953126654686,7.026267627198682,0.39381394133258824,0.8818515243581111,0.9852246853275767
16,3,-4.5191051567116745,5.443089293138353,0.13519427291438485,6.783225109773004,0.49448470961887714,0.8894783618489351,0.9875899975394268
16,4,-4.089147220948089,4.881935454441967,0.1167544200906937,6.34273341318253,0.5086817037321192,0.9034418398649109,0.9891491009170453
16,5,-4.159640196646515,5.078713424857855,0.11497863773678299,6.243538392637956,0.5874374162741551,0.9048874550278082,0.9908721862322812
16,6,-3.4487388533826415,5.269942561116417,0.11503022328544832,6.251684561194573,0.2700247367554205,0.9207702557997554,0.9886789582695555
16,7,-4.332164612297131,6.031501611642638,0.12924525378923624,7.42727010684314,0.05157764563567412,0.9048130587030088,0.9859100186057179
16,8,-5.073550380109423,6.7728873794549305,0.14073714099451587,8.131030506966903,0.19481714141023018,0.8927768057908214,0.9857775983843211
16,9,-5.616251793956401,7.380021689351854,0.15124435827053875,8.748482776114379,0.19873585316601597,0.8857257696258015,0.9849097515346679
16,10,-4.6556655073770665,6.6726123847763485,0.13314779991227527,8.458469067885616,0.01066173452607563,0.903403626957355,0.9835637291372615
16,11,-5.688539076085972,6.866551022325408,0.13510651497278894,8.666065161285111,-0.043530180313854465,0.8915334841248745,0.9866118984896364
16,12,-6.276583139180792,7.2589537413431655,0.1392734073439281,8.647345606376595,-0.13870352720803314,0.8869278184546773,0.9894643810376207
16,13,-5.488311170185337,6.638194975446539,0.125053646413096,8.068359144855249,-0.08483483153112126,0.9005111416679155,0.9897338116754413
16,14,-6.025655333831304,6.999872971443409,0.1296020662891349,8.259198985606517,-0.009305317279849689,0.8941677806299017,0.9910602303759007
16,15,-6.781382202009792,7.3085694289184815,0.1337979662392625,8.324488535791172,0.12833272174876514,0.8859417615815206,0.9936805946330516
16,16,-6.606422909146051,7.160804980073124,0.12869935244871622,8.120553842359753,0.21903731890716868,0.8896084011056963,0.9942044032562236
16,17,-7.199622842365927,7.639227167395783,0.1370255029264571,8.907718918589323,0.10460946160553726,0.8807358262617982,0.9929952711580803
16,18,nan,nan,nan,nan,nan,nan,nan
16,19,nan,nan,nan,nan,nan,nan,nan
16,20,nan,nan,nan,nan,nan,nan,nan
16,21,nan,nan,nan,nan,nan,nan,nan
16,22,nan,nan,nan,nan,nan,nan,nan
16,23,-6.17565019314797,7.312935286657327,0.12875997035658002,8.525308668459218,-0.14761869745106324,0.8963457765455768,0.9912277594117821
16,24,-5.605343998495388,6.756406982795147,0.11757079982721594,8.136580362762496,-0.011518440144954813,0.9045467177630272,0.9912816668456438
16,25,-6.469041207207932,6.880075485624165,0.11981741694665499,8.221758127975315,0.09089525821953191,0.8940401392852703,0.9936775247211326
16,26,-5.0141716714910975,5.686550962295364,0.0989777974016294,7.411574817673214,-0.049436371618572145,0.9144275957177157,0.9924125649196149
16,27,-4.04950670874009,4.998076135506934,0.08669851189171002,6.613313349333306,0.07514051917934944,0.9288783618204249,0.9928580259734778
16,28,-4.173177500658631,4.97363606802252,0.08602172703456931,6.385976082900837,0.20391273668733442,0.9277320212868888,0.9939375328560315
16,29,-4.363218948077157,5.1498996246506445,0.08933598230519386,6.76188655812529,0.19962599017853794,0.923841646075917,0.9930793218013954
16,30,-4.218179570920379,5.127520239547653,0.09027215267802212,7.186639795215204,-0.05319933189245253,0.9248420945191725,0.9910037102182659
16,31,-4.511354830469978,5.8754884165922165,0.10353850650832264,7.565430389693971,-0.08553228365361949,0.9190573114575078,0.9902065797002154
16,32,-4.922683646073343,6.166400112047243,0.10870860201335901,7.8950823606989715,-0.06735832362501229,0.9126950007587469,0.990024456967807
16,33,nan,nan,nan,nan,nan,nan,nan
16,34,nan,nan,nan,nan,nan,nan,nan
16,35,nan,nan,nan,nan,nan,nan,nan
16,36,nan,nan,nan,nan,nan,nan,nan
16,37,nan,nan,nan,nan,nan,nan,nan
16,38,-4.727264324642437,5.8321026805043035,0.09987791174425135,6.817760204904988,-0.03414711532512421,0.9205110137935861,0.9939135675801977
16,39,-4.492630949835785,5.525473774227015,0.09359115007326625,6.764982754881972,-0.021929518556109667,0.9247862468982269,0.9936057115066294
16,40,-3.8439846972344607,5.846748077998182,0.09800998542852132,6.889649144175588,-0.16119024906085969,0.9332612982695768,0.9918451749518135
16,41,-4.971162720074879,6.8426626933428505,0.11422856753410292,8.015063287342809,-0.04127921368750994,0.9159531009670837,0.9905665488565647
16,42,-5.904101594219037,7.477595669203746,0.12416928684664835,8.40650279132457,-0.0916955069544648,0.9052569994714577,0.9917421490731195
16,43,nan,nan,nan,nan,nan,nan,nan
16,44,nan,nan,nan,nan,nan,nan,nan
16,45,nan,nan,nan,nan,nan,nan,nan
16,46,nan,nan,nan,nan,nan,nan,nan
16,47,nan,nan,nan,nan,nan,nan,nan
16,48,-4.5962425338745785,6.1279442066291265,0.0915440644963667,7.462175854700164,0.363171034202795,0.929953871668555,0.9933562846492249
16,49,-5.427502860469434,6.500350247680688,0.09522323100872737,7.732379186072087,0.5410102823714423,0.9207042067759224,0.9945092121263072
16,50,-5.818962409215826,6.432035939935149,0.09293454546355998,7.644273896069947,0.4091856044939664,0.9190195754854608,0.9956532919581538
16,51,-5.5750914183262354,6.188164949045558,0.08793618202804054,7.482125623080409,0.5083367791375318,0.9232050789743983,0.9957266956610022
16,52,nan,nan,nan,nan,nan,nan,nan
16,53,nan,nan,nan,nan,nan,nan,nan
16,54,nan,nan,nan,nan,nan,nan,nan
16,55,nan,nan,nan,nan,nan,nan,nan
16,56,nan,nan,nan,nan,nan,nan,nan
16,57,nan,nan,nan,nan,nan,nan,nan
16,58,-6.588604094394407,7.494832248650287,0.09064984997792637,8.207686465054543,0.6032026032071569,0.9231406935409522,0.9970182378832538
16,59,-6.176251589314866,7.082479743570746,0.08383304936188592,8.086987574970896,0.6092331447371252,0.9286001015030035,0.9967277754111161
16,60,-6.607468955672657,7.3832068627991525,0.08628922496600042,8.336731072826916,0.5127077895637233,0.9262085824164673,0.9969717670490797
16,61,-7.516743588481805,7.650431848363819,0.08785744897033558,8.740476868167374,0.3709233096412725,0.9199166396332331,0.9976997142768219
16,62,-6.726315752181526,6.860004012063541,0.07704955643078344,7.934523337301914,0.43028069321325074,0.9287147570336463,0.998038769244096
16,63,-7.372098895995849,7.505787155877865,0.08231301546544362,8.932018182754895,0.5467578242509004,0.9227475541183672,0.9974026722364225
16,64,-8.183326440284556,8.317014700166574,0.0901269761940032,9.604485738732503,0.49446318154843355,0.9165365649050075,0.9974993982943837
16,65,-7.822493635186268,8.030224819441264,0.08543915470110522,9.432108779190347,0.4730450889329998,0.9207923112320568,0.9973333791919861
16,66,-7.5260522747773075,7.600095199150287,0.0801582680692064,9.061571212849778,0.3313593417161638,0.9249050521569664,0.9975465197390014
16,67,-7.621094056772322,7.6951369811453025,0.08005566249092676,9.183256000701808,0.23662430399708692,0.924894845236533,0.9975426544862173
16,68,-7.210825835563424,7.284868759936405,0.07476763884118037,8.668464471438131,0.39296423203070235,0.9294010052926065,0.9978856986370226
16,69,-6.7756919067566574,6.849734831129639,0.06932721145786364,8.040481047468825,0.5950672336943089,0.9339482821655943,0.9983409052073019
16,70,-7.535958466479433,7.535958466479433,0.07621550518831927,8.606236446571565,0.48844800454817583,0.9276954049406758,0.9984840725205607
16,71,-7.565591352905464,7.7983495816913155,0.07848450423134863,8.754947626646608,0.30233460191509604,0.9280800235864668,0.9982795435534456
16,72,-6.328007447883948,6.738425437651144,0.06743119490173187,7.989714582739674,0.12282429446897196,0.9390590670988159,0.9978746419291692
16,73,-6.694207046111392,7.104625035878589,0.07119426679306201,8.24510622405183,-0.0009800364897178055,0.9360246157556982,0.9979262225693265
16,74,-6.878571149152087,7.513838015765702,0.07495804084600852,8.8084036111366,-0.044568541077610706,0.9343948167734425,0.9973186006735127
16,75,-6.468573355750042,7.103840222363657,0.0704045147749434,8.28326538621622,0.12688555060735138,0.9383447888772827,0.9976487178507122
16,76,nan,nan,nan,nan,nan,nan,nan
16,77,nan,nan,nan,nan,nan,nan,nan
16,78,nan,nan,nan,nan,nan,nan,nan
16,79,nan,nan,nan,nan,nan,nan,nan
17,0,-6.161159964527419,6.426154934003489,0.17698634750970027,7.717320181312787,0.5691183099044416,0.8445630998748433,0.9883484376858076
17,1,-6.126126497234922,6.3835995350629515,0.1711353202362368,7.655279893337822,0.6030219357792773,0.8493462331483715,0.9891709271870713
17,2,-5.137024554963857,5.8192614595063965,0.1515021023585499,7.091100192703881,0.43261466945402044,0.8745028162574797,0.9873992871875787
17,3,-5.171797510723281,5.84651248361778,0.14589201902449256,7.014026278770827,0.36074865219764424,0.8788521172865177,0.9890875932466774
17,4,-4.24003037474726,5.368155889934627,0.1290201525066002,6.666145137442301,0.1480428269163837,0.9011990482479496,0.9872792547499465
17,5,-4.029755041854391,5.483198885198668,0.1251264607063015,6.618474274923907,0.36763851593023145,0.9057580852082432,0.987912627920487
17,6,-3.030773446315761,5.436583599275207,0.11945887275919942,6.428448024128076,0.11000486757955888,0.9271471231489296,0.9862302197059685
17,7,-3.9443364481202137,6.228279892691391,0.13394618842476713,7.632918677788482,0.06908121653254586,0.9094440005436552,0.9832037427521134
17,8,-4.388440780129217,6.6723842247003935,0.13861355510014386,8.104401972956962,0.19467532929488815,0.9020376803022436,0.9833131613125695
17,9,-5.0386641945520765,6.802434089947529,0.1397006788402128,8.31962271941297,0.1836927092067391,0.8952485499463331,0.9849688269091702
17,10,-4.004559282290339,5.98045170948294,0.11910483418399666,7.8539536859283245,0.07029953658478004,0.9149147686115396,0.9846533302195554
17,11,-5.831202376315336,6.85472849389277,0.13430228840371497,8.737619763937813,0.08928120434665951,0.8883631475521262,0.9869227401298362
17,12,-6.242187494976381,7.070072268476753,0.13566715557778644,8.60683197413857,0.10325661949968992,0.885659579745032,0.98960170900866
17,13,-5.511792353885755,6.507190330484958,0.12267442236478215,8.065611411352954,0.04612163452715517,0.8994181460356091,0.9898205790251169
17,14,-6.235833344195268,7.055565153145373,0.1312968630477499,8.52722325274312,-0.009840402693711232,0.8899621748685317,0.9904999433486842
17,15,-7.133528905992488,7.415819854988534,0.13636940148969456,8.614016789165603,0.1531238892394066,0.8806383496362981,0.9936760631449205
17,16,-6.641079954215969,6.923370903212016,0.12477489650799206,7.976326114711901,0.26340553635001646,0.8896700420813121,0.9948664855413343
17,17,-7.252244191250815,7.419757394349647,0.13313259642152597,8.792338349592361,-0.07245291584367883,0.8810995950689308,0.9936375262429841
17,18,-7.54554625021974,7.54554625021974,0.13422184045085886,8.82685244539671,0.07434497877606656,0.8783072276259457,0.9947637732484481
17,19,-7.0499188014054,7.445659129438414,0.13205842637198623,8.529372037497318,-0.020755718560119655,0.8854419650170142,0.994158951094355
17,20,-6.400192659656902,7.5359616935734435,0.13362982979347687,8.537765723800392,-0.16523344400359813,0.8928231413366469,0.991794034499415
17,21,-5.863110219168646,7.231932973844817,0.12831821701476712,8.356801235620855,-0.2538079537583321,0.9001154009713289,0.9907450974566078
17,22,-4.8782684143923065,6.386851768089059,0.11255347844549579,7.093909026726787,-0.12227144655221449,0.916260634352745,0.9929412759482121
17,23,-4.356005457524559,6.122084599826559,0.1082443685554057,6.875364386084719,-0.3862716840256133,0.9237194598044169,0.9923217025225112
17,24,-4.505461307493871,5.889578012553259,0.10298162204756955,6.976016916588907,-0.15086901808004813,0.9215186979343898,0.9925336763487443
17,25,-4.8460018852254425,5.624749463100975,0.09798008786284798,6.762421631861839,0.02148251258024485,0.917938100266238,0.9942371122061392
17,26,-3.912904532816955,4.719943402320892,0.0819465526181191,6.161714140633585,0.10166845418498195,0.9318606867737836,0.9940530325327076
17,27,-3.329844053211872,4.413073058678386,0.07614944980920543,5.594431519093121,0.16020837224633744,0.9412688605230715,0.9946325354234261
17,28,-4.144644282413244,4.970377499274508,0.08611129495395912,6.156670566622663,0.10976228797431091,0.9289953417116489,0.9945791900284243
17,29,-4.396482102349128,5.208437428419988,0.09070951728792512,6.666830745641929,0.05766741909448776,0.9239958895205933,0.9934251303826749
17,30,-5.095502026810323,5.895457766235303,0.10398286775454632,7.956866011504499,-0.19769361303849295,0.9115703750625879,0.9902688683628039
17,31,-5.7659966215470915,6.682601889155526,0.11807519519612367,8.3177326626807,-0.07326050797771959,0.9009054134075064,0.9907519124886716
17,32,-7.158771724780453,7.65942625740573,0.1363943075067561,9.83813493102896,-0.11235912166466556,0.8792100726202021,0.9886765325345952
17,33,-6.898249939792374,7.3989044724176525,0.1319411864676689,9.972689000025621,-0.06893151226094271,0.8809612097858884,0.9870473513756106
17,34,-6.519411310317415,7.581821542432019,0.1349624155795995,9.687720343621004,-0.17486352401930602,0.8867871011451475,0.9869945600337231
17,35,-5.774055723920805,6.827619314575149,0.12062520933397561,8.754486326334657,-0.10984373616459826,0.8989933546823509,0.9889302112988732
17,36,-6.345152793994587,7.1519852515731905,0.1253312028613006,9.044477904748996,-0.14646890456307743,0.8926458049523094,0.9896571228691164
17,37,-4.883864640377749,5.988702996239617,0.103126699241572,7.343914532070014,0.07116284244829112,0.9164171900853554,0.9923938632237017
17,38,-4.74974777044903,5.854586126310899,0.09990059948675238,6.772490175999633,0.006218104818439636,0.9204593439684626,0.9941701519796181
17,39,-4.422520392606126,5.542318262702421,0.09362775940245802,6.7816146373312405,-0.06814379008509333,0.9258850004965573,0.9934185584623991
17,40,-4.225147842850662,5.782253471645917,0.09684836219969757,6.735629704399695,-0.14614723384802894,0.9290045659217778,0.9931951794609521
17,41,-5.1172946661636045,6.543136887463111,0.10908702547013219,7.725465624885251,-0.04339186050251153,0.915460979683234,0.9920364345591948
17,42,-5.642787402889844,6.770623725906087,0.11245148705140873,7.852277623153886,-0.10724841088245891,0.9102367422521626,0.9930351649407044
17,43,nan,nan,nan,nan,nan,nan,nan
17,44,nan,nan,nan,nan,nan,nan,nan
17,45,nan,nan,nan,nan,nan,nan,nan
17,46,nan,nan,nan,nan,nan,nan,nan
17,47,nan,nan,nan,nan,nan,nan,nan
17,48,-3.6614805248782267,5.14502208388149,0.07616319030605082,6.23915654028958,0.5806918914232359,0.9434202591268337,0.9950495134000427
17,49,-4.659280129448354,5.6839674029083245,0.08289082002188836,6.511558523811122,0.6639978593039554,0.9320544950657196,0.9962240438266399
17,50,-4.236894620856436,5.691294150051667,0.08175698596851784,6.5667466719192324,0.4119828105531718,0.9385473416097052,0.9954031751020843
17,51,-4.471508847359318,5.925908376554548,0.08360319943912636,7.084450285684887,0.5624129186836507,0.9354919432633861,0.9947577956740905
17,52,nan,nan,nan,nan,nan,nan,nan
17,53,nan,nan,nan,nan,nan,nan,nan
17,54,nan,nan,nan,nan,nan,nan,nan
17,55,nan,nan,nan,nan,nan,nan,nan
17,56,nan,nan,nan,nan,nan,nan,nan
17,57,nan,nan,nan,nan,nan,nan,nan
17,58,nan,nan,nan,nan,nan,nan,nan
17,59,-6.810529547965984,7.627352073683544,0.0909532760787548,8.702993609952543,0.5205130025825692,0.9219567347845777,0.9964484719117456
17,60,-7.073854940083149,7.849592847209644,0.09169632523451603,8.867093343410286,0.5493439989846167,0.9207292602560508,0.9967110818080755
17,61,-8.170742386693355,8.170742386693355,0.0936215772387208,9.235671149758812,0.5431510423064669,0.913282913861072,0.9979276116163409
17,62,-7.484818150824607,7.484818150824607,0.08432090304338981,8.624458771651717,0.4073197109375964,0.9212023666671497,0.9979814202031908
17,63,-8.407658263132486,8.407658263132486,0.09274861454371244,9.697575940815868,0.5336307753421221,0.9131373212705023,0.9976272198225232
17,64,-8.750148419539148,8.750148419539148,0.09535289504585917,10.04665971359399,0.4179102794045822,0.9114676782315067,0.9975565508734868
17,65,-7.757977621245848,7.832020545618829,0.08365719501726163,9.285236056213437,0.3707328006485238,0.9215477486140277,0.9974569145110732
17,66,-7.589447095983209,7.663490020356188,0.08110561718840147,9.151786938498887,0.3397822817730579,0.9240486759476539,0.9974670467346685
17,67,-7.524721791513481,7.59876471588646,0.07944370921392777,9.01440207782517,0.17938247653904274,0.9259150493988834,0.9976472321817431
17,68,-6.473612248023268,6.547655172396248,0.06765155414360563,7.707463908911347,0.21166381778707996,0.9366111107749273,0.9983311292896879
17,69,-6.011589271403709,6.085632195776689,0.06207857232168235,6.925727753155481,0.36810373237391375,0.9415358337033278,0.9988970560068617
17,70,-6.830977722180839,6.830977722180839,0.06940711305344885,7.671985394498694,0.2636146756262541,0.9345554563962799,0.998876076386272
17,71,-6.475352780028377,6.708111008814231,0.06763310150409975,7.5225592419331555,0.26843065557194734,0.9381055579926784,0.9986572336180924
17,72,-6.025847370402501,6.436265360169698,0.06431612979532458,7.470422297937691,0.16874643008212473,0.9421929428651037,0.9982480908449766
17,73,-6.664027247374324,7.07444523714152,0.07038482755885156,8.132039608320921,0.18800267864303377,0.9365581955629202,0.9980910684435575
17,74,-7.78639845690178,8.196816446668974,0.08117709227017836,9.243226396040399,0.15924004619875595,0.9269850865321084,0.9978803018637218
17,75,-7.328071363008516,7.738489352775713,0.07610124507926928,8.687021164135135,0.31086497092635296,0.9312769332813756,0.998163730100101
17,76,nan,nan,nan,nan,nan,nan,nan
17,77,nan,nan,nan,nan,nan,nan,nan
17,78,nan,nan,nan,nan,nan,nan,nan
17,79,nan,nan,nan,nan,nan,nan,nan
18,0,-6.8410170086358075,7.106011978111877,0.1992551533598804,8.464930765332358,0.4840640799420204,0.8285260337184924,0.9864655702086758
18,1,-6.8967048298955635,7.154177867723593,0.19476812275569164,8.442560428633886,0.5401412341588449,0.8326520167608945,0.9877906803502189
18,2,-5.622787604948086,6.305024509490624,0.1672502627565734,7.742938507162804,0.3083524213864381,0.8626673090172683,0.9848006193033905
18,3,-5.813291796082845,6.488006768977344,0.16314936237649044,8.012026161474344,0.31723764947229116,0.8633454408081299,0.9855162633679634
18,4,-4.969413579797706,6.035252693618109,0.1436940972736217,7.527812085850521,0.25549313645185134,0.8845548345113546,0.9854165055816982
18,5,-5.193289499043504,6.259128612863906,0.14271546386225928,7.529387114649833,0.45825345381919347,0.883117478058329,0.9876951035736721
18,6,-4.619533640615291,6.123689494732475,0.1344814301632633,7.353530826402133,0.3576218848723964,0.8959655934733145,0.9869819853518396
18,7,-5.083613597815804,6.465902743544721,0.1400455417955413,7.540582885588087,0.0014088597636807264,0.8930019721803666,0.9880402581031711
18,8,-4.988457477707851,6.370746623436767,0.13393815241951043,7.372600340220657,0.17646157534504284,0.8964508540112571,0.9893200599557407
18,9,-5.029602950767871,6.306567452680127,0.13029380572274538,7.398064625016866,0.1694432614285448,0.8989037530061554,0.9895291285514001
18,10,-3.786214516845088,5.586216726989212,0.11158133119362339,6.88886070123162,0.16402417404562197,0.9210755286010822,0.9884918780758785
18,11,-4.362458070222981,5.9719044926807285,0.11591857863809048,7.392530779153476,0.2491813210439681,0.9126146406032143,0.988498433092141
18,12,-5.917937623832631,7.216964956316099,0.137787031465676,8.581981154542435,0.2148887319822117,0.8890629992430833,0.9885307163740373
18,13,-5.088104528652796,6.75615097224037,0.12676901911919644,8.130037545149719,-0.0052867435075663535,0.9046419126155972,0.9881389058487511
18,14,-5.679205985322719,6.8190237572691,0.12641553053825583,8.26355226897542,-0.0779687010586595,0.8980117538732677,0.9897775940059286
18,15,-5.944824885245785,6.8147959202887805,0.12500110063874756,8.141097004074906,-0.13118487701008294,0.8967370502459161,0.9914013291404559
18,16,-5.980271656149513,6.602481738582104,0.11976659654032294,7.741889297135708,0.01766443125919466,0.8983724740178308,0.9933967811344199
18,17,-6.194952257343024,6.817162339775615,0.12264228214841598,8.346239805535392,-0.20740077204392496,0.89447075106562,0.9917229764993728
18,18,-6.590918671763133,6.844109643091617,0.1223808935914233,8.282154990754893,-0.15824258076918477,0.8904379721756315,0.9934905337202548
18,19,-6.592382815055246,7.241314114416745,0.1294439868126989,8.406505458482988,-0.2777284597230505,0.890402584880675,0.9929225183387863
18,20,-6.674118619213447,7.350626244810971,0.1313807595347266,8.520685363268397,-0.2983311918771626,0.8891846539514351,0.992720532474555
18,21,-5.836022138623039,6.745583484980191,0.1203495417116658,8.094544203857566,-0.3769587405884531,0.9010806322188796,0.9916941447572979
18,22,-4.197868287932866,5.247190233310599,0.09267227973000354,6.043618617236066,-0.20062342054063848,0.9279870735574636,0.9948422832013225
18,23,-3.8123646981800916,5.119182432163075,0.09046875830825826,5.974582407766701,-0.37727117657181425,0.9334507339700511,0.9941784847170098
18,24,-3.7492057648939423,4.674061061634314,0.08129938975713276,5.86950268399314,0.020653165005652317,0.9345488670409899,0.9945731796279247
18,25,-4.104277484904263,4.8830250627797955,0.08458591399562543,6.261848235721291,0.07561703765209946,0.9287619374329552,0.9941572595593912
18,26,nan,nan,nan,nan,nan,nan,nan
18,27,nan,nan,nan,nan,nan,nan,nan
18,28,nan,nan,nan,nan,nan,nan,nan
18,29,nan,nan,nan,nan,nan,nan,nan
18,30,nan,nan,nan,nan,nan,nan,nan
18,31,-5.754681391690516,6.672244025432584,0.11827844932742958,8.362456970627633,0.02687272339894875,0.8999946112568242,0.9905544942834867
18,32,-7.225281556421669,7.6032760969931585,0.1356939447809828,9.842922250081438,-0.04691134905755835,0.877843348027844,0.9889083727455572
18,33,-6.40749435703905,6.8771066055959045,0.12318953018204193,9.501933932662991,-0.07769218049106748,0.8878375992357611,0.9874464589144227
18,34,-5.603573482108149,6.634941430154328,0.1182600695982882,8.894350422817777,-0.17516579198408308,0.9001615089235598,0.9875962359566253
18,35,-4.9477362981705495,6.092917596810261,0.10767545313332276,8.02445550983123,-0.09996480821886687,0.9116086388908871,0.9895343533069297
18,36,-5.664443030958624,6.562893196522594,0.11506838024173098,8.380144709506054,-0.10562710802349545,0.9026509043717318,0.9902965156891056
18,37,-4.183072015563521,5.387661038159123,0.09258093281133949,6.501843638500038,0.06902707194088781,0.9279195715996492,0.9936100774038242
18,38,-4.779911857597613,5.892883172207849,0.1006541721857171,6.788082148914637,-0.10760284940422911,0.9201965038442163,0.9941733189025513
18,39,-4.967255736992656,5.8052336618801545,0.0986822438378932,6.987362555311393,-0.09930915300381973,0.9183565638883164,0.9939964942630829
18,40,-4.665597178659342,5.940882862245799,0.09982417459352226,6.822650968420812,-0.15806202487331422,0.923157628682048,0.9938989635594299
18,41,-5.398021973580046,6.542044249670756,0.10861518256263424,7.52660554422397,-0.0015888896444351214,0.912840985701274,0.9935536610599764
18,42,-5.849450375617909,6.687333794676988,0.11058619806878381,7.578082521540207,0.05636025943871485,0.9085312620905579,0.9946318516891118
18,43,nan,nan,nan,nan,nan,nan,nan
18,44,nan,nan,nan,nan,nan,nan,nan
18,45,nan,nan,nan,nan,nan,nan,nan
18,46,nan,nan,nan,nan,nan,nan,nan
18,47,nan,nan,nan,nan,nan,nan,nan
18,48,nan,nan,nan,nan,nan,nan,nan
18,49,nan,nan,nan,nan,nan,nan,nan
18,50,nan,nan,nan,nan,nan,nan,nan
18,51,nan,nan,nan,nan,nan,nan,nan
18,52,nan,nan,nan,nan,nan,nan,nan
18,53,nan,nan,nan,nan,nan,nan,nan
18,54,nan,nan,nan,nan,nan,nan,nan
18,55,nan,nan,nan,nan,nan,nan,nan
18,56,nan,nan,nan,nan,nan,nan,nan
18,57,nan,nan,nan,nan,nan,nan,nan
18,58,nan,nan,nan,nan,nan,nan,nan
18,59,-5.442875294985274,7.2797840120267665,0.08634020109651658,8.49417516555602,0.338578394202419,0.9351996620512903,0.9947492988253778
18,60,-5.246330548550969,7.149939429093533,0.08307638480479394,8.427860917338126,0.3928585030011163,0.9380201223592973,0.9948408711455277
18,61,-7.016544098202355,7.746354455085084,0.08822564721750359,9.035496422166203,0.42772211465464155,0.923185735778533,0.9963970219230374
18,62,-6.831944608519638,7.561754965402365,0.0850431616870876,8.817027116943747,0.2743474507724448,0.9262708030302343,0.9966119909323126
18,63,-8.294879367372502,8.718476241498422,0.09674432738153652,10.042008774948949,0.21361768648864435,0.9134706117560933,0.9966687611149069
18,64,-8.812876794060772,8.920661576152904,0.09789790519636409,10.32509730340456,0.22656725099356742,0.91030846544492,0.9970453690373912
18,65,-8.215256737950677,8.289299662323659,0.08937107955171292,9.683239503675852,0.2164514297099722,0.9172150335807434,0.9973766639026471
18,66,-7.883768277435377,7.957811201808356,0.08483679918610948,9.450436694740173,0.29988649833004033,0.9212018656554382,0.9973282716503233
18,67,-7.872072624057255,7.946115548430235,0.08315993202206552,9.410061343719896,0.26579320026170405,0.922645891542789,0.9974748659754895
18,68,-6.4913474103730975,6.565390334746077,0.06740896135334791,7.819287192256096,0.33387415299121137,0.9364346906797731,0.9982253294123714
18,69,-6.196857620358688,6.270900544731667,0.06361193468153582,7.222617203616409,0.4509032459399909,0.9397688800677294,0.9987473795275231
18,70,-7.067285317613921,7.067285317613921,0.07145070287968946,8.064662608860639,0.24971990436609706,0.9323678691912108,0.9986434312674262
18,71,-6.5725641045264,6.805322333312251,0.06840246868075156,7.762875607122363,0.18842111097867711,0.9371069241863179,0.9984599494427421
18,72,-6.290076134091587,6.700494123858782,0.06667764488654375,7.789796226948314,0.4204634820135572,0.9396676064331253,0.9981413373590109
18,73,-7.52920138371644,7.939619373483638,0.07870649666778058,8.948742734725744,0.45963724036173625,0.9289579348346307,0.9980037315708447
18,74,-8.157778477763658,8.568196467530854,0.08453544139910772,9.595204215506294,0.367849706334535,0.9239371862023054,0.9978593148515352
18,75,-7.162836994497021,7.826661103252108,0.07667116850542398,8.849549881910356,0.43524863375263584,0.9323672193290355,0.9977432292666918
18,76,nan,nan,nan,nan,nan,nan,nan
18,77,nan,nan,nan,nan,nan,nan,nan
18,78,nan,nan,nan,nan,nan,nan,nan
18,79,nan,nan,nan,nan,nan,nan,nan
19,0,-4.945660167649431,5.536683429735472,0.15198425438976237,6.882128763498356,0.6007081988970702,0.8672111650459194,0.9870196651189311
19,1,-5.523813668359961,5.950823241633962,0.1594598769734862,7.25856069381126,0.6433027585475488,0.8591842441737643,0.988404467630643
19,2,-4.9277941129421805,5.5247160052727144,0.1451919843038372,6.9579208068991045,0.43139411538636213,0.8771667656099406,0.9870252012780603
19,3,-5.578143611333115,6.011051814851612,0.15175003552808197,7.588305685446703,0.32706849377379965,0.8690984190182076,0.9871056552274367
19,4,-4.858506693028538,5.777039146122779,0.1378073112370501,7.1473158123028036,0.32569629390095295,0.8871784914880685,0.9873139041143196
19,5,-4.685227989568067,5.821368487112003,0.13314076596064553,7.05071964450822,0.4944451873021273,0.8921623069102882,0.9881569371000436
19,6,-3.8858188640864157,5.460276101927134,0.12043166785991857,6.783913445391114,0.35008715345057917,0.9094865290792818,0.9871885672048625
19,7,-4.4447338575957644,5.70765431443054,0.12423748607730262,6.970012408401335,0.16383268751214425,0.9040554953770132,0.9886252512165332
19,8,-4.588017626284439,5.850938083119215,0.12389405369324616,7.0570221551143355,0.27974788353069935,0.9026403381948572,0.9893467525385786
19,9,-4.48129233937618,5.5916469677198855,0.11579577529559389,7.02310844921778,0.25101759305013843,0.9068598309365474,0.9894909726850023
19,10,-3.336915043843861,4.75269933596974,0.09558895092708905,6.184886674982559,0.16840719875742788,0.9301764124684625,0.990281150359669
19,11,-3.9221981374014705,5.147426641840972,0.10076366296055635,6.751060328767444,0.24455655366296958,0.9212420762105209,0.98991829528591
19,12,-4.921762663219505,6.124601940796378,0.1180629514852178,7.659276257051671,0.2125392869126133,0.9054522874178887,0.989250001263718
19,13,-3.4443634463193233,5.247251893445253,0.09851072436630552,6.698093867816698,0.09753324770233986,0.9319362311682067,0.9897692607491777
19,14,-3.851506975236083,5.222354805627414,0.09642743032401915,6.78036914915002,0.04461971688392497,0.9269657844068246,0.9907887848064233
19,15,-4.519606976055882,5.620608069543827,0.10253712048228238,7.161412406642751,0.01884811410075518,0.9179894431866379,0.9912654131826804
19,16,-4.451770413878993,5.336525200897083,0.09640012009718411,6.588255107730134,0.12091556111345865,0.9213397498745829,0.9934058929616648
19,17,-4.4275124978681335,5.312267284886223,0.09451652705016819,6.460426993052383,0.11082782393559183,0.9223226388253242,0.9939892968662823
19,18,-5.786677283170909,6.071382900639942,0.10751013286835998,7.207507721412867,-0.10870350390910173,0.903815810000444,0.9951893058266631
19,19,-6.044137359291847,6.724583304793893,0.11887678808412297,7.577333525349838,-0.25661048965736066,0.9000875250554419,0.9945887236347495
19,20,-6.288717445968041,6.718000206135611,0.11909544756599505,7.648940424885161,-0.2848513247152739,0.8969543363281104,0.9950691177803497
19,21,-5.8416302588848,6.47245209367145,0.11438009595676586,7.434588509826996,-0.3739759988944264,0.9034743261401778,0.9944534986714789
19,22,-4.806347249391515,5.576929683198748,0.09820006241536446,6.621467278786322,-0.2409158617153215,0.9185455133363153,0.9944783861716587
19,23,-4.112633289778607,5.14071151219109,0.09018479861946634,6.148100395342088,-0.09515932355393561,0.9289224653308876,0.9943892449276568
19,24,-3.3927159757307677,4.038831760900637,0.0702655833191571,5.114107141637564,0.13547398783020728,0.9413337484921697,0.9960430595230196
19,25,-3.741470182127687,4.52021776000322,0.07835798000729256,5.749128245170517,0.15511441923919872,0.9349432066373471,0.9949523435371267
19,26,nan,nan,nan,nan,nan,nan,nan
19,27,nan,nan,nan,nan,nan,nan,nan
19,28,nan,nan,nan,nan,nan,nan,nan
19,29,nan,nan,nan,nan,nan,nan,nan
19,30,nan,nan,nan,nan,nan,nan,nan
19,31,-5.0899835436436796,6.007546177385749,0.1068240305302971,7.377771017762767,0.01159280902276702,0.911436088762489,0.9924583729714054
19,32,-6.676966260232997,7.054960800804487,0.12593558898507048,9.100266266347422,-0.04445888732702439,0.8870157766402701,0.9903196860550637
19,33,-5.988737437876653,6.4583496864335075,0.11599922663169508,8.827174236567547,-0.053750159037662754,0.8955260238723283,0.9890602122108274
19,34,-5.221721866122546,6.253089814168725,0.11141176698175997,8.625486245308403,-0.10698181826464728,0.9062803788669215,0.9876654306390092
19,35,-4.6220763991578595,5.823341087056523,0.10294509219229388,7.827521407657034,-0.0592802297504931,0.9167922804858745,0.9894644724415382
19,36,-5.764154183083431,6.587424330410606,0.1154528314066029,8.38285044193874,-0.009336280573410518,0.9017728640004572,0.9906229826122654
19,37,-4.367451523481682,5.496860527840488,0.0947133409096069,6.5628406634223415,0.12761130679052904,0.925297404185594,0.9938160026064585
19,38,-4.701100657735981,5.767992469405936,0.09835163527640572,6.691547578065525,-0.03528186177340578,0.9213394960773648,0.9943319400145647
19,39,-4.881737560113342,5.673635982060557,0.09616402220581399,6.632592197912001,0.003527795777725171,0.9203191784406316,0.9949927782222205
19,40,-5.232366256785172,5.8543679388799035,0.09832833075338744,6.503600727871836,0.1159265229724631,0.9167076126701555,0.9963773353132938
19,41,-5.666405865645746,6.288407547740478,0.10437987458011624,7.154406742547902,0.24670202058435015,0.9103332353181757,0.9955840639198418
19,42,-6.092304656085811,6.4081674811489115,0.10566977631561716,7.15606913440126,0.33644501646485,0.9065025622493376,0.9967874450269645
19,43,nan,nan,nan,nan,nan,nan,nan
19,44,nan,nan,nan,nan,nan,nan,nan
19,45,nan,nan,nan,nan,nan,nan,nan
19,46,nan,nan,nan,nan,nan,nan,nan
19,47,nan,nan,nan,nan,nan,nan,nan
19,48,nan,nan,nan,nan,nan,nan,nan
19,49,nan,nan,nan,nan,nan,nan,nan
19,50,nan,nan,nan,nan,nan,nan,nan
19,51,nan,nan,nan,nan,nan,nan,nan
19,52,nan,nan,nan,nan,nan,nan,nan
19,53,nan,nan,nan,nan,nan,nan,nan
19,54,nan,nan,nan,nan,nan,nan,nan
19,55,nan,nan,nan,nan,nan,nan,nan
19,56,nan,nan,nan,nan,nan,nan,nan
19,57,nan,nan,nan,nan,nan,nan,nan
19,58,nan,nan,nan,nan,nan,nan,nan
19,59,-4.984561082821643,6.780385181272074,0.08095409028034845,7.782710009428346,0.29674577245485595,0.940829008262503,0.9954731965922646
19,60,-5.022627517524873,6.926236398067436,0.08049677706983431,8.253164947637645,0.42931219702730045,0.9400580321218504,0.9948790051906067
19,61,-6.465908548441166,7.273664236486863,0.08320377877428378,8.535465899114358,0.3560346441226141,0.9286710017346419,0.9964638802559909
19,62,-6.867396735607622,7.675152423653319,0.0866276734793598,8.912582720564625,0.14969450678182153,0.9258387601043343,0.9964441457904715
19,63,-8.219085818603814,8.720628023892703,0.09715368159626527,10.122626518074243,0.13567978262786437,0.9137360028145523,0.9963311217449016
19,64,-8.761237781105716,8.94696789436082,0.09867965524706084,10.58339761502422,0.09122371811572048,0.9102836543503104,0.9963584303673042
19,65,-7.704931599763682,7.8569198552996315,0.08502215639324674,9.469467061200753,0.13668583230822376,0.921403929151279,0.9969358054447908
19,66,-8.204784466715282,8.278827391088264,0.08873950267962616,9.851156767457233,0.2071754077955906,0.917918412865899,0.9970536122486469
19,67,-8.153252785125922,8.227295709498904,0.08656689252351663,9.805334593826124,0.23165788761257675,0.9195244995147044,0.9971722600159524
19,68,-6.689268577877567,6.763311502250547,0.0698902715096133,8.183721956227698,0.2811526104983225,0.9340345272500534,0.9979090819727087
19,69,-6.597643369862023,6.6716862942350055,0.06829747935247764,7.702342808895421,0.37541091374964924,0.935751804611885,0.9985363832917737
19,70,-7.226087257663514,7.226087257663514,0.07330259137221369,8.09680702670835,0.4212206876962435,0.9308897552870431,0.9987958086572521
19,71,-6.976782166885239,7.20954039567109,0.07238678606016674,8.053457085431168,0.41864411246548744,0.9332869852562194,0.9985699694522979
19,72,-6.878830930716495,7.289248920483691,0.07231249671134066,8.146266202282092,0.6189587183885141,0.9342904674491975,0.9983752172305554
19,73,-7.880300434511537,8.290718424278731,0.08170702461902467,9.084369522400985,0.5912573109568235,0.9262076925745035,0.9983074841027566
19,74,-8.623319139513837,9.033737129281032,0.08874392012996352,9.822472346113697,0.47856358152667083,0.9202945662510064,0.9981899299772086
19,75,-7.902714452501987,8.566538561257072,0.08381530382197223,9.473441227588879,0.44256766221950866,0.9261551627548952,0.9977569605252612
19,76,-8.463720716736375,8.894786596705607,0.08688943440637517,9.931117253047562,0.4225912493261724,0.9216596087704243,0.997809262653636
19,77,-8.255341033141063,8.593050635734807,0.08411164191057559,9.777264605416358,0.20599964874993298,0.9236354449019356,0.9977277918749354
19,78,-7.629097831625989,8.05111091782559,0.07883445343743423,9.508060894129533,0.15056852725873882,0.9285552540629588,0.9973109806375737
19,79,-6.892064073317265,7.39838064312272,0.0721066697003536,9.00523394620221,0.19539967507521303,0.9349103823587506,0.9971934211953181
20,0,-3.6487185312826194,4.32828113919098,0.11978399023282849,5.741488119541318,0.6261403745942744,0.8952011987409823,0.9878116467183721
20,1,-4.354220973628154,4.8697698927244755,0.13197020390814626,6.201579518791924,0.6305948512913025,0.8828306763061737,0.9888563043868159
20,2,-3.8798234351800294,4.565284673332884,0.12096693234826145,5.934829144860384,0.4665965405919459,0.89963948929684,0.9884762794682057
20,3,-4.550865463435551,5.344237353466139,0.1347339237778574,6.783338909978319,0.3403706136520562,0.8885299497805937,0.9871815654633793
20,4,-3.8485943224594066,5.266867514195488,0.12601728827060912,6.39577196683396,0.3100015908753863,0.9067596362870326,0.987296209409564
20,5,-3.9960641742354164,5.631945410421195,0.12988858535183245,6.824591806866476,0.4515008912125386,0.9043914108293342,0.9864068384098066
20,6,-3.553022863954898,5.627220840437458,0.12261700930671672,6.81638499042397,0.5234683776788089,0.9145468552235692,0.986271317786213
20,7,-4.445340329430183,6.208001524906802,0.1336353304993306,7.2187703218188455,0.39888918939347884,0.9022846783216051,0.9876811798329819
20,8,-4.869506116218053,6.360242971004901,0.13283267437923463,7.409883041930639,0.5013694892279748,0.8968304531487669,0.9889731366067797
20,9,-5.3718849929870975,6.482239621330803,0.13234245708673048,7.761669859916661,0.3949522554405079,0.8917401840607644,0.989412645183363
20,10,-4.7334184665288435,6.149202758654721,0.1227043362268822,7.546257164234918,0.24863066803840195,0.9045646334086431,0.9884078002607062
20,11,-4.952977665655366,6.178206170094868,0.1212872417678995,7.786895125971057,0.19962574089791327,0.9028725108959429,0.9883033743057175
20,12,-5.201381931193899,6.475857920712442,0.12510334312810975,8.131619033043258,0.08220298480646111,0.9006627593470872,0.9878956587536419
20,13,-3.839949579249236,5.546961535218004,0.10471653060755066,7.125335730565297,-0.09599708807842613,0.9247920101778279,0.9889255211187001
20,14,-4.094970410104716,5.369941749338887,0.09999551983211222,6.961797181480631,-0.015411790237896973,0.9226334345317628,0.9905751510070612
20,15,-4.018787885826037,5.023912488156823,0.09244077975939093,6.582206804777123,0.06156719254569641,0.9258896989596093,0.9920830418929183
20,16,-3.6560523227278896,4.525276877910011,0.08251131257871316,5.843826420910874,0.19344384554124405,0.9334857557509905,0.9939754976930514
20,17,-3.6280468048573336,4.427032432556063,0.0795053580842239,5.618921345184516,0.2610859643348146,0.9347771368403474,0.9948063648094159
20,18,-4.901902539504277,5.268352200752779,0.09374002780435926,6.678470506395655,0.1845073241700574,0.9157678586690483,0.9944958923109996
20,19,-4.770696777062252,5.532886766343768,0.09737409837736191,6.648335910232558,0.12379279538370981,0.9179065713958086,0.9943535902453645
20,20,-4.927816036828192,5.447994271736749,0.09623196472040497,6.697375189958473,-0.06577749513610828,0.91604098315585,0.994559156926877
20,21,-4.666625929683583,5.307996979890029,0.09325034585574798,6.562791503077325,-0.259935881960474,0.920490542850451,0.9943561768749966
20,22,-4.059144924306255,4.838878789075005,0.08449652859395351,6.050417376928137,0.03421731606163536,0.9298169870940526,0.9946429324203635
20,23,-3.4672439191251203,4.246977783893871,0.07376550382491613,5.2244708002869045,0.23232256863941222,0.9399528176642901,0.9958996601918005
20,24,-3.0160333906415957,3.413804818167733,0.059045113989961415,4.475529139417652,0.3498922997639587,0.9479625233745859,0.9970436012811698
20,25,-3.697164511142242,4.2184163004125255,0.072712236477414,5.544515755475696,0.3071173654321878,0.9360592796314635,0.9955218085917782
20,26,nan,nan,nan,nan,nan,nan,nan
20,27,nan,nan,nan,nan,nan,nan,nan
20,28,nan,nan,nan,nan,nan,nan,nan
20,29,nan,nan,nan,nan,nan,nan,nan
20,30,nan,nan,nan,nan,nan,nan,nan
20,31,-4.298230759980989,5.615169202356162,0.09973149119460047,7.226426179517739,-0.08808706844790969,0.9234330257136248,0.9909701444192447
20,32,-6.300821169199654,6.909248294956452,0.1230230566011673,9.106516796817587,-0.18633029372020476,0.8932394018346237,0.988989890720153
20,33,-5.882540550669438,6.399071284266097,0.1146226071669212,8.893334853211076,-0.14414867616227006,0.8986875816225455,0.9884964508075776
20,34,-5.502879166275379,6.01940989987204,0.10716212385086483,8.589491754566504,-0.10801503807427423,0.9043624179358255,0.9887922849910074
20,35,-4.803408691056975,5.489836164506118,0.09698487566399708,7.683895504927051,-0.029616732524748668,0.9159276557632836,0.9906214488853545
20,36,-6.14486363928493,6.40637808712278,0.11207166736727285,8.326791877643887,-0.008250998010928063,0.8983394336728378,0.9921026031129615
20,37,-5.145356221141254,5.44139870548346,0.09337357933767172,6.655306119831671,0.2651522454075365,0.9156480407433853,0.9955586200049835
20,38,-5.711798969614221,5.945324261267574,0.10066584252142874,6.968664178238917,0.3635165204322162,0.9085062237521782,0.9962131190736553
20,39,-5.791332373721908,6.1118127110803275,0.10311845464058496,7.063795248002842,0.41179343588456857,0.9075857313322491,0.9961469635686497
20,40,-6.076571932299905,6.227155529805841,0.10402844199467015,6.903183669540641,0.540138238172714,0.9053698734342567,0.9975626490239036
20,41,-5.812357322324565,6.500991045119502,0.10720172533797123,7.35158816419767,0.2413822643605194,0.9085962967837887,0.9953102847261943
20,42,-5.385021333368485,6.058987901650292,0.09921402823843074,6.933511573608584,0.23453286753963878,0.9161736279291426,0.995556926992976
20,43,nan,nan,nan,nan,nan,nan,nan
20,44,nan,nan,nan,nan,nan,nan,nan
20,45,nan,nan,nan,nan,nan,nan,nan
20,46,nan,nan,nan,nan,nan,nan,nan
20,47,nan,nan,nan,nan,nan,nan,nan
20,48,nan,nan,nan,nan,nan,nan,nan
20,49,nan,nan,nan,nan,nan,nan,nan
20,50,nan,nan,nan,nan,nan,nan,nan
20,51,nan,nan,nan,nan,nan,nan,nan
20,52,nan,nan,nan,nan,nan,nan,nan
20,53,-4.047533621848131,6.457057052504584,0.08768214300892387,7.936589514819332,0.16224575756040302,0.9424056164044677,0.9923798042965881
20,54,nan,nan,nan,nan,nan,nan,nan
20,55,nan,nan,nan,nan,nan,nan,nan
20,56,nan,nan,nan,nan,nan,nan,nan
20,57,nan,nan,nan,nan,nan,nan,nan
20,58,nan,nan,nan,nan,nan,nan,nan
20,59,-4.968158756266097,6.315364950693858,0.07579873555432363,7.258397816380254,0.4246589745436167,0.9414731831999129,0.9964024494081797
20,60,-5.231419705400549,6.686410681920444,0.07768457827940112,7.950619423158453,0.5833305356982282,0.9383471101023337,0.9957434604462215
20,61,-6.3782579641822394,7.1860136522279365,0.08219158436703122,8.534126793691874,0.4720348328730137,0.9289831613494703,0.996345938722517
20,62,-7.344391257488796,8.152146945534493,0.09220591297025348,9.363942160233599,0.263444772340036,0.9209345265986454,0.9962994489600668
20,63,-8.460198710548104,8.961740915836995,0.09977183976385433,10.401496375582491,0.013680658983556622,0.9114695422460067,0.9961697705622838
20,64,-9.046768409489534,9.232498522744638,0.1017684685379181,10.915235865596328,0.011219955978074113,0.9075088965583069,0.9961741364641186
20,65,-8.23858269128122,8.39057094681717,0.09127671148473779,10.090608530994881,0.08700359168801147,0.9160757879525931,0.9965604513063308
20,66,-8.763484561340894,8.837527485713876,0.09463914154089693,10.260034869046866,0.23469514768178043,0.9127437167619578,0.9972192782539938
20,67,-8.648921646538808,8.722964570911788,0.09162028256481153,10.16146241199477,0.3193636842233815,0.9151328528999664,0.9973274695966687
20,68,-7.411525270063577,7.485568194436556,0.07745035805196183,8.731991340465166,0.319126448046888,0.927440686384904,0.9980158193779696
20,69,-6.914063503295597,7.171418553043349,0.07352800875021966,8.110805432584767,0.2881666007843615,0.9328382968594635,0.9983226688908605
20,70,-7.1870988253107955,7.370410950685566,0.07475682704686373,8.187665047599515,0.2987145416636416,0.9313064425264116,0.9985945805817388
20,71,-6.793986011503432,7.210056365664054,0.07234097161467423,8.130101374462038,0.24679728180782784,0.9347631710189928,0.9982253670870723
20,72,-6.318939201122866,7.161589578274632,0.0710437032165696,8.145968638831278,0.4737117429881197,0.9387230757129479,0.9976969865738962
20,73,-7.096863047466947,7.939513424618709,0.07809126492810177,8.866743548557372,0.4275315652876869,0.9325433591466921,0.9976144336376205
20,74,-7.990638600377028,8.649976852154019,0.08486849546801625,9.572209859689448,0.3833825747218172,0.9252514096278507,0.9977026052461878
20,75,-7.455911801421479,8.368656172186359,0.08179523770211757,9.317266501917679,0.42661414667462444,0.9297085344218957,0.9974157126793434
20,76,-7.797175699942751,8.496361885147172,0.08281717258533694,9.663398860321117,0.35215690157333474,0.9271582524289558,0.9973245561643838
20,77,-8.025262028510724,8.382171674329859,0.08187825840455897,9.699569374840383,0.22784058978660823,0.9256299827618534,0.9975432496414586
20,78,-7.7135027878173625,8.154715917242354,0.07966864138423006,9.774904420093641,0.1916351356130979,0.9277452020043555,0.9970111953787562
20,79,-7.326209607315784,7.851726220346629,0.07639630382624352,9.594327223048632,0.20684668161236355,0.9310483809330166,0.9968299555503034
21,0,-3.9340896919280386,4.638983505988724,0.1292946541011457,5.7413596635127995,0.41292934214454785,0.89298617972751,0.9890921236076474
21,1,-4.531036165670043,5.079438222566731,0.13840844725386445,6.163081094699947,0.47704997514442066,0.8823604284981603,0.9898757325804804
21,2,-4.360011711139037,5.005901595238717,0.13303535704430167,6.23433714455683,0.3853602702499568,0.8904033150553021,0.9887604471833237
21,3,-4.9595010870528435,5.7208235546782955,0.14477442080691155,7.061438750802044,0.3461676984136369,0.8801411452222395,0.9872938823850554
21,4,-4.819017036855561,6.157343805090064,0.14888195022728656,7.14258167177869,0.27952747164461095,0.8874432511939059,0.9866532086532241
21,5,-4.2397810889658185,6.139349139260202,0.1432775915271412,7.207027087003263,0.30144482322432853,0.8991763909779479,0.9846457267517928
21,6,-4.284030675960577,6.18359872625496,0.1374365625787349,7.295413273080109,0.46076507270516526,0.9007296529774564,0.9858795336338809
21,7,-5.003925698564496,6.671903391354515,0.1441698183124302,7.582576155632083,0.47337441763008115,0.8919582853152205,0.9879289634356981
21,8,-5.060368491954401,6.456421844054651,0.13553039310572465,7.273887285273425,0.5592797438538515,0.8945049407926394,0.9904304209934366
21,9,-5.261251885444059,6.276923011101165,0.12900656360474533,7.24517133247376,0.44526258889777215,0.8952923156369025,0.9915327555985404
21,10,-5.612272006785244,6.589739558614341,0.13195066329319663,7.548748317811897,0.24664496406424985,0.8930114286396675,0.9915054600497272
21,11,-5.576651546861083,6.801880051300584,0.13334936718057755,7.962272888368852,0.15361086388593334,0.8939705660219268,0.9896956555089759
21,12,-5.392205095341265,6.666681084859806,0.12888201969203764,7.940741834915092,0.123923472136189,0.8984945899662485,0.9894295729179872
21,13,-4.184858897840843,5.891870853809612,0.11158593244618091,7.317373419701676,-0.14209266860046546,0.9193230801753619,0.9889430363784347
21,14,-4.115232832818999,5.390204172053169,0.10126955850010115,6.844005844492367,-0.16424368446168172,0.923348599866859,0.990967857098914
21,15,-3.548056042543609,4.553180644874395,0.0842971823196788,6.027948542427243,0.00350581218867672,0.9348026973200877,0.9929332630102404
21,16,-2.813340364332427,3.682564919514549,0.06725436450059394,4.719138401236869,0.24553190013399792,0.9490138787926099,0.9957253080479967
21,17,-2.8482750857546937,3.6472607134534223,0.06563081298991985,4.564435513497031,0.26369484179819863,0.9489640444857017,0.9963103886654873
21,18,-4.293071455723903,4.659521116972406,0.08309691899230838,5.901968537969074,0.16027045005504875,0.9261309763270659,0.9954948403445063
21,19,-4.307797772163138,5.321351371078256,0.09398872407726694,6.465642504465924,0.08637431038749036,0.9243270371267698,0.9937637262098196
21,20,-4.474766699232865,5.246308543775024,0.09301364731372168,6.505761253597038,-0.05034456836081119,0.9220922782100115,0.9940023545714702
21,21,-4.287004242828921,5.179738902668969,0.09134900295440701,6.407423400679179,-0.2047302593670397,0.9254241425360454,0.9939040716789829
21,22,-4.048086037896223,4.939422913277993,0.08638885443811825,6.089206108032192,0.10721925130443598,0.929435375653371,0.994491270237769
21,23,-3.418369302237735,4.309706177619506,0.07500884221603622,5.238264967069448,0.32481892202858775,0.940128431271348,0.9957602180500238
21,24,-3.940942071872556,4.18517500958771,0.07302883829695633,5.490054656401685,0.18513224705676706,0.9329134563777879,0.9960971165661964
21,25,-4.414762262387566,4.7824755618468675,0.0829419987918831,6.211014253319849,0.2166772253479007,0.924846818676274,0.9950468424203727
21,26,nan,nan,nan,nan,nan,nan,nan
21,27,nan,nan,nan,nan,nan,nan,nan
21,28,nan,nan,nan,nan,nan,nan,nan
21,29,nan,nan,nan,nan,nan,nan,nan
21,30,nan,nan,nan,nan,nan,nan,nan
21,31,-5.673152013381998,6.612095915185682,0.11682073662410249,8.261147912533628,-0.12011979188230705,0.9027329640690244,0.9907224227182359
21,32,-6.926078074045745,7.156510659231053,0.1268293836030626,9.413129366588489,-0.15600291524736665,0.8848379951057144,0.9898337370641225
21,33,-6.137219516350443,6.2757557093756136,0.11152193186394886,8.917687816372993,-0.12306828457998426,0.895641628801215,0.9893412608292368
21,34,-4.993061672303937,5.131597865329107,0.09098842571993498,8.009959414591377,-0.1598855418275604,0.9128700744794106,0.989811068732681
21,35,-4.88028024559614,5.0748998278802615,0.0899299733329257,7.7120993292282485,-0.1446731828982169,0.9152340237691153,0.9906856348532012
21,36,-5.36312323732448,5.510824334568798,0.09714931159281118,7.693295515319399,-0.06504862647696125,0.9095353764338644,0.9921578564935642
21,37,-5.030297857649674,5.212526991398348,0.09010845892757338,6.532698110539459,0.10978414260358553,0.9175722270392169,0.9955772476128477
21,38,-5.9041221650560765,6.023834106115898,0.10317730495187162,7.089126834581617,0.22441102991465173,0.9058309035518877,0.9962345207615374
21,39,-5.80542547621844,6.266517409098051,0.10717603046598151,7.187650807249074,0.1751940227298457,0.9068222638509896,0.9955976795100224
21,40,-5.740096734884751,6.145105278505411,0.10405483550774194,6.883572885866045,0.23584891958994364,0.9093647338283496,0.9965018580262898
21,41,-4.700864884263042,6.053270072177977,0.10031278922616138,6.838299510465598,0.057404783292793235,0.923449590508059,0.9940400202074725
21,42,-4.403968198664896,5.741706232066706,0.09426445421804579,6.593365465833236,0.16720732301250796,0.9286498941129456,0.9942653557285988
21,43,-3.8463290867579683,5.684002878996329,0.09207985477495712,6.746200148295072,0.06911232727741776,0.9358496053422382,0.9928085825988616
21,44,-4.211902508846251,5.860143395196364,0.0940260662070381,7.017945650797255,-0.14941751548643045,0.9317207182094975,0.9928464597816922
21,45,-3.357040060720479,6.106273817926176,0.095526655028238,7.377076595588488,-0.16221483418925486,0.9430278581008247,0.990407712839056
21,46,-3.970828827521654,5.772665940433075,0.08922946064942588,7.062326820521076,0.02808690125488877,0.9366926478021792,0.9926979172626238
21,47,-4.549614301497129,6.331590532417322,0.09567492097799997,7.720599205312734,0.360272685263207,0.9286468265902732,0.992213801649672
21,48,nan,nan,nan,nan,nan,nan,nan
21,49,nan,nan,nan,nan,nan,nan,nan
21,50,nan,nan,nan,nan,nan,nan,nan
21,51,nan,nan,nan,nan,nan,nan,nan
21,52,nan,nan,nan,nan,nan,nan,nan
21,53,-4.964213732663011,7.434510679104494,0.1009716242051671,8.669059396180751,0.1500695735342379,0.9307991644802488,0.9918605939394742
21,54,nan,nan,nan,nan,nan,nan,nan
21,55,nan,nan,nan,nan,nan,nan,nan
21,56,nan,nan,nan,nan,nan,nan,nan
21,57,nan,nan,nan,nan,nan,nan,nan
21,58,nan,nan,nan,nan,nan,nan,nan
21,59,-4.961692307417722,5.981778498741655,0.07179532459353824,6.924857109296994,0.36133289954103953,0.9424447865522846,0.9969698458548324
21,60,-5.217010469107322,6.34488144252339,0.0738111947381318,7.670658000783751,0.48909001438652383,0.9394106591845117,0.996204785933051
21,61,-5.963680582435465,6.771436270481163,0.07758846119336392,8.237408143627167,0.4544246479438614,0.9332573427585198,0.9962837548010031
21,62,-6.634958729454047,7.442714417499745,0.08395898158858695,8.795504830416286,0.30595220575199095,0.9280751230067003,0.996322754497461
21,63,-7.2420534338860465,7.743595639174937,0.08639542420674813,9.341492506989312,-0.14231681184420547,0.9235920587498384,0.9962419831133209
21,64,-7.514529246181878,7.7002593594369815,0.08474184585542385,9.462653748971594,-0.08153209477651982,0.9225202240873307,0.9965193353655231
21,65,-6.831554046749398,7.152571914946327,0.07741368016767411,8.635482329758602,-0.013221157393069703,0.9303099543635559,0.9970989326175237
21,66,-7.462455910487111,7.705528447521069,0.08201243129267581,8.885540334991234,0.17431168524966706,0.9254352749168545,0.9976768231277126
21,67,-7.727152659122166,7.970225196156126,0.0831802336297513,9.107468771719754,0.38811746948056314,0.9240682664108882,0.997796956547241
21,68,-7.5538438876033895,7.796916424637351,0.08007743088591297,8.687291600107056,0.39983310777125075,0.9266920442599657,0.9983135911200427
21,69,-7.333873625435902,7.760258287844633,0.07947788982875072,8.549591293800738,0.14982075972301692,0.9293031865141925,0.9981970118446918
21,70,-7.52382910438256,7.7071412297573305,0.07817179216325008,8.545281356445829,0.21710477751034032,0.9285489829502231,0.9984943351436687
21,71,-7.450204902412995,7.633517027787766,0.07660805466184721,8.527807185664502,0.19753768195503832,0.9294560206822622,0.998474422691526
21,72,-6.996354733373753,7.428587120758318,0.0738191902954639,8.411098890184437,0.4733606645097028,0.9332834596451127,0.9981149365380241
21,73,-7.3786093338816245,7.81084172126619,0.07684008402497179,8.77202062851615,0.4685965297818622,0.9306277970806541,0.9981061612503666
21,74,-7.752521855024675,8.001442117034468,0.07826196566101276,9.00773921324637,0.46220807414350096,0.9278638259581397,0.9982667595422636
21,75,-7.563569703173246,8.065896084170928,0.07860752188323551,8.90307921832112,0.4560128322505753,0.9296273252130792,0.9981880625183714
21,76,-7.40282302131163,7.924349445534708,0.07694391448236178,9.140768731150578,0.27484527288867866,0.9310093684794448,0.9976364753718197
21,77,-7.019137422267558,7.376047068086694,0.07160507587758451,8.826054444718277,0.07382313955401319,0.9344906621219754,0.997624737663721
21,78,-6.33512587617569,6.776339005600681,0.06568522941853285,8.613618142086223,0.07719873145941003,0.9398889945679556,0.9971617410560897
21,79,-6.062498710717815,6.58801532374866,0.06355972833710512,8.579496239364184,0.04368757452175626,0.9422357960936775,0.9969478345822957
22,0,-3.7118637952334144,5.035346957341207,0.14082835614268685,6.145535829179871,0.3143736039531285,0.8941495447981048,0.9849183149097567
22,1,-4.255813253599879,5.422804658543673,0.14837688926390102,6.476055808348347,0.41798055477531276,0.8845211826963804,0.9860714651328879
22,2,-4.347560339166641,5.612039571313429,0.14936946680824273,6.821082987623381,0.3922762019455453,0.8855587039155928,0.9847189510099145
22,3,-5.026294147169695,6.406205962842255,0.1616246852183795,7.756780389738123,0.4963608836595127,0.8732205784156806,0.9832011785146886
22,4,-5.488596682015178,6.860906353071122,0.16602536440047608,7.861907163179598,0.6090800840859043,0.8706815358429111,0.9862140828516534
22,5,-5.0586573948902265,6.373618999958941,0.14929791439873377,7.448475009397585,0.40617686790397767,0.8853706795418052,0.9869709724150398
22,6,-4.9934917799996015,6.308453385068316,0.1406532289203187,7.465148939362946,0.515011705592724,0.8899232940277719,0.9879412408009973
22,7,-4.935003887382632,6.268083798527073,0.1349414098175691,7.307632027340836,0.4852112680671363,0.8945846631691431,0.9892559229029695
22,8,-5.439732352687502,6.50088792314217,0.13519820860200096,7.619855156907914,0.6415372556470782,0.8878091547211945,0.9903946557085473
22,9,-5.320284927741995,6.58566471697919,0.13383772357132195,7.830180519831111,0.5159137678362395,0.8915640341185159,0.9890768281671771
22,10,-6.581058698181367,7.285197205358684,0.14538547150456715,8.484356479419299,0.36758354208669236,0.8764783381850637,0.9910844042377471
22,11,-6.24437003987572,7.19626949966344,0.14160910020463857,8.456132246095347,0.16624274814788265,0.8833672275040227,0.9899243392900784
22,12,-6.815653186050043,7.567091467336716,0.14667824769437823,8.85374079679866,-0.006491159668602715,0.8780080159485303,0.9904171773619375
22,13,-4.661223883879504,6.21948253337265,0.11814860603095634,7.4976714242823705,-0.39092933451642403,0.9125301848549465,0.9894521298289622
22,14,-4.4604546842814905,5.586672717040036,0.10490220298632842,6.783281221611031,-0.2969868124782158,0.918914278698334,0.9921123976480931
22,15,-3.319441660384623,4.704079907363576,0.08701716276628697,5.987567761684221,-0.17234039701917073,0.938328650738498,0.9925616614219901
22,16,-2.827854924318252,4.076593124148542,0.07422061929254233,5.3011575188861375,0.09733641013579265,0.9476919589517204,0.9940979944868494
22,17,-2.7921002058508555,3.970599478197753,0.07103481189515573,4.979765990170978,0.30061428832940773,0.9487547305056315,0.9951297149215695
22,18,-4.548353452643813,4.920032356784237,0.08753773012357194,6.18732561575177,0.1624308019633768,0.9221932035021132,0.9952260048067345
22,19,-4.92892902731157,5.551971541085595,0.0978663469889392,6.812009585322955,0.15459453724705638,0.915496552162681,0.994212017424615
22,20,-5.045146923819259,5.420948440328402,0.095517996144334,6.692728994361566,0.11293734836793522,0.9145666673447477,0.994953407887365
22,21,-5.1495283042030335,5.413468915250436,0.09531744714129294,6.670080284931094,-0.02977248864355029,0.9135483897712299,0.995312483607649
22,22,-4.860011127590601,5.122553954179727,0.08916066735720507,6.338176784259618,0.30306690931854813,0.9182928945605303,0.9957664568208484
22,23,-4.273872825630779,4.536415652219905,0.07857799141531192,5.595358943305816,0.49677543104393257,0.9277961618550954,0.9966449572259223
22,24,-3.945111401578116,3.956290618533641,0.06864899761909758,5.353137458326196,0.30542692656319015,0.9333735485599831,0.9965575787642783
22,25,-5.041673024840529,5.041673024840529,0.08733663184677828,6.591680524875075,0.27553149990518994,0.9161072603945021,0.9954347493793483
22,26,nan,nan,nan,nan,nan,nan,nan
22,27,nan,nan,nan,nan,nan,nan,nan
22,28,nan,nan,nan,nan,nan,nan,nan
22,29,nan,nan,nan,nan,nan,nan,nan
22,30,nan,nan,nan,nan,nan,nan,nan
22,31,-5.395893257353648,6.346780844591833,0.11307060813204597,8.190213236156621,-0.283038628693277,0.9072999577374428,0.9900548626753101
22,32,-5.640634532654889,5.883010803274698,0.10427867891454663,7.80598733382057,-0.17778346365953607,0.9060199251825183,0.9924039100074039
22,33,-5.399577729494172,5.538113922519342,0.09843726168744413,7.494987771928997,-0.1111669264198526,0.9099384565377427,0.9928812796400728
22,34,-4.738879374856335,4.877415567881505,0.08638983460970649,6.814267079463226,-0.12469059717456475,0.9202703869933118,0.9936317703837746
22,35,-4.496635172203112,4.691254754487234,0.0832295503109331,6.6774737567910005,-0.14447928342071392,0.9238738200531674,0.9934906368923564
22,36,-4.708322237494449,4.856023334738767,0.08421640975938853,6.246852584877807,0.27424250963202806,0.9218501197905468,0.9956596787752992
22,37,-5.188868148326159,5.371097282074832,0.09261705376183499,6.787223500498518,0.10837082698990323,0.915109646760407,0.9951823504884554
22,38,-6.156078165375964,6.275790106435786,0.10749397356412194,7.5705417546588585,0.20071243326230792,0.9015091537364514,0.9953087283555789
22,39,-6.423115512257952,6.797252399432497,0.1157332700990099,7.900403198618788,0.32421915987334815,0.8973611123531771,0.9950176684602664
22,40,-6.68487375076295,7.002927248678544,0.11845485405288668,7.932359752216808,0.30327930458803654,0.8953818711067713,0.9957564281961891
22,41,-5.229061498568317,6.494511640778188,0.10792285439193523,7.43836921963134,0.03634944707551636,0.9154292194481836,0.9933144908715379
22,42,-4.763369680719847,6.0599906275701665,0.09977669774026049,7.1511452777584195,0.108515903155367,0.92281308716248,0.9932772191292862
22,43,-3.526803758767816,5.323360464454688,0.08643402936415731,6.41488374785977,-0.0036724649081927817,0.9409631500912548,0.9931906514477786
22,44,-3.5263842326193275,5.220463078123019,0.08377347526255863,6.290780487531404,-0.17131880204928704,0.9421815380198305,0.993719362465693
22,45,-2.2547024982204906,5.2886428911359324,0.08294459456732545,6.43963525351075,-0.312033445152601,0.9602281904911502,0.991646952262172
22,46,-2.6157460416812324,4.872807161406484,0.07564054790959865,5.954127938080839,-0.12616538715476514,0.9566768591879494,0.9935998346506062
22,47,-3.2586028715611115,5.4499651501415585,0.08256005826636523,6.6994347368103675,0.31224359098327203,0.9465737081782406,0.992836164020385
22,48,nan,nan,nan,nan,nan,nan,nan
22,49,nan,nan,nan,nan,nan,nan,nan
22,50,nan,nan,nan,nan,nan,nan,nan
22,51,nan,nan,nan,nan,nan,nan,nan
22,52,nan,nan,nan,nan,nan,nan,nan
22,53,-5.685267804322141,6.830875781114112,0.09229385319442514,8.069033774034123,0.12589207586713014,0.9251037405860602,0.9947946618408875
22,54,-6.717357506773094,7.519244577898615,0.09985896032825,8.66320341572725,0.059430136708609256,0.915768842899278,0.9954625464032302
22,55,-6.65981811005938,7.4617051811849,0.09702723783084366,8.534704714804077,0.21221725820662518,0.9181664872570228,0.9958653403045695
22,56,-6.288782417678798,7.299501620638001,0.09364172320113683,8.500590593933554,0.07133686880157677,0.9236849828605329,0.9953156204132486
22,57,-6.133231002614077,6.893135848650363,0.08667578429443523,8.0427416573577,0.1795860731505111,0.927073952838596,0.9962543642936332
22,58,-5.251013857868674,6.046631805576665,0.07377385729515358,7.062316056431931,0.25165707021773814,0.9382619522991917,0.997023780752568
22,59,-4.417456517867828,5.528886557609605,0.06604633208836143,6.286234043313276,0.36747677736272055,0.9487961132968123,0.9973937311612663
22,60,-4.475793682745795,5.695008504579705,0.06634048077645789,6.93632664633556,0.43825069115034004,0.9479089438842933,0.9965697552916714
22,61,-5.108151941793319,6.007251478256858,0.06887807624475155,7.463827476366507,0.4014461437393136,0.9424315131245707,0.9965316485549894
22,62,-6.014678112880125,6.913777649343665,0.0775442614468767,8.31068501805602,0.40340997800943873,0.9339821748334102,0.9963914409819536
22,63,-6.839220431829965,7.340762637118855,0.08138098099966662,8.920268312968547,-0.005168772245331555,0.9275462113544825,0.9964948911195104
22,64,-7.843267953344919,8.028998066600023,0.08779910497001962,9.544365118582197,0.05657286905507994,0.9196527887357774,0.9969454183096108
22,65,-7.4740993627318275,7.795117230928757,0.08418724038147685,9.090989553306574,-0.01566213527355816,0.9245096277085969,0.9972404585534124
22,66,-8.158667230947383,8.401739767981343,0.08918046948534764,9.343972741386112,0.20113585932449846,0.9195683570898788,0.9979452564286578
22,67,-8.119162572504639,8.362235109538597,0.08692230464861782,9.314696006568381,0.44177494199794737,0.9209029035425363,0.9980562016512092
22,68,-7.857785959193953,8.100858496227913,0.08308164769384918,8.865429455184591,0.4651010487029589,0.924119195394749,0.9984752546392375
22,69,-7.485548590948663,7.911933253357392,0.08072100463460298,8.611984592067852,0.29359235938181844,0.92799192600253,0.9983376513321714
22,70,-7.809890908784089,7.99320303415886,0.08094370749870318,8.732396790086149,0.256762892651718,0.9260284370858552,0.9986181543344874
22,71,-7.649125077472982,7.832437202847753,0.0786118008913166,8.632592345207126,0.25036537625541233,0.9277522644017128,0.9985868962414836
22,72,-6.584049672798328,7.016282060182894,0.06988132373199753,8.012493605207572,0.413139323287797,0.9370316303206917,0.9981648597886261
22,73,-6.84850837323635,7.280740760620918,0.07168050157945899,8.249052121585924,0.4069085488354638,0.9356015873077441,0.9981845795913121
22,74,-6.650471047804328,6.899391309814125,0.0674457869574654,7.996310820999509,0.4143822357327972,0.9376431061011522,0.9983329313679428
22,75,-6.328739881660365,6.831066262658051,0.06634588573158841,7.756211215037919,0.4496776814872651,0.9406405416415347,0.9983168078126318
22,76,-6.290503409982705,6.812029834205783,0.06601615610554326,8.16633140354857,0.280108718637148,0.9408172068099321,0.997735006606629
22,77,-6.696425685875213,7.053335331694347,0.06830527742281556,8.364225092626096,0.14389328268531063,0.9376645912471417,0.9979118153704611
22,78,-6.583691551319505,7.024904680744496,0.06798959950395762,8.51369796975659,0.14621335520529335,0.9381495055210134,0.9975867349060921
22,79,-6.958596218730922,7.48411283176177,0.07217373551413188,8.985337990388516,0.07268497614898674,0.9349790801274104,0.9973611204574644
23,0,-2.723130385490382,4.0466135475981755,0.10935425756679862,4.988968990920181,0.5924243109895596,0.920039116434977,0.989178938684331
23,1,-3.577717463801787,4.744708868745581,0.1258421127199417,5.681635699126901,0.6464623875067387,0.9013967541182563,0.9889731182064585
23,2,-4.297167554328427,5.5616467864752135,0.14372899194376842,6.624911410968358,0.5699004917398786,0.887606517507265,0.9867266473913823
23,3,-5.451286020667755,6.831197836340314,0.16921815666485215,8.192238675802331,0.5781060212618323,0.8645198596288451,0.9830038283471918
23,4,-6.214225930890914,7.586535601946857,0.18394566679249105,8.615755873069569,0.5381660730823359,0.8566610011954692,0.9848320169888322
23,5,-5.593127035322413,6.908088640391128,0.16196367760862745,8.119475236232988,0.3046827037427868,0.8744415927062046,0.9851760052748606
23,6,-5.314965246062025,6.6299268511307385,0.14907516290406106,7.930350580749688,0.40793884209539166,0.8839698506871653,0.9863735553291187
23,7,-4.792957846347918,6.126037757492358,0.13274058343177964,7.446514061760442,0.4369782336822633,0.8962791653598201,0.9877991357632909
23,8,-5.081355777417591,6.142511347872261,0.12791922595174088,7.29986818580298,0.6138127991299916,0.8949295306974768,0.9905629671687023
23,9,-5.449903742633157,6.3460778012607895,0.12835187750425286,7.650664655421584,0.6004250779412957,0.8912711117920867,0.9907461596528399
23,10,-6.828306198634464,7.1632389752022165,0.1416668418610514,8.403377073176946,0.4909424542179049,0.8747025350311844,0.9928370577028445
23,11,-6.886288839761782,7.221221616329537,0.14142701179700307,8.535974724849975,0.29889128899808254,0.8756226587513521,0.9924541522454251
23,12,-7.3022277440855,7.436699342152204,0.14348707347425121,8.701647693781345,-0.00969266410930273,0.8739795801005347,0.9933534124217488
23,13,-5.375347559555616,6.115133617823517,0.11579435302379844,7.324564407576269,-0.20038369763715985,0.9035816035006767,0.992588222005729
23,14,-4.9033795737796835,5.5803307459225495,0.10426812319938975,6.664545050034493,-0.12192245617918929,0.9131500974067954,0.9939511448625649
23,15,-3.979249351837055,4.6614297668718425,0.08583021150889898,5.804236812963028,0.09508786562434442,0.9289488027145331,0.9947491341545791
23,16,-3.4647024162760203,4.258743736772549,0.07669989601294479,5.388343485445261,0.3436704955266024,0.937850821701147,0.995162387529633
23,17,-3.5562731941869945,4.28007558720013,0.07604142731363853,5.352606756943932,0.4916464810298607,0.9368393949590719,0.9955895038286001
23,18,-4.64318964235205,5.467320008922464,0.0961507688000383,6.70147179408986,0.07188701364484026,0.9204251312611985,0.9937178334524236
23,19,-4.554573045461883,5.630067021665899,0.09818596119704108,6.96558625425503,0.025158817076188486,0.9208531877120055,0.9926888469093308
23,20,-4.102891766077053,5.436755642176504,0.09448700015101467,6.725453122670292,-0.05345142329456264,0.9276469103383911,0.99247571979747
23,21,-4.40791318770173,5.62991615833944,0.09759444622845746,6.8738014652579436,-0.05365440642666455,0.9233673030950234,0.99271558776399
23,22,-4.321190114606782,5.541795300786216,0.09541094107889769,6.722945463985716,0.10450238980318408,0.9249461331239298,0.9931281462861322
23,23,-4.620106548173566,5.135069300594523,0.08861000627726741,6.271557298834749,0.43700367257851847,0.9219009559777712,0.9954430385691486
23,24,-4.7487024242242795,5.012301567011636,0.08656590251459527,6.355380281784115,0.30682989522768217,0.921007756750259,0.9954514977392952
23,25,-5.357873656959892,5.357873656959892,0.09264653759089747,6.667358887886234,0.3620919405399193,0.9125352262818187,0.996041290222072
23,26,-5.926632651268234,5.926632651268234,0.10242325048009167,7.002133002517583,0.35610096857835366,0.9050540585981021,0.9965358904913044
23,27,-5.901008764879225,6.0699519883270225,0.10576154991169112,7.20471770682126,0.328209045336152,0.9039283585626661,0.9957135105456291
23,28,-4.895250194901376,5.62794360092652,0.09792741258325856,6.8834202327762775,0.13477040385699263,0.9173222967272345,0.9939848134289836
23,29,-5.252904676755049,5.985598082780193,0.10391194852596676,7.1770808388737235,0.1665549835080422,0.9119012125657269,0.9939471127791584
23,30,-5.108086470358339,5.980490323288228,0.10371917225825976,7.157938832239095,0.03360359026412992,0.9145878732933859,0.9935936358455366
23,31,-5.207196820269349,6.197049172556882,0.10965258709370543,8.097498602999273,-0.3108268978048249,0.9110794641948676,0.9899912856179026
23,32,-5.092431424062109,5.913340552901843,0.10387611900811294,7.815950444722047,-0.30884773257596276,0.9138151228275748,0.9909241079918826
23,33,-5.825425531000411,6.0825844772628,0.10671476242591577,7.978758977075823,-0.17686373132182237,0.9045450222725538,0.9924020440162896
23,34,-5.097963984286169,5.355122930548557,0.09401436059916701,7.295266522962713,-0.23976448579585655,0.9154735365651145,0.9929289201747558
23,35,-4.511422254309004,4.983379121952258,0.087540520301737,7.006086491824407,-0.22610603933880108,0.9233839786076975,0.9924895019901004
23,36,-4.824075416990358,5.17858378527597,0.08873684799925749,6.6281746136006285,0.25199081601573153,0.9200794845618715,0.9948324680684175
23,37,-5.803280318068591,6.157788686354203,0.10462990587308502,7.577758679855198,0.2712339546771447,0.9061079062651091,0.9943278820773104
23,38,-6.071237875999479,6.4548467595816055,0.10913494180715146,7.7448738834949715,0.2902348243562323,0.902778612374143,0.9945737641984725
23,39,-6.240393260973285,6.878427090670135,0.11569079953372788,8.012036889350535,0.3786943788497235,0.899932825966538,0.994190562783015
23,40,-6.92716529015673,7.210690751567969,0.12077352465483376,8.151875016133346,0.33618776322846133,0.8931409642241687,0.9958083430545084
23,41,-5.128682862124004,6.35960496782952,0.10500669123746623,7.483421928741222,0.044993943089087184,0.9169230072231044,0.9930063592584092
23,42,-4.017233681810868,5.313854628661189,0.08708130140002168,6.629492377979211,0.09619559251756464,0.9335958851061572,0.9933814484422434
23,43,-3.378588360170062,5.175145065856935,0.08337966318867916,6.497791686100181,0.09358063502713973,0.9424920547239272,0.9927804352296311
23,44,-3.310095210360111,5.454415259573263,0.0867145657265419,6.6482023852014365,-0.13496735024621676,0.9445398862909187,0.9923461622331236
23,45,-2.4933537269894193,5.19236084090578,0.0814568919445667,6.486581760079635,-0.17510411476118512,0.9566630267178655,0.9918688234550632
23,46,-3.197175286246901,5.119303126973074,0.07963569564639467,6.2662237110208485,-0.06668233096208398,0.9483657924005041,0.9936210291228852
23,47,-4.21823464328764,6.074663642869008,0.09242652525753624,7.344004956666807,0.24400401331946425,0.9333153494225018,0.9926270281315154
23,48,-5.467721826414819,7.145327254070739,0.10644911140982209,8.704692651428973,0.2387640970035117,0.9172884195443157,0.9912837911302744
23,49,-5.085440879577964,6.5045789232593325,0.09546355433533117,8.389146349716265,0.16822107231096795,0.9241906564481119,0.9917424848801376
23,50,-6.623450257626644,7.487901236604801,0.1085870680748998,9.156225752996159,0.1572798091844353,0.9078538391004555,0.9929723390237676
23,51,-6.470531148423339,7.552190286500803,0.10748905287792467,9.096085709979127,-0.08201907182718687,0.9128383857107524,0.9929623609174697
23,52,-5.618425148214637,6.950898643215019,0.0968129974568887,8.468142618146144,-0.09933662730083499,0.924826048806134,0.9933006744748177
23,53,-4.68818313036225,6.032288152657961,0.0812280678017019,7.071223304884904,0.1523309231515458,0.9377753476173488,0.995478662467343
23,54,-5.685391088297486,6.6857752049267445,0.08837463780244753,7.675391040771982,0.1433898666558861,0.927903229351797,0.9959298254225663
23,55,-5.228664352300959,6.229048468930219,0.0801024656067754,7.126183562412614,0.31217014657071296,0.9345285179288093,0.9965968013936083
23,56,-5.859708521140476,6.47236710756634,0.08219961552276278,7.451670720412103,0.32514192252138185,0.9290710591647325,0.9970191648554498
23,57,-6.403297258901973,6.765141488404918,0.08406163215594727,7.6215359454200495,0.5404280053516396,0.9246850245007259,0.9977353837147428
23,58,-6.374697703567396,6.466041551985239,0.07869054798573542,7.355012656039884,0.5534406518405782,0.9271643496427442,0.998246268601553
23,59,-5.886417850866199,5.97776169928404,0.07141194521488389,6.678872126208798,0.636119303173791,0.934349531648723,0.9987012853698858
23,60,-6.496091580347822,6.587435428765664,0.07683167882545135,7.638142898426756,0.5803718369141508,0.9286558440692715,0.9980730400912341
23,61,-6.574231728693719,6.743520908274531,0.07714099917665314,8.002972757756558,0.4590886592505402,0.9288992334717718,0.9976075103531439
23,62,-6.821450804131672,6.990739983712484,0.07810203224055226,8.227481216803255,0.4839080285867204,0.9276784394769847,0.9977059339248299
23,63,-6.935183685020742,7.013129016183712,0.07731547766042947,8.386039252727667,0.14111669823530992,0.9279132663523361,0.997626845067324
23,64,-7.41555409533829,7.49349942650126,0.08158905530781269,8.979847177884162,0.061504126091947275,0.9241311199234505,0.997350532774952
23,65,-6.896362872703771,7.217380740900701,0.07733915954554572,8.47510588744657,0.11226911763038447,0.9301176721199452,0.9975311540538634
23,66,-7.372217686607086,7.615290223641047,0.08019974037020602,8.506536012507954,0.2799961562267279,0.9269184270960049,0.9982423899346035
23,67,-7.105350535710184,7.348423072744144,0.07614793087679406,8.258226807308237,0.46797046915070045,0.9302264563539251,0.9983317746864
23,68,-7.2542950276294365,7.497367564663396,0.07694301962940055,8.24625436181868,0.45979922699372977,0.9295773500669906,0.9985863511363819
23,69,-7.0662686641438315,7.492653326552561,0.07621927088426655,8.005828103328007,0.36467542061875297,0.9323667787790462,0.998684862090584
23,70,-7.370873752923192,7.554185878297963,0.07611135703961588,8.302074584166176,0.4114961014422909,0.9301291711713539,0.9986898646117647
23,71,-7.592381711700443,7.775693837075214,0.07744395930583098,8.675409666864347,0.42066374276915913,0.928390985537722,0.9984849846603783
23,72,-6.694000086080199,7.126232473464765,0.07075673256646725,8.256848001172674,0.28278025772599413,0.9361314629464851,0.997958689621753
23,73,-6.587888918144042,7.020121305528607,0.0690187031937311,8.185415102685681,0.11214530686641715,0.9379419407739419,0.9979659743620897
23,74,-6.950954104750552,7.199874366760348,0.07051117307465721,8.542358434625784,0.10404516398435813,0.9347965281397084,0.9979115084438894
23,75,-7.193927199259776,7.4428474612695705,0.07232302703731311,8.5946263257512,0.3235656760698127,0.9331893894534483,0.9981697950402889
23,76,-6.291515992761999,6.559636297997185,0.06346002536396227,7.929715963794675,0.3254226838491493,0.94101648697563,0.9980609749086803
23,77,-7.131838830462722,7.151038873688114,0.06891804560733462,8.507189272981801,0.2746082383535279,0.9343372006580369,0.9982427259523641
23,78,-7.407041117125041,7.426241160350433,0.0714462660533471,8.900606685920973,0.2829002898771479,0.9318040867890417,0.9980335164076302
23,79,-7.361583387901298,7.38078343112669,0.07074711357976947,8.848903623566816,0.13626919126443054,0.932560103876502,0.9980595419383278
24,0,nan,nan,nan,nan,nan,nan,nan
24,1,nan,nan,nan,nan,nan,nan,nan
24,2,nan,nan,nan,nan,nan,nan,nan
24,3,nan,nan,nan,nan,nan,nan,nan
24,4,nan,nan,nan,nan,nan,nan,nan
24,5,-5.660043777986334,6.858483554791274,0.15978443564064992,8.119695761422696,0.2608057623883938,0.8750824050627235,0.9856876360386664
24,6,-5.734900212380897,6.9333399891858365,0.15512808583448917,8.113803521106098,0.3828664532788906,0.8783000655968963,0.987293769442356
24,7,-5.187698021979447,6.4546456862348,0.13919213741061554,7.6285601125774285,0.36920910114005406,0.8911426545101899,0.9884148703082534
24,8,-5.243012315397208,6.238035638962791,0.12936655438252864,7.272302259413044,0.544468289644942,0.8941751317910099,0.9913008844049902
24,9,-6.274839300241124,7.042046225854633,0.1410470946376012,8.34319013299196,0.5905312933645942,0.8788028982647152,0.9907235556783548
24,10,-7.656837461016827,8.080411149020154,0.1586014507012222,9.131646767784574,0.505860981617166,0.8631136677924368,0.9929181692985455
24,11,-7.681363595863973,8.1049372838673,0.15699634291771317,9.228664323734488,0.363876607216413,0.8644372236970816,0.9926393458514007
24,12,-8.227109918761684,8.298746630703352,0.15869855124972745,9.391987157937377,-0.07958527772415744,0.8613168913501963,0.9941595989536208
24,13,-6.869852168968995,7.3157732826669095,0.1380269901504424,8.376594156127334,-0.45064097355282845,0.8823077264963481,0.9933391099757882
24,14,-5.887381624584913,6.3333027382828275,0.11754045276795365,7.154653869897357,-0.009618544098767258,0.8994799409122134,0.99521388627731
24,15,-4.95155263153335,5.402702988123187,0.09958560213195171,6.427066441247084,0.04890104646273887,0.9143252763336405,0.9951172763067136
24,16,-4.676990325026884,5.208486940937913,0.09346581955571338,6.391876287166355,0.3785444513680295,0.9187824356234574,0.9948152075176983
24,17,-4.693546634738832,5.154804323166468,0.09103475729195543,6.314798448369652,0.5118076212567206,0.9197358075528129,0.9952918321625309
24,18,-4.944560748774136,5.737176469204003,0.10048559155212872,6.977134121690644,0.20387197526159395,0.9166082383761545,0.9936010311785711
24,19,-4.669910213789945,5.713889543853413,0.09953140134191538,7.11355666249224,0.14123564122020466,0.9195819175888305,0.9924914643517041
24,20,-4.034427982207468,5.395469550619868,0.09301126277781742,6.7109751797873525,0.09928508144824824,0.929537795058474,0.9925215092769044
24,21,-3.861437695796927,5.142133004888135,0.08830502668419354,6.427165614519042,0.1259802076177451,0.9329283361109781,0.9931455547084367
24,22,-3.8429765675391114,5.122274092172043,0.0874979438474564,6.309713904295852,0.1188536731221348,0.9334095469248469,0.9935433335924467
24,23,-4.795662964468762,5.369318055343218,0.09239588002108129,6.5846783734623,0.3115978168079028,0.9197226219009023,0.9948784551257526
24,24,nan,nan,nan,nan,nan,nan,nan
24,25,nan,nan,nan,nan,nan,nan,nan
24,26,nan,nan,nan,nan,nan,nan,nan
24,27,nan,nan,nan,nan,nan,nan,nan
24,28,nan,nan,nan,nan,nan,nan,nan
24,29,-4.379403843107934,5.599239098322743,0.09633761082518227,6.924768841181029,-0.01804039169594065,0.9243154308250829,0.9926417572182539
24,30,-4.638496515942018,5.998042218061572,0.10369220396957778,7.357724900983422,-0.20362377100681295,0.9204543498528593,0.991652350574828
24,31,-4.393131753973706,6.020569281174944,0.1062567970649031,8.174348101970436,-0.4778982357194376,0.9216949539705166,0.9875724365635423
24,32,-4.153531362839916,5.6200784122480885,0.09880147211112736,7.801972503196829,-0.3712020417297979,0.926526916095655,0.9886089530788896
24,33,-5.087487012302322,5.990283879133148,0.10520442334081302,8.202065108241193,-0.3623038662178928,0.9137669725115921,0.9893739130989198
24,34,-4.506752446688093,5.745184025929827,0.1011855142897446,7.891047990898131,-0.34448175097510514,0.9215321438941112,0.9890748008128516
24,35,-4.11006210737273,5.507208218736379,0.09652675366235,7.619877096137998,-0.3047159097409043,0.9272273581531182,0.9892796655362774
24,36,-4.744125736773942,5.873380023055907,0.10087714262015551,7.3676441565038,0.03798966071172111,0.9194069811912263,0.9920179079225009
24,37,-6.051478970334682,7.132039762001868,0.12144811798070977,8.370435283986664,0.096072584648224,0.9008038301305269,0.9920339884326134
24,38,-6.3824457019730065,7.463006493640191,0.1260795210599528,8.38127206284437,0.21575971706160807,0.8976198868173673,0.9931357063176418
24,39,-7.057575203634821,7.610425128776203,0.12779665235245768,8.468729568969577,0.38373308510760323,0.8902532806589144,0.9950564584969187
24,40,-6.848869046718961,7.301233207637238,0.12172529248455666,8.161952207237176,0.27331308776574,0.8956063829040265,0.9954116714232237
24,41,-4.65724801005974,6.057008815272294,0.09925541569476891,7.013815717962677,0.048439652119940446,0.92538925522108,0.9935043609489916
24,42,-3.758199435226437,5.223659081583796,0.08470194421920599,6.394381908802219,0.1318960652235852,0.938529604837807,0.9937102179384957
24,43,-3.0797142680042584,4.964118967675597,0.07900571641873572,6.192309594107357,0.2237699512353197,0.9478166000171435,0.9933381207050327
24,44,-3.1070283939676813,5.339196437165299,0.08350130784210058,6.653631683517734,0.02495289489871743,0.9474566852037084,0.9922354704387064
24,45,-3.0312886162355097,5.620204509332785,0.08740641438968781,7.123946995460808,-0.13919664997234119,0.9478553816934111,0.9908460144456752
24,46,-4.013347379672428,5.825383999579515,0.09009726288803721,7.277725924945175,-0.1454331974022032,0.9359991861382179,0.9921846399263906
24,47,-4.952446466163833,6.698784244926114,0.10131835069911778,8.113616228016488,0.1757694098022024,0.9232732330257336,0.9918469704674632
24,48,-5.9419467057994595,7.739276477179674,0.11484028736288848,9.371834631898537,0.1515784628789003,0.9107438118648833,0.9902115909562692
24,49,-5.594245867182959,7.092634506013095,0.10394785036107326,8.855082731410683,0.1271712187575476,0.9175062531053355,0.9913735181737445
24,50,-6.848287270951398,7.791988845078325,0.11218750760712293,9.30557051733428,0.17440333089762897,0.9052586612635751,0.9931489388780176
24,51,-6.764027382480224,7.924937115706457,0.11243075840465508,9.318334744748508,-0.12935761240021254,0.9094976314149464,0.9929902591830909
24,52,-6.017461178775453,7.178370912001686,0.09971229733217735,8.58936206965533,0.09656632884390476,0.9207262106582621,0.9938054243248836
24,53,-5.3204799492687105,6.026499633098983,0.08114010908295924,7.116129275155231,0.3874797642565916,0.931476276423258,0.9964541169265324
24,54,-5.704496699038083,6.388586512189411,0.0841984040886374,7.580499006922755,0.18183407440455535,0.9288403611869986,0.9961795204019953
24,55,-5.283604185710294,5.967693998861622,0.07624419800003249,7.021912215032966,0.34490366921936827,0.9351219890676433,0.9969130600871006
24,56,-6.071082210416282,6.367446493364215,0.08027369783246244,7.4159211820721085,0.26391974785149513,0.9281553367563731,0.9974439987085558
24,57,-6.645067654366123,6.941431937314055,0.08548922331574599,7.915250609129548,0.4807285829189818,0.9226377686604452,0.9975855388008579
24,58,-6.175284042461837,6.553651055485336,0.07926422400920823,7.597497690195552,0.38514991885083116,0.9291043104954533,0.997486362884027
24,59,-6.12468770025583,6.221737426867342,0.0738857046539816,7.071325503947285,0.5545904501392864,0.9320917973000526,0.9984081401156448
24,60,-6.507438335199579,6.604488061811091,0.07685877138088132,7.641419394345966,0.5785844235452796,0.9289149444277809,0.9980833122395552
24,61,-6.950280029656248,7.047329756267761,0.08005370252946813,8.278183535115579,0.5471957934045504,0.9254736299590581,0.9977399670001991
24,62,-6.611636629226732,6.708686355838244,0.0744234948707437,7.941256017226043,0.568452029583032,0.9300743816655493,0.9979349599177533
24,63,-6.267194635681042,6.659027220657215,0.07282582161674371,7.835061887839786,0.0938146374021481,0.9348175828581273,0.9976295289371016
24,64,-7.027588681720256,7.419421266696429,0.08012951295424915,8.604572202404437,0.0944722105094441,0.9282182841851608,0.9974618437525058
24,65,-6.624607571770057,7.2595126937801915,0.07716519430699216,8.30275323343583,0.06352629091719188,0.9329759645656482,0.9974751543382963
24,66,-6.767457585995491,7.402362708005622,0.07736293582298229,8.278870932578238,0.21799248309547517,0.9322579219774398,0.9978086908652225
24,67,-6.722354269631025,7.357259391641159,0.07572276655339222,8.159259565179305,0.4078692842970223,0.9336340581545698,0.9980097170726258
24,68,-7.271923168428722,7.703487281548357,0.07886792168391035,8.445531071003328,0.21495677881180206,0.9298955392945201,0.9982737115858386
24,69,-6.52652858229314,7.215990774458573,0.07316411300889605,7.967833319104623,0.0910139128739614,0.9373672634438808,0.9980489266507254
24,70,-6.811866234859833,7.258255889991306,0.0729561530424346,8.232911984802259,0.13237948149641257,0.9352136644090655,0.9980554201105487
24,71,-6.392037092757945,6.838426747889418,0.0677876843832874,7.883521164979367,0.1437891630284201,0.9392074238009577,0.9981251267882979
24,72,-5.635855628109814,6.331165545251083,0.06248659768248738,7.613569269048498,0.17886789537288975,0.9457334001924153,0.9976938980120239
24,73,-6.287029420147276,6.793847761202869,0.06657084717881256,8.096509556925177,0.11255104268031642,0.9404752829619918,0.997768572759549
24,74,-6.646088421762736,6.89500868377253,0.06728630330582842,8.27378600428982,0.21296956238265805,0.9374455108769527,0.9979546883209766
24,75,-6.662702709104804,6.911622971114598,0.06696077994646672,8.240509695044913,0.3633317836610286,0.9376381493044694,0.9980542479994898
24,76,-6.179966010512888,6.448086315748074,0.06237718989229666,7.944070936905921,0.30622425148766214,0.9418503274459962,0.9979237811000745
24,77,-6.773530591060002,6.792730634285394,0.06552853504136588,8.227210259567638,0.26505701357497896,0.9373950965002621,0.9982013673100677
24,78,-6.41399711117966,6.433197154405052,0.06171746554583121,7.935373056041335,0.3559550497834821,0.940567760472869,0.998215004000398
24,79,-6.401712294273916,6.420912337499308,0.0613633051894188,7.881431031676746,0.27790341648564754,0.9410831013801182,0.9982790727660457
25,0,nan,nan,nan,nan,nan,nan,nan
25,1,nan,nan,nan,nan,nan,nan,nan
25,2,nan,nan,nan,nan,nan,nan,nan
25,3,nan,nan,nan,nan,nan,nan,nan
25,4,nan,nan,nan,nan,nan,nan,nan
25,5,nan,nan,nan,nan,nan,nan,nan
25,6,nan,nan,nan,nan,nan,nan,nan
25,7,-5.1260849974813825,6.201936453587905,0.1341396790888742,7.671759443749175,0.2253240931304107,0.8926312700112081,0.9877769723635647
25,8,-4.921349921768899,5.775216746397185,0.12038639394608565,7.115841413754543,0.40209546764123527,0.9001285961771809,0.9906715091190429
25,9,-5.3876819415988155,6.154888867212326,0.12375594505836145,7.8415303491518795,0.46040355518725357,0.8931769072647661,0.9895497359903273
25,10,-6.0630394863709505,6.486613174374278,0.12746291203017981,7.942814987494759,0.41250356628577384,0.8871525442805265,0.9919670243650032
25,11,-6.011955817749868,6.435529505753196,0.12367598709447454,7.9959489675806275,0.28934160707454254,0.8900628017179246,0.9918404213228219
25,12,-6.888769678755386,6.923021437588739,0.13170227315379227,8.365911856918684,-0.023328786540962636,0.8809257588648289,0.9934734169260397
25,13,-5.776765492964956,6.185301653554554,0.11563584182836044,7.422773298018888,-0.18227520381493767,0.8993722228988446,0.9936795316883719
25,14,-5.27422342607033,5.682759586659928,0.10426865481333931,6.483685508024297,0.18351377150203277,0.9096793118620037,0.9959279222899899
25,15,-5.165488030326649,5.57925343380817,0.10114300099194695,6.668855782824325,0.14400447062757685,0.9115819126806379,0.9950573157899513
25,16,-5.579059684271581,5.9928250877531015,0.10608516834610399,7.149760753502375,0.34609153043245716,0.9061673091751266,0.9948195394219389
25,17,-5.712947142684174,6.092460787332341,0.10636503991925492,7.114929701011424,0.4510281823927913,0.9056626617513654,0.9954905508139449
25,18,-5.84391377228032,6.554785448930718,0.11367232059710206,7.545947389417352,-0.024060997522761026,0.9048346819232099,0.9941773968312165
25,19,-5.371644389923912,6.355724147033936,0.11008163293682982,7.620779674479307,0.01739172896955258,0.9100139963946932,0.992588272952643
25,20,-4.362598548127871,5.6545891126253105,0.09704496198658623,6.81168871263097,0.014139406653547817,0.9255552877053788,0.9929937787870579
25,21,-3.9099410730260167,5.201931637523455,0.08889079642926488,6.279789542738058,0.1324995214559162,0.9330482069041032,0.9937940206323527
25,22,-3.632733030511232,4.92472359500867,0.08370787653913672,6.030559198635536,0.08291421232046672,0.9373597499490999,0.9940564428964083
25,23,-4.639971078605917,5.22631920934488,0.0897078776159368,6.482344852052732,0.22275476589655197,0.9227656792506435,0.994843793290065
25,24,nan,nan,nan,nan,nan,nan,nan
25,25,nan,nan,nan,nan,nan,nan,nan
25,26,nan,nan,nan,nan,nan,nan,nan
25,27,nan,nan,nan,nan,nan,nan,nan
25,28,nan,nan,nan,nan,nan,nan,nan
25,29,-5.251316484796047,6.246048712575334,0.10692197163916398,7.444227193637381,-0.15854861509550522,0.9122679162767044,0.9930995477265339
25,30,-5.447576415387466,6.5820190900714985,0.11334574371162423,7.771559000857115,-0.30838757332847266,0.9093886358458196,0.9923107739764443
25,31,-5.758850047160563,6.986911765728696,0.12262320905973885,8.703579437962023,-0.501792267937285,0.9028552318969435,0.9891483981657071
25,32,-5.434343132598622,6.670457596821489,0.11648671421784845,8.540928922574167,-0.22763385344298437,0.9074387846521135,0.988997268523167
25,33,-5.8750246933373935,6.730903075128415,0.1176189953566008,8.600796810642946,-0.2388686307130314,0.9023570474309313,0.9900361809058976
25,34,-5.388050700028236,6.579563794230165,0.11510176164639681,8.393838136076349,-0.21186674322348079,0.9085782051065303,0.9894604586031333
25,35,-5.25597491297912,6.606202539302965,0.1142569342424974,8.52540939015245,-0.06348440262971364,0.9096411501823608,0.9888113578093917
25,36,-5.278499836362592,6.407754122644556,0.10894695031746371,8.023654482323108,0.19712486810976868,0.910768580440635,0.9911688276814238
25,37,-5.764605022101839,7.257484097659524,0.1227827698070127,8.539352527078332,0.05354273711213907,0.9041223612995769,0.9905576646028171
25,38,-6.304273055282127,7.79715213083981,0.13127107098119542,8.959456414088397,0.06970253406757386,0.89703959882174,0.9905925000655298
25,39,-6.706427480858946,7.671595689890827,0.12819103534708876,8.911433745107141,0.12811131531799638,0.8937167606744664,0.9921735544198779
25,40,-6.703704314061257,7.568386758870032,0.12562293538078234,8.89941407514275,0.09364391368334894,0.8955944851925574,0.9922060199656353
25,41,-5.448797689351063,6.722826653165115,0.1101567248496284,8.105269200962265,-0.019363528924991293,0.912917162162922,0.9918098729809804
25,42,-5.111251260722311,6.162804553779626,0.10017401545032505,7.798101108342605,0.03322733946024109,0.9180520860853238,0.9922019304206693
25,43,-4.6408402714467165,5.692393564504032,0.09045245952423576,7.199470677008844,0.24389946464486437,0.9256286882386371,0.9933973734794014
25,44,-4.750222575363802,6.1495392119474,0.09641791204597855,7.644994651968984,0.030246344205459148,0.9245699330123319,0.9922966317725045
25,45,-3.9325159654274255,5.814273305834099,0.0905748661526488,7.287515372394848,-0.09787631022022686,0.9362661316899829,0.9918647297998876
25,46,-4.590031446039379,6.232959638544864,0.09594207594160768,7.584519598730316,-0.06537253432366777,0.9286784754937292,0.9924226815598165
25,47,-5.315389655655834,6.768475235027555,0.1020953646362347,8.21834037127732,0.10255434034991445,0.9198326390972349,0.9923339767809765
25,48,-5.5811390104792125,7.504161635782841,0.1105006177819823,9.005051839653902,0.20041493019506101,0.9161486195337462,0.9907621503987261
25,49,-5.690481014100458,7.011315349763083,0.1019829777061065,8.586067035663572,0.22362971789732178,0.9173205256870595,0.9925784148944745
25,50,-7.099145687947663,7.73960010498366,0.11077759731403475,9.064394532118325,0.2496768852259509,0.9035711517262559,0.9946146549681837
25,51,-6.682860537603315,7.540523113738621,0.10628715237408967,8.868310769888334,-0.05995996548302905,0.9113450534317027,0.9942276790268213
25,52,-6.78818613424688,7.645848710382183,0.10545731099480214,9.08839745293948,0.16520744842935603,0.9117856618658938,0.9941102717109035
25,53,-6.372157472990132,6.7749299997294745,0.09129128865601364,8.22970687782505,0.3781507875276866,0.919148765109316,0.9957591107525663
25,54,-6.5548234244630565,7.238913237614383,0.09496731948883216,8.66813170910861,0.235278324810897,0.9186175856505159,0.9952341947037588
25,55,-6.374430950387486,7.058520763538816,0.08982000539728202,8.365588048892725,0.33614873093788245,0.9225826987099514,0.9959131849354939
25,56,-7.116569259592616,7.412933542540547,0.09321666804451857,8.650221003303939,0.1869426604178434,0.9170456506920714,0.9966766086985117
25,57,-7.206596274712062,7.502960557659995,0.0915974705916052,8.30073785826339,0.5286442830812478,0.917781882612503,0.9978363766051749
25,58,-6.810751333708761,7.1891183467322595,0.08634619713724151,8.106522261994144,0.34108119563913736,0.9232851985937073,0.9975665598561712
25,59,-6.437953567022657,6.535003293634169,0.07708617734216747,7.402938549363819,0.40067950516451395,0.9293934706303005,0.9983207196171613
25,60,-6.207488974786697,6.30453870139821,0.07318496297737324,7.287961032676254,0.4114736061725067,0.932600812214123,0.9982333551893209
25,61,-6.330452562666171,6.427502289277684,0.07273372409920198,7.484499501115248,0.44639348531436673,0.932471739250867,0.998190158649653
25,62,-5.841977073768503,5.939026800380016,0.06545889657410534,6.995208815534748,0.6207121819436918,0.9380917122117215,0.9984223301210363
25,63,-5.443906189527232,5.8357387745034055,0.06315755218861646,6.724765141249472,0.3758175136674405,0.9432319287475234,0.9983457868987862
25,64,-5.977806954726001,6.369639539702174,0.06806840313366559,7.32168507088286,0.3428115266637586,0.9386719419648265,0.9981737895259964
25,65,-5.741247291441924,6.376152413452059,0.06715465159067477,7.18477012326403,0.09233351011968478,0.9418413126866583,0.9981256812283766
25,66,-5.895206379186386,6.708672788667159,0.06995770700165294,7.585237286129978,0.09551962394905217,0.9405640965208246,0.9977738994238219
25,67,-6.205033346002231,7.0184997554830035,0.07212701874015137,7.909059914794627,0.3310157824093183,0.9381946785224415,0.9977475348886281
25,68,-6.689348953936974,7.299474354527249,0.07444656205604513,8.181300947335325,0.23004905833437192,0.9349101029297434,0.9979422331018444
25,69,-6.563230440904979,7.24794179516628,0.07317634129701397,8.075509082604247,0.20707752056138684,0.9369434319630955,0.9979746965826207
25,70,-7.236638573250527,7.67827739047787,0.07681769170732307,8.651379338505954,0.1753097839279504,0.9316678602830731,0.997998752000597
25,71,-6.759015560536581,7.176070267355324,0.07094148953275685,8.242836830415326,0.020866400943748115,0.9362642712040272,0.9980586665679436
25,72,-6.176609677716701,6.593664384535441,0.06465771673384982,7.765788860464094,0.2064635581228789,0.9415494238913854,0.99809279031865
25,73,-6.475478279409802,6.719142166681088,0.06563231192385538,8.060154955707205,0.11017247183348905,0.9394310077055786,0.9980362356285577
25,74,-6.46014653729148,6.629224470891739,0.06446597399773059,8.12968537514584,0.11874813910591737,0.9394516735529785,0.9979522509697357
25,75,-6.362301701340218,6.5313796349404765,0.06315063158742817,8.046321479457015,0.3001798329610469,0.9403561613740761,0.9979880920083264
25,76,-6.593423274143533,6.608524030681753,0.06386343140727906,8.05948120336328,0.24923332204169385,0.9387308795970026,0.998220431066349
25,77,-6.780535275546464,6.795636032084686,0.065672528921522,8.288334415038468,0.09292645947338311,0.9373884540970567,0.998112375774654
25,78,-6.826520797327806,6.826520797327806,0.06581709679538233,8.278585099412927,0.18630244490221115,0.9370261769986812,0.9981927438266279
25,79,-6.880563406673678,6.880563406673678,0.06630365191719059,8.335003891706034,0.11495509209942013,0.936856322552961,0.9981701707944781
26,0,nan,nan,nan,nan,nan,nan,nan
26,1,nan,nan,nan,nan,nan,nan,nan
26,2,nan,nan,nan,nan,nan,nan,nan
26,3,nan,nan,nan,nan,nan,nan,nan
26,4,nan,nan,nan,nan,nan,nan,nan
26,5,nan,nan,nan,nan,nan,nan,nan
26,6,nan,nan,nan,nan,nan,nan,nan
26,7,nan,nan,nan,nan,nan,nan,nan
26,8,-4.163102511655532,4.849664202711645,0.10072409164929322,6.377340105168906,0.3852917361286328,0.9148454938991608,0.9915544031183742
26,9,nan,nan,nan,nan,nan,nan,nan
26,10,nan,nan,nan,nan,nan,nan,nan
26,11,nan,nan,nan,nan,nan,nan,nan
26,12,nan,nan,nan,nan,nan,nan,nan
26,13,nan,nan,nan,nan,nan,nan,nan
26,14,-4.88371218222137,5.6506114543081685,0.10229126082034776,6.661137305198663,0.2052530995241761,0.9144873516902202,0.9942651717691194
26,15,-5.200314869211322,5.96954196314545,0.10729775888244011,7.214347778563212,-0.035540001362318746,0.9102691595817469,0.9931767853275879
26,16,-5.763105302528303,6.547368737649286,0.11585599677062229,7.905607493826475,0.04392625565224982,0.9026916133892352,0.9924110109487321
26,17,-5.730523589730283,6.480535266017913,0.1132166321524803,7.745662434478124,0.13599004237411416,0.9047405485365654,0.9931285782996784
26,18,-6.002146905802984,6.7825732884213945,0.11783496729194852,8.087910409785058,-0.21826946210044385,0.90211110667316,0.9925448649263049
26,19,-5.322132009619668,6.124402863064104,0.10512784008702455,7.497387388737078,-0.0804124771496986,0.9121634121993144,0.9930106928067715
26,20,-4.297283858284345,5.352947154335038,0.09083156185848193,6.6350019900615544,-0.07894008320624284,0.9276792233835244,0.9935705867478979
26,21,-3.898210237576959,4.938837192440797,0.08322244050798512,6.074134901046686,0.111503029869525,0.9344170435952875,0.9945496126055648
26,22,-4.10972365558241,5.150350610446248,0.08623894262638146,6.438811540858744,0.18157112331224912,0.9306864599023178,0.9939581970264315
26,23,-5.645105595345387,5.980090116450748,0.10126912543153212,7.403829950340579,0.19793861655030298,0.9091413715290497,0.9945056617571192
26,24,nan,nan,nan,nan,nan,nan,nan
26,25,nan,nan,nan,nan,nan,nan,nan
26,26,nan,nan,nan,nan,nan,nan,nan
26,27,nan,nan,nan,nan,nan,nan,nan
26,28,nan,nan,nan,nan,nan,nan,nan
26,29,-4.504590244764064,5.523706759045294,0.09346814643456336,6.55691703642283,0.25494179810615786,0.9246097934893919,0.9943903677901748
26,30,-4.525259789566035,5.659702464250066,0.09617602046541851,6.75633972111041,0.10588801298420647,0.9243712798190701,0.9937276081896428
26,31,-4.856621477002245,6.084683195570379,0.1059340558473843,7.857906531666872,-0.1666662912550696,0.9174268164164816,0.9902809844530259
26,32,-5.0942008082805925,6.330315272503458,0.10992739496418842,8.118769193889603,-0.1271392877554317,0.9139146867423826,0.9899266844689389
26,33,-6.107085613578598,6.96296399536962,0.12057581095894875,8.700415850648483,-0.20594614965965438,0.9007321638637321,0.9905123365989573
26,34,-6.268632362321098,7.460145456523026,0.12938467654168304,9.045800227551087,-0.21690296942244536,0.8969708415459514,0.9895507674617074
26,35,-6.715726580641856,8.0659542069657,0.1387033051015236,9.54023009096316,-0.07583534841903339,0.8898712567197384,0.9890800276228937
26,36,-6.52660298929747,7.655857275579434,0.12883635061606874,8.825135800698945,0.20674964811506738,0.8945123423492296,0.9919192567498811
26,37,-6.5567555310649865,8.04963460662267,0.13447476035621997,9.02594487133329,0.16402593462554196,0.894276257209894,0.991279309376851
26,38,-6.617826458950353,8.110705534508035,0.13476693958572905,9.080598594547663,0.1669914956094558,0.8938481388532133,0.9913547891210857
26,39,-6.775616078902719,7.4863593418198775,0.1235312117456958,8.755451886821433,0.11054564231446282,0.8944101456347936,0.9931867534822802
26,40,-7.212645316927487,7.822902815621538,0.1281511518830217,9.53416961118476,0.01867193296880837,0.8887611209089605,0.991534683593623
26,41,-6.635219280852725,7.2454767795467765,0.11813132600211665,9.077995210640378,-0.11635808067399618,0.8972067482649064,0.9915991965951461
26,42,-6.084445995704822,6.4722278236421396,0.10500277341326139,8.600341570261648,-0.02855247412492443,0.9053034821649332,0.9919128020876877
26,43,-5.864409429552954,6.25219125749027,0.09925768867356716,8.343382350348028,0.12430594362548572,0.909242805041694,0.9925695601412259
26,44,-5.951764029891667,6.941734147469988,0.10897067318739131,8.860387475784208,-0.05268406721687195,0.9081464822702427,0.9910335824717773
26,45,-4.569795664406725,5.798977840959391,0.08987974080987976,7.3486182389840495,-0.032337188454301315,0.9288423480644129,0.9930042436403687
26,46,-5.039705981005778,6.4394055286625305,0.09821629909316013,7.7662164066480806,0.08930134341097419,0.9232817238168483,0.9929695341591849
26,47,-5.691011908896951,6.90086884341994,0.10388796038836937,8.079737288223242,0.04798085169956942,0.916657311144462,0.9936453340666273
26,48,-5.509754473948699,7.189548454403598,0.10594520459595502,8.354839465438031,0.1871538673463482,0.9193791602221668,0.9926595685425483
26,49,-5.333612974009802,6.411218664823698,0.09278335683908062,7.617169955814841,0.36766806319341505,0.9244855868263284,0.9946815985424314
26,50,-6.790614154837135,7.431068571873133,0.10516427451617204,8.431259436636637,0.49497262425734095,0.9091678958414382,0.9958333694709011
26,51,-6.227956646745604,6.896390738181251,0.0959320601064787,8.036558095807388,0.3460400017428326,0.9180277603948489,0.9957141800133582
26,52,-6.18106501805206,6.849499109487707,0.09338324054412375,8.379298760196182,0.3409627743389636,0.9200403392131344,0.9949221270153238
26,53,nan,nan,nan,nan,nan,nan,nan
26,54,nan,nan,nan,nan,nan,nan,nan
26,55,nan,nan,nan,nan,nan,nan,nan
26,56,nan,nan,nan,nan,nan,nan,nan
26,57,nan,nan,nan,nan,nan,nan,nan
26,58,-7.56839288669283,7.946759899716328,0.09501678716515764,8.730867439347477,0.407368251351999,0.9159127637353307,0.9976689784598417
26,59,-7.292142847227219,7.389192573838732,0.08658965993440924,8.261040411059588,0.4834685229153816,0.9208326376448915,0.9981772123042602
26,60,-7.160774382674119,7.257824109285632,0.08318325401609822,8.25192184793318,0.5775067424817888,0.9230919926051417,0.9980906127406375
26,61,-7.182472821478544,7.279522548090056,0.08161457028490102,8.371251065747149,0.5199994553521904,0.9242053444184456,0.9979943328566638
26,62,-6.790832114998896,6.887881841610408,0.07559078427101486,8.039854767630377,0.5907807890602681,0.9289157115145031,0.9980806853236631
26,63,-6.30204191611386,6.693874501090034,0.07225646353644492,7.58465576254166,0.26059691774768823,0.9350148377425356,0.998150307902913
26,64,-6.548119011821075,6.939951596797248,0.07392410125621257,7.803789367911873,0.3510193231459697,0.9334834766897728,0.9981906095038746
26,65,-6.028376204890987,6.42020878986716,0.06754631757378356,7.2169349410260235,0.296557435294923,0.9394436186736228,0.9984344728923542
26,66,-6.30682136870699,6.877215241153802,0.07152687742346814,7.761092411243516,0.33522863125510444,0.9370137238895689,0.9980355908767464
26,67,-6.525582861562712,7.095976734009525,0.0728025951205939,7.992698923058283,0.45026924667433743,0.9355713870618184,0.9980308692559094
26,68,-6.738320299486998,7.105373163043313,0.07220139556637896,8.046367923119949,0.3196388942534529,0.9349260829209375,0.998219732463783
26,69,-6.6498760473783864,7.091514864605728,0.0712505469297112,7.989347278369712,0.277818548744986,0.9366052945620301,0.9982237875762214
26,70,-7.193989181521726,7.635627998749068,0.07600605930791586,8.59371335042114,0.206482318747587,0.9324073748388683,0.9980501232006558
26,71,-6.707676447573245,7.124731154391985,0.07011363117448641,8.136455685289148,0.062453392854562306,0.9370283906441644,0.9981649868253285
26,72,-6.227916232783405,6.644970939602144,0.0647352600746884,7.725011145371735,0.1392829348748411,0.9416139732377402,0.9982236103066202
26,73,-6.676359818681008,6.920023705952292,0.0673133336647027,8.197913412086102,-0.12382095533138147,0.9381710433924836,0.9980830091882559
26,74,-6.898934418619407,7.068012352219665,0.06863929699458411,8.397809979099923,-0.14179316252539698,0.9362688326706745,0.9980738037145158
26,75,-6.693984040791409,6.863061974391667,0.06616800369549727,8.243108599001639,0.0804093519510596,0.9380324531695897,0.9980931781838008
26,76,-7.010113748293213,7.025214504831434,0.06764252160074478,8.275100891552897,0.02476470059144526,0.9357742184097455,0.9984088731759518
26,77,-7.385760213584359,7.400860970122579,0.07131113067062701,8.627864013472646,0.003138394721631733,0.9327414890763456,0.998360879316255
26,78,-7.679004931513718,7.679004931513718,0.07381955120617442,8.767696954889919,0.10189080706453423,0.9304435877177977,0.9985398409143691
26,79,-7.726444898942869,7.726444898942869,0.0741951873624896,8.823756040635772,0.04875219132762154,0.9303180400142486,0.998512101623347
27,0,nan,nan,nan,nan,nan,nan,nan
27,1,nan,nan,nan,nan,nan,nan,nan
27,2,nan,nan,nan,nan,nan,nan,nan
27,3,nan,nan,nan,nan,nan,nan,nan
27,4,nan,nan,nan,nan,nan,nan,nan
27,5,nan,nan,nan,nan,nan,nan,nan
27,6,nan,nan,nan,nan,nan,nan,nan
27,7,nan,nan,nan,nan,nan,nan,nan
27,8,-4.171127221041184,4.607980248517206,0.09529877557397425,5.838820012250146,0.5152961648014859,0.9171752521876129,0.9939831463788873
27,9,nan,nan,nan,nan,nan,nan,nan
27,10,nan,nan,nan,nan,nan,nan,nan
27,11,nan,nan,nan,nan,nan,nan,nan
27,12,nan,nan,nan,nan,nan,nan,nan
27,13,nan,nan,nan,nan,nan,nan,nan
27,14,nan,nan,nan,nan,nan,nan,nan
27,15,nan,nan,nan,nan,nan,nan,nan
27,16,nan,nan,nan,nan,nan,nan,nan
27,17,nan,nan,nan,nan,nan,nan,nan
27,18,nan,nan,nan,nan,nan,nan,nan
27,19,-4.95249897622202,5.903297987763194,0.10087016315456389,7.311180877185283,-0.120963107217233,0.918147293693997,0.992754793600527
27,20,-3.9883353979798826,5.1228793631114105,0.08608015671673774,6.446549718229628,0.056866611824541766,0.9327648224796434,0.993631804773037
27,21,-3.8499622343900772,4.96946985833475,0.08263480862616596,6.138798791550755,0.2437942702102191,0.9354100797499483,0.9944114084934722
27,22,-3.659089353866684,4.78982564385351,0.07894203921308174,6.189422647910638,0.2882577777677258,0.937832870077667,0.9939924358963655
27,23,-4.7147321263508415,5.34443557306622,0.08902791946111649,6.952992400959885,0.18575455169600077,0.922836258873249,0.993798582991695
27,24,nan,nan,nan,nan,nan,nan,nan
27,25,nan,nan,nan,nan,nan,nan,nan
27,26,nan,nan,nan,nan,nan,nan,nan
27,27,nan,nan,nan,nan,nan,nan,nan
27,28,nan,nan,nan,nan,nan,nan,nan
27,29,-4.103285563487534,5.339407946869661,0.08982028547527215,6.268518509335317,0.32226401442230684,0.9304703162481849,0.9944516329718136
27,30,-3.6737853630278505,5.607637995252059,0.09486002568516913,6.641783014802297,0.1460940011800147,0.9353995013510689,0.9923011866569081
27,31,-3.663085703223845,5.690557379332156,0.09705178039712364,7.10746990343111,0.009239565470853972,0.9345102578156291,0.990600375213438
27,32,-4.412868650297859,6.448393072060901,0.10964362140255808,8.007276595049115,0.05480153246487591,0.9222535669209729,0.9890066434631485
27,33,-5.140769102999651,6.80800112776535,0.115892806362514,8.444163664887185,-0.061232400300471806,0.9125504962474318,0.9891247681212358
27,34,-5.423494208335898,7.1974113909771065,0.12246287537883388,8.739919469754394,-0.05624274205624457,0.9077853199289037,0.988733861226463
27,35,-6.3672177701037365,7.919282603457459,0.13372981621318422,9.290213639166057,0.015751855313212042,0.8950970816689066,0.9894181497090864
27,36,-6.135090549869087,7.690565620868113,0.1287769204810355,8.776433905870785,0.204721152962224,0.8993208383508031,0.9909838177947569
27,37,-5.6272592682264,7.546359128501145,0.12553477548981232,8.447423956213036,0.17487946135748628,0.9069753597850815,0.9908635847754098
27,38,-5.329292043084568,7.248391903359311,0.11920835057858399,8.171318961725714,0.251911414453016,0.9117464989005493,0.9913160877675186
27,39,-5.107507021758166,6.244471069392384,0.10217258150834414,7.4664097769633475,0.21473117639533335,0.9176451910494334,0.9932735043493809
27,40,-5.965598502888936,6.800239579270166,0.11004791495494233,8.61402992745326,0.1311423103213423,0.9057706549745707,0.9915861470136095
27,41,-6.269847347070293,6.880104845764345,0.11068489900053019,8.658356433399357,-0.11373271097267176,0.9035352787878862,0.992324349162638
27,42,-5.862578101849712,6.327000331750006,0.10146620836737935,8.314385437949246,-0.01636940810611187,0.909314062185887,0.9925110328307758
27,43,-5.7080077043860316,6.223214649610296,0.09826535463738165,8.273368712881002,0.05865254850724887,0.9122775878622532,0.9924777559143556
27,44,-6.5545378147966336,7.671933049661902,0.11968721241355317,9.436714250167526,-0.10727488809063233,0.9011604141370915,0.9906759192352721
27,45,-5.385196520892041,6.50293513817549,0.10000598242991644,7.979320105533733,0.09413757866917573,0.9184195964241406,0.9929639523059755
27,46,-6.125781829341279,7.243520446624725,0.10950945734003335,8.501006157501457,0.17991560709985785,0.9102457465611128,0.9933280813508256
27,47,-6.877389923603809,7.7286455257905144,0.11524359304003041,8.812947725285632,-0.014741958079214159,0.903878177843542,0.9943520890705833
27,48,-6.7370314036647585,8.007439336459406,0.11663395296676907,8.912412068217101,0.22750147011342367,0.9067804857057543,0.9939452860380923
27,49,-6.302484896161924,6.970704539315565,0.0995802364449752,7.903525247734716,0.45483826257675364,0.9154187545550957,0.9960351645357323
27,50,-7.181972871354144,7.651909917286052,0.10692579595973757,8.414762297954809,0.5080283875449247,0.9072021302099406,0.9968299023999457
27,51,-6.18404587151723,6.852479962952877,0.0939742995649794,7.836627804026304,0.3928277024128176,0.919826895560922,0.9962547409566684
27,52,-6.571557887185195,7.239991978620845,0.0972349780317799,8.716673737795405,0.3733595713031137,0.9159356328869854,0.9950045520640315
27,53,nan,nan,nan,nan,nan,nan,nan
27,54,nan,nan,nan,nan,nan,nan,nan
27,55,nan,nan,nan,nan,nan,nan,nan
27,56,nan,nan,nan,nan,nan,nan,nan
27,57,nan,nan,nan,nan,nan,nan,nan
27,58,-6.530124431703536,7.183473356052647,0.08507091927116427,7.868155764128367,0.4304792850688545,0.9270184417188916,0.9976185820549018
27,59,-6.654203350474955,7.02623498841208,0.08167246266916,7.868664582849835,0.4797680169930383,0.927707178429319,0.9978716484985275
27,60,-6.797314588274114,7.169346226211241,0.08126454545677404,8.11138222766722,0.5437861796295506,0.9271827588135396,0.9978041370559457
27,61,-7.10349307958908,7.475524717526207,0.08314789107457238,8.442761683003093,0.46607709420649923,0.9253924653978516,0.9977676825161935
27,62,-6.886756664265065,7.25878830220219,0.07931342216927813,8.27247029563393,0.5376945734845643,0.9282825611543624,0.9978374826937589
27,63,-6.7077888109422155,7.099621395918389,0.07618985255135499,7.948302661675963,0.24684568369124163,0.9315899112449275,0.9981464038687375
27,64,-7.120257761528512,7.512090346504685,0.07945831595979728,8.36940232236181,0.45593782692881807,0.9283530864436909,0.9981185621278172
27,65,-6.106320752516085,6.6513690299816695,0.06950525693930718,7.595502448958193,0.31820617280071195,0.9388114001125482,0.9979995773638389
27,66,-6.222936264011789,6.946545828948014,0.0717268870814608,7.966588747000412,0.33477352548099104,0.9379243408364559,0.9976524159872115
27,67,-6.489741975714156,7.21335154065038,0.0735283503531293,8.246588201908613,0.3869212987701168,0.936015230760272,0.9976291064673016
27,68,-6.838481146636321,7.358749702682047,0.07420937591961922,8.392102406756536,0.2750919281673635,0.9341512481378679,0.9978641695122277
27,69,-6.958033379924047,7.552887889640801,0.07540733550411809,8.62527173506018,0.19576804890732344,0.9337905741446185,0.997702436613444
27,70,-7.605554628764483,8.047193445991825,0.07976363532045085,9.119866309878368,0.1505428176698229,0.9289932980438453,0.997802286014601
27,71,-6.801889521735024,7.381858605662441,0.07247518180801141,8.648918942853125,-0.1462849250605032,0.9359943669022744,0.9975547340883044
27,72,-6.316701552062384,6.896670635989802,0.06705375774988878,8.207120810634402,-0.1467523809999141,0.9406248336410092,0.9976832280601607
27,73,-6.524823900319416,6.931402164699377,0.06732140614885405,8.448072447120373,-0.26065468129407304,0.9390361554966264,0.9975812820477951
27,74,-6.237002332727569,6.568994643436504,0.06372139262355396,8.08213062407863,-0.21621701133285762,0.9416404638699833,0.9977775480852564
27,75,-6.0482484145693025,6.380240725278237,0.06153834995906604,8.019926175298306,0.14416679322697615,0.9429961634994949,0.9976993675586565
27,76,-6.49011768424354,6.50521844078176,0.06248455596674904,7.9216151839966615,0.17349539076827866,0.9400314696891742,0.9983064671210187
27,77,-6.815237671796284,6.830338428334504,0.06570513618886602,8.279110529192092,0.1254674377229417,0.9373208818920673,0.9981833032969203
27,78,-7.03971457746013,7.03971457746013,0.0675543125029506,8.383288503667437,0.21783839394344282,0.9355975888533357,0.9983114280664284
27,79,-7.251575460929925,7.251575460929925,0.06954814774166018,8.510398678413347,0.2022984899264966,0.9341049394166462,0.9983805342433897
28,0,nan,nan,nan,nan,nan,nan,nan
28,1,nan,nan,nan,nan,nan,nan,nan
28,2,nan,nan,nan,nan,nan,nan,nan
28,3,nan,nan,nan,nan,nan,nan,nan
28,4,nan,nan,nan,nan,nan,nan,nan
28,5,nan,nan,nan,nan,nan,nan,nan
28,6,nan,nan,nan,nan,nan,nan,nan
28,7,nan,nan,nan,nan,nan,nan,nan
28,8,-4.063423605430526,4.588503471653089,0.09301680376737492,5.885415215581008,0.520544932246055,0.9199798914032896,0.9936605046093939
28,9,nan,nan,nan,nan,nan,nan,nan
28,10,nan,nan,nan,nan,nan,nan,nan
28,11,nan,nan,nan,nan,nan,nan,nan
28,12,nan,nan,nan,nan,nan,nan,nan
28,13,nan,nan,nan,nan,nan,nan,nan
28,14,nan,nan,nan,nan,nan,nan,nan
28,15,nan,nan,nan,nan,nan,nan,nan
28,16,nan,nan,nan,nan,nan,nan,nan
28,17,nan,nan,nan,nan,nan,nan,nan
28,18,nan,nan,nan,nan,nan,nan,nan
28,19,-6.059366611211443,6.304523188994143,0.10637604364395084,7.739595170975538,0.2746888990633754,0.9038988957513043,0.9945283832766437
28,20,-5.532327906156672,5.706781725703886,0.094730893571661,7.07372603252293,0.3744617895233505,0.9125467898274088,0.9954997426019195
28,21,-5.003645592362136,5.163063070722494,0.08508521884781213,6.116862891310465,0.522113270301989,0.9216691878056429,0.9971216265619993
28,22,-4.989716798476746,5.1603629428792575,0.08409414496900997,6.357122607653025,0.5289902859594466,0.9215051494379135,0.9964976799775276
28,23,-5.265833047727026,5.641088782616565,0.09218488325382884,6.9728609596469635,0.3548600631530083,0.9169923841144041,0.9952732558983364
28,24,nan,nan,nan,nan,nan,nan,nan
28,25,nan,nan,nan,nan,nan,nan,nan
28,26,nan,nan,nan,nan,nan,nan,nan
28,27,nan,nan,nan,nan,nan,nan,nan
28,28,nan,nan,nan,nan,nan,nan,nan
28,29,-4.7262936139034375,6.003562927600156,0.09974023562174343,7.404542493148597,0.1704373762586582,0.9213258144562356,0.9922503317693112
28,30,-4.254915655962801,6.090204771596859,0.10177092120396197,7.635743145371644,0.16175073386302388,0.9262975698518667,0.9902826261936913
28,31,-3.9935298922304616,5.851908037430779,0.09899183908809904,7.361566027915501,0.033487391189055776,0.9309995310006488,0.9905244177860669
28,32,-4.945643509302647,6.402635072845762,0.10842750757963483,8.159480712256087,0.07639785214548606,0.9165121786941061,0.9898933340908259
28,33,-5.183883566334528,6.640875129877644,0.11278424499229481,8.330402347559207,-0.04642134210364854,0.9129063136481471,0.9897831047504306
28,34,-5.197936976477745,6.76161369789637,0.11490422333101005,8.388128626552518,-0.07078644434826961,0.9125528938704759,0.9896204007990094
28,35,-6.476946225657145,7.66005606566637,0.1289347655391429,9.100855250827205,-0.06837401256183302,0.8959920368662585,0.9906056435119961
28,36,-5.83925761877968,7.273404477393148,0.12147728019690254,8.51683730493529,0.03836579920462513,0.9048892809338803,0.9911387153080442
28,37,-4.971763453229221,6.769535101118408,0.11269193142241277,7.7948474537097425,0.03197178207364358,0.9177581273880631,0.9915175066279541
28,38,-4.909863643378901,6.7076352912680886,0.1102339849079315,7.819950021642451,0.06256026458312075,0.9188651056600116,0.9915153697296476
28,39,-4.730456393705027,5.746092228953687,0.09393041910823031,7.101573474238011,0.015740031352064032,0.924327536144746,0.9935603336011148
28,40,-5.033375849594766,6.0451136926170985,0.09773947723311642,8.118827662283463,0.008566942219485512,0.9186526523102918,0.9910007872026558
28,41,-5.820655838752323,6.430913337446375,0.10315907193957073,8.281417948458456,-0.31445122443379353,0.9104740689576712,0.9924932888241564
28,42,-5.936543731531738,6.400965961432032,0.10204346897596644,8.350065206216428,-0.1732064486895056,0.9096099353867169,0.9926607016809895
28,43,-5.48143732583642,5.996644271060684,0.09419656349599563,7.970333635146551,-0.13125464423734765,0.9167524740105761,0.9930051261090452
28,44,-6.907751028100373,7.422957973324637,0.11551681933128233,9.114463231660446,-0.037581055223817536,0.8990869682272171,0.9929525238995509
28,45,-5.914487698204823,6.357448282548951,0.09735148064518985,7.626117668151287,0.21386414132405224,0.9142515614570218,0.9954017587407329
28,46,-6.189920256823659,6.632880841167787,0.09979249332429235,7.917355429166176,0.23796713293434624,0.9120184813867077,0.9953697706567279
28,47,-7.084738490504135,7.261216059751523,0.10769810609229688,8.513697788901194,0.10461567536235561,0.9031698594758456,0.9958860518582422
28,48,-7.227007173891068,7.822637073746396,0.11370419296430631,8.914137154051472,0.17553707482809536,0.9026245266567421,0.9951645217789551
28,49,-6.093254543713572,7.040153455638351,0.10019558934228946,8.035168889406911,0.32008029141752514,0.9177335631793537,0.9952230667136712
28,50,-6.900225577182382,7.721431635183742,0.10722696947741191,8.599161078165485,0.4266371062495131,0.9097601652369155,0.9957289301927731
28,51,-6.767982787209461,7.5891888452108205,0.10339476350532158,8.560022661848791,0.43820644979090123,0.9126015798615592,0.9957237587879479
28,52,-7.253380014404842,8.074586072406202,0.10743234170944513,9.386453621881218,0.4957745947294404,0.9080992037453005,0.9948254068280264
28,53,nan,nan,nan,nan,nan,nan,nan
28,54,nan,nan,nan,nan,nan,nan,nan
28,55,nan,nan,nan,nan,nan,nan,nan
28,56,nan,nan,nan,nan,nan,nan,nan
28,57,nan,nan,nan,nan,nan,nan,nan
28,58,-6.181932284636644,6.835281208985755,0.07995542049388898,7.615234775016177,0.4391441212647196,0.9313237986206451,0.9976099290161149
28,59,-6.021050015201654,6.697449622640774,0.07692263710819403,7.622164901852119,0.35225130730687865,0.9343755464010085,0.9974199560972515
28,60,-6.413606657823056,7.090006265262177,0.07955018384554186,8.014951101671153,0.4679785963735319,0.9310326392275798,0.9974530155881421
28,61,-6.352405711858063,7.0288053192971836,0.07779783742907127,8.025762286491894,0.39091853269784355,0.9328358056998931,0.9974105179031841
28,62,nan,nan,nan,nan,nan,nan,nan
28,63,nan,nan,nan,nan,nan,nan,nan
28,64,nan,nan,nan,nan,nan,nan,nan
28,65,nan,nan,nan,nan,nan,nan,nan
28,66,nan,nan,nan,nan,nan,nan,nan
28,67,-7.270271332640449,7.993880897576674,0.08077769972450544,9.28761133969927,0.40931978517658224,0.9289541070547227,0.997051371211443
28,68,-7.829685014158483,8.349953570204208,0.08369532609549857,9.504131972194733,0.20991469996470388,0.9255800309722672,0.997461392382083
28,69,-7.49902253560241,8.093877045319164,0.08051159821676218,9.536076842337172,0.1347918324508338,0.9287586781676028,0.9969979057639495
28,70,-7.561026673350905,8.2018833163792,0.08106610072747053,9.615679348768813,0.02046798874575842,0.9292920128887845,0.9969540055308043
28,71,-5.711941335365521,6.491128245093889,0.06364358146294255,7.805547986300412,-0.2725580896229959,0.9460269365963115,0.9975297954763501
28,72,-5.3320265819933255,6.111213491721694,0.059324045700175486,7.614285193505399,-0.20287814359774103,0.9493877738613564,0.9974723576711986
28,73,-5.7860444769595185,6.3918405671404335,0.06184888109701578,8.076502965123249,-0.18382533131626377,0.9455791736857683,0.9973226498017241
28,74,-5.439678785612646,5.970888922122533,0.05746554845507517,7.374989384436697,0.07602998885238116,0.9490913194092915,0.9979150013583911
28,75,-5.6028953465080376,5.93488765721697,0.05705934614494895,7.362691013348155,0.2691822727835764,0.9474679866208539,0.9981026625765589
28,76,-6.510562464900294,6.525663221438515,0.06259519893023435,7.806476411422952,0.12130739533513757,0.9405489366207205,0.9984631136517231
28,77,-6.520108669781248,6.535209426319468,0.06254277707461324,7.606341699853116,0.24423849377242252,0.940825662843691,0.998727358627322
28,78,-6.6465313441403895,6.6465313441403895,0.06350280115803614,7.565094911908355,0.33681526753645946,0.9399523513458689,0.998918996688722
28,79,-7.322866190997468,7.322866190997468,0.0700756760166912,8.214468399884636,0.20174527247880894,0.9344025794140448,0.9988451464247224
29,0,-4.533934348858069,5.176670713523656,0.1317486032200494,6.472699803308602,0.20267553753678338,0.8912670854046438,0.9887680922097896
29,1,nan,nan,nan,nan,nan,nan,nan
29,2,nan,nan,nan,nan,nan,nan,nan
29,3,nan,nan,nan,nan,nan,nan,nan
29,4,nan,nan,nan,nan,nan,nan,nan
29,5,nan,nan,nan,nan,nan,nan,nan
29,6,nan,nan,nan,nan,nan,nan,nan
29,7,nan,nan,nan,nan,nan,nan,nan
29,8,-5.451673251845247,5.802888093644572,0.11581237590843257,7.411023620906802,0.47794153910485415,0.8960253786678811,0.9918853995826682
29,9,nan,nan,nan,nan,nan,nan,nan
29,10,nan,nan,nan,nan,nan,nan,nan
29,11,nan,nan,nan,nan,nan,nan,nan
29,12,nan,nan,nan,nan,nan,nan,nan
29,13,nan,nan,nan,nan,nan,nan,nan
29,14,nan,nan,nan,nan,nan,nan,nan
29,15,nan,nan,nan,nan,nan,nan,nan
29,16,nan,nan,nan,nan,nan,nan,nan
29,17,nan,nan,nan,nan,nan,nan,nan
29,18,nan,nan,nan,nan,nan,nan,nan
29,19,-5.838405235371774,6.083561813154474,0.10108186801481064,7.422618497802769,0.39194886286665975,0.9078610858044389,0.9951814024508457
29,20,-5.673793116449988,5.789554597543704,0.09552873046732441,7.047108914270251,0.466902768193517,0.9112686783642897,0.996024691862478
29,21,-5.659274384145254,5.759999524052114,0.09442290748590883,6.675313060272973,0.5935367172437481,0.9127172036017963,0.997189290279637
29,22,-5.581726095759077,5.69367990170809,0.09219447962253068,6.871881955451862,0.5432519134197662,0.9137564212668691,0.9964873150785105
29,23,-5.331373033324687,5.647936429760728,0.09071680025803691,6.944427243377877,0.5102368369667405,0.9167250175966973,0.9957056988301336
29,24,-6.139713197694919,6.797932486382001,0.10953730046832806,8.200642533879295,0.16014902212259063,0.9049553485402632,0.9935880113570935
29,25,-6.473114778967986,7.155718354157012,0.11591553856964384,8.415313034572355,0.0657971843015654,0.9005044810290844,0.9936948265610076
29,26,-6.534171343586902,7.344129214933707,0.11951499574346328,9.036658547765,0.0851690510082356,0.897151770282367,0.991524417063975
29,27,-6.449233503354919,7.657402035971506,0.12507059749039903,9.096796292054218,-0.06745026569820516,0.8981187706102364,0.9908598800260479
29,28,-6.61304072239001,7.616599664519568,0.1251466852052304,8.951335573875527,0.0338038939808385,0.8967468615277442,0.9918089945503508
29,29,-6.187694986724925,6.9778224512319795,0.11505361065402239,8.245206249373101,0.18237420732966908,0.9026354316179985,0.9932780176220528
29,30,-5.206458389691298,6.5546056561356885,0.10797780680895881,8.01489551422172,0.2444789326996495,0.9141983354005082,0.9914995315610774
29,31,-5.20210983906383,6.422902809350444,0.1069142707357443,7.765945626195891,0.11962628301325051,0.9156764744903951,0.9922110902971009
29,32,-5.466249396450287,6.572643542638479,0.10973646483154476,8.113105160668917,0.1534964880234542,0.9110694403529587,0.9916854591329177
29,33,-5.20457833783463,6.310972484022825,0.10500963980999095,7.8337590268860104,0.1472628299452856,0.9147479342306462,0.9920655934474354
29,34,-5.688178387104033,6.565622978756828,0.1094267874683832,8.148418103128808,-0.009734528646076096,0.9084315378896776,0.9921678152864719
29,35,-6.9097385423440505,7.425267969444899,0.12332790153305055,8.932268739566371,-0.14475044471642987,0.893063466358166,0.9928045652384622
29,36,-5.435627465564023,6.753478975629437,0.11095622719966988,8.16265679680152,-0.10600460747104008,0.9120623988108317,0.991522592845891
29,37,-4.6987094509412,6.133838741683595,0.0999995297111049,7.378405923207323,-0.07873582431933479,0.9237136308783367,0.992542227118567
29,38,-5.069339487737247,6.504468778479643,0.10564881149002713,7.845878627519318,-0.14356356960762326,0.9182452628404784,0.9919003482294166
29,39,-4.202870288385356,5.637999579127752,0.09086368973201292,7.229702067687035,-0.029409358318537283,0.9308633047892965,0.9921670356040382
29,40,-4.972966869693283,6.378314783747014,0.10223173288287926,8.537570742858584,-0.11442794060367781,0.9187563449916057,0.9894770967249469
29,41,-6.372445201661427,6.975471032750594,0.11127120909050511,8.838721350938808,-0.30314480086276663,0.9031342463658927,0.9920852677225929
29,42,-6.187658739287856,6.644849301583265,0.10556763335482909,8.635381765063057,-0.13304502822799036,0.9064086039480131,0.9923826838937545
29,43,-5.732305624902526,6.240280902521904,0.09763169342217122,8.25066244306724,-0.08850445972705917,0.9135908226096047,0.992751623350118
29,44,-6.274142355396586,6.782117633015966,0.1050055377701356,8.445997867364076,-0.014085868777503058,0.9081849594693266,0.9935938882793226
29,45,-4.851057786943147,5.294018371287275,0.08000177103857643,6.260290669438314,0.40998103126038365,0.9297892367953313,0.9968920660220363
29,46,-4.792194461747724,5.235155046091852,0.07743068220027764,6.316810969069976,0.4778563438547271,0.931226303255496,0.9967980639149668
29,47,-5.95575021309418,6.132227782341568,0.08949333953091422,7.338090025540015,0.2940001721350254,0.9180309852341912,0.9966599794757302
29,48,-6.323231336230711,6.448924190154129,0.09213332612881214,7.673283288639514,0.44200844546882356,0.9148862347035663,0.996747862204071
29,49,-6.074852227138151,6.55181409313102,0.09144616922242083,7.686732611557154,0.5104582625149041,0.9190981520390971,0.9963271999802742
29,50,-7.322528610459597,7.673797622529046,0.10503549986821283,8.723441844014838,0.5511227217607717,0.9062070883232886,0.9965241439249255
29,51,-7.327997347239092,7.679266359308542,0.10319977249770787,8.764742607550591,0.5230103845515695,0.9079054978334534,0.9965375852526974
29,52,-7.768014961282663,8.119283973352113,0.10700517478655325,9.582255156017562,0.45910207221446936,0.9040395826104306,0.995505699482148
29,53,nan,nan,nan,nan,nan,nan,nan
29,54,nan,nan,nan,nan,nan,nan,nan
29,55,nan,nan,nan,nan,nan,nan,nan
29,56,nan,nan,nan,nan,nan,nan,nan
29,57,nan,nan,nan,nan,nan,nan,nan
29,58,nan,nan,nan,nan,nan,nan,nan
29,59,nan,nan,nan,nan,nan,nan,nan
29,60,-6.968819965288652,7.717403825982278,0.08589376099662582,8.781329520507292,0.49805650059008744,0.925415201853672,0.9969610929912255
29,61,-6.464622014552379,7.213205875246006,0.07927471895913872,8.418050152938969,0.4112713725125906,0.9313625037982358,0.9969471946044003
29,62,nan,nan,nan,nan,nan,nan,nan
29,63,nan,nan,nan,nan,nan,nan,nan
29,64,nan,nan,nan,nan,nan,nan,nan
29,65,nan,nan,nan,nan,nan,nan,nan
29,66,nan,nan,nan,nan,nan,nan,nan
29,67,-7.345761065398785,7.677538045358835,0.07672483710522515,8.99123427374943,0.4526515325292205,0.9294372636655883,0.9976777229128111
29,68,-7.806731836769729,8.138508816729779,0.08066902384158568,9.257545101201476,0.28206844416207366,0.926409492167705,0.9979029210997643
29,69,-8.208850323735373,8.540627303695425,0.08400724557184391,9.735816392346779,0.3463905660654472,0.9233065698908236,0.9977354233991459
29,70,-8.299728675519333,8.677507788790926,0.08498979828183537,9.837480318578804,0.10650200370102554,0.9236062982701039,0.9976618635724772
29,71,-6.793956650824356,7.3100660307960235,0.07134567543118987,8.385002430572873,-0.06427194089343918,0.9370045224460019,0.9979306448862896
29,72,-6.209567611725903,6.725676991697568,0.06519573765288023,7.99905241213556,-0.09424773308522594,0.9421628618896477,0.9978469438573514
29,73,-5.803344412313993,6.33455454882388,0.06102272643262194,7.812089770522997,-0.10294342376810249,0.9458643390550617,0.9977084368764155
29,74,-4.8940915840794785,5.425301720589366,0.05194288361307219,6.623920701278252,0.2009362394895929,0.9543278360677458,0.9983264901456351
29,75,-5.3784491403390255,5.71044145104796,0.05457529986986617,6.85688177416797,0.40545883879134564,0.9499560341165776,0.998507769143614
29,76,-5.784922864358736,5.8000236208969564,0.05521274129398766,6.844494402246971,0.2880566486446941,0.9472740347908688,0.9988956168679318
29,77,-6.403622198155042,6.418722954693265,0.06100051447507507,7.399728585755977,0.34381769244730975,0.942043576922807,0.9988799908634031
29,78,-7.239585814412899,7.239585814412899,0.06893053326942694,8.224556652085157,0.3181457557111689,0.9349199118660907,0.9987672689779858
29,79,-8.229234541945464,8.229234541945464,0.07859576117359782,9.171510399505223,0.18132916946503025,0.9266015970654868,0.9986759914774601
30,0,-6.527566957452206,6.814812231996343,0.1674934687580244,7.910898584806806,0.45777649776024953,0.8569816025862161,0.990940915583055
30,1,-5.753956506119823,6.377677642670332,0.15433443059388963,7.488916362888502,0.3641592531472943,0.8715434586351198,0.9895796249747937
30,2,-6.081472698632245,6.705193835182754,0.15599058223621026,7.96166294657954,0.567546515581072,0.8665719603205626,0.9893257468628136
30,3,nan,nan,nan,nan,nan,nan,nan
30,4,nan,nan,nan,nan,nan,nan,nan
30,5,nan,nan,nan,nan,nan,nan,nan
30,6,nan,nan,nan,nan,nan,nan,nan
30,7,nan,nan,nan,nan,nan,nan,nan
30,8,-5.686007663689741,5.95056260647429,0.11728913243981484,7.506487485801984,0.5166296363946203,0.8944888067897652,0.9924630560242531
30,9,nan,nan,nan,nan,nan,nan,nan
30,10,nan,nan,nan,nan,nan,nan,nan
30,11,nan,nan,nan,nan,nan,nan,nan
30,12,nan,nan,nan,nan,nan,nan,nan
30,13,nan,nan,nan,nan,nan,nan,nan
30,14,nan,nan,nan,nan,nan,nan,nan
30,15,nan,nan,nan,nan,nan,nan,nan
30,16,nan,nan,nan,nan,nan,nan,nan
30,17,nan,nan,nan,nan,nan,nan,nan
30,18,nan,nan,nan,nan,nan,nan,nan
30,19,-6.650670172819877,6.873982279776553,0.11194747392748548,8.413786983319635,0.4307384872331428,0.8974703425488423,0.9943041409590063
30,20,-6.760411175664256,6.854328185931947,0.11151452488450114,8.248147748261475,0.385251145555284,0.8973704907770945,0.9951916105790405
30,21,-7.4888962017858365,7.5677768708666715,0.12293004860815397,9.117934792393438,0.28095969638247115,0.8877612721389563,0.9942823779624559
30,22,-6.896768209308051,6.98687754443104,0.11231200620545152,8.50524576986562,0.29528586870022294,0.8963632786587696,0.9948019690892643
30,23,-6.871920384040193,7.166639309650209,0.11495674725471802,8.744977124593163,0.17555766926534305,0.8960841226067852,0.9938946925091035
30,24,-6.575810626378466,7.234029915065548,0.11618963163524836,8.833099539979095,0.007911629070266785,0.8993025633426048,0.9925896390400225
30,25,-6.3654060781065915,7.060808464484064,0.11384326746297475,8.787404950784598,-0.1085753710556455,0.9017030286839538,0.9920861837125834
30,26,-5.889149766657288,6.5845521530347595,0.10627656583679727,8.29631735480514,0.038968780323593445,0.9076938112373187,0.992531624594146
30,27,-5.795095480935775,6.8887085285830265,0.11149816026650393,8.382551063207515,-0.10181472343783063,0.9088934832279569,0.9918434971151117
30,28,-5.974136340320895,6.86313979748112,0.11094609762747135,8.215045164122074,0.17171597965487206,0.9073526216311097,0.9929538214378582
30,29,-6.173883037991037,6.849455017528757,0.11141376277801994,8.21847266042869,0.24327684511910685,0.9041692321407423,0.9935195678882783
30,30,-5.455154993969155,6.675947964255767,0.10843265074219685,8.09456746398431,0.30961368928630134,0.9122804620198333,0.9921140642095264
30,31,nan,nan,nan,nan,nan,nan,nan
30,32,nan,nan,nan,nan,nan,nan,nan
30,33,nan,nan,nan,nan,nan,nan,nan
30,34,nan,nan,nan,nan,nan,nan,nan
30,35,nan,nan,nan,nan,nan,nan,nan
30,36,-5.002808307425289,6.573635623780087,0.10698357317250702,7.72966125748509,-0.10178970657576293,0.9197354910606587,0.9921066673937167
30,37,-4.809677602240694,6.085464415381975,0.09838657159018012,7.171639802093151,-0.06828072350178602,0.9241574606333987,0.9935942412997294
30,38,-4.371986391745313,5.647773204886596,0.09078405237533943,6.63889027059494,-0.09113073007489823,0.9308304212451072,0.9943469926007065
30,39,-3.7147355857143918,4.990522398855675,0.07960593667437915,6.076567504535556,0.05551548787038944,0.9404702210705201,0.9947704154908107
30,40,-4.37345425341556,5.619459689868177,0.08908605802127086,7.320250723694002,-0.09495325136030057,0.9301594310444152,0.9924671101301824
30,41,-5.651141683256769,5.841849230455437,0.09221130986535511,7.463898769846526,-0.15349545742325266,0.9154772526904619,0.9949466940685118
30,42,-5.645106483966101,5.958292392281323,0.09328019611876666,7.533619082953347,0.11485979533262254,0.9157023133625078,0.9948223053863752
30,43,-5.845670907220073,6.2096415308592645,0.09598024751809188,7.977190009413066,0.06269399140272713,0.9135715168926704,0.99406658209547
30,44,-6.131326913277956,6.495297536917146,0.09929988529989389,8.036220881294525,0.16628171778273856,0.911656261983722,0.9946868000862957
30,45,-5.812879239516398,5.986142315956922,0.08988361022846336,7.209038776639332,0.37453032279417015,0.9177540450634252,0.9965089914622338
30,46,-5.768148125783427,5.941411202223951,0.0877610562901654,7.234653124058194,0.38803570628819384,0.9199424101998189,0.9964347455385535
30,47,-6.871210967952687,6.921995683276656,0.10053379508844948,8.236499319235737,0.2862218168469235,0.9079128652444133,0.9963131377257913
30,48,-6.891991763099176,6.891991763099176,0.09782872010626813,8.096766922118372,0.4448697230525966,0.9096846695195385,0.9969110288403903
30,49,-6.564726770730206,6.915995782799655,0.09577447053999749,8.018973219365343,0.5102170646415034,0.9152604507670975,0.9965217294405907
30,50,-7.370550134956934,7.721819147026386,0.10375833927852057,8.573950108363011,0.5835409242291962,0.9079782764535919,0.997117526670007
30,51,-7.667017686977387,8.018286699046838,0.10604043289051632,8.818218187154509,0.5073700878033028,0.9065896055418661,0.9972188358918519
30,52,-7.240260578402616,7.591529590472067,0.09783726778581807,8.643183798670648,0.49814963642605525,0.9124184017573908,0.9969136701890539
30,53,nan,nan,nan,nan,nan,nan,nan
30,54,nan,nan,nan,nan,nan,nan,nan
30,55,nan,nan,nan,nan,nan,nan,nan
30,56,nan,nan,nan,nan,nan,nan,nan
30,57,nan,nan,nan,nan,nan,nan,nan
30,58,nan,nan,nan,nan,nan,nan,nan
30,59,nan,nan,nan,nan,nan,nan,nan
30,60,-6.013459985062607,7.188427905409503,0.0792331318591404,8.468040826384485,0.34647086701346896,0.9348237051976784,0.9962028004953957
30,61,-5.5468864246445335,6.705940324880442,0.07302196238809125,8.109708380269629,0.18497835611643118,0.9405624690519369,0.9963168734647816
30,62,nan,nan,nan,nan,nan,nan,nan
30,63,nan,nan,nan,nan,nan,nan,nan
30,64,nan,nan,nan,nan,nan,nan,nan
30,65,nan,nan,nan,nan,nan,nan,nan
30,66,nan,nan,nan,nan,nan,nan,nan
30,67,-7.235649153477908,7.471517927554314,0.07428863020997244,8.766488600445031,0.34228115284210814,0.9313509300815433,0.9978753945665201
30,68,-7.626971098680631,7.8628398727570366,0.0774984548543961,9.000071766594486,0.04363873515114977,0.9288516245774505,0.9980545724135554
30,69,-8.374783065945614,8.610651840022019,0.0839106632875686,9.947780375845442,0.23753151759928454,0.9226245208214151,0.9976541791921654
30,70,-8.266835993221736,8.548706900609684,0.08305391390690209,9.915857636353422,0.015247663939139637,0.9243851560902997,0.9975203186261503
30,71,-7.5307260562770555,7.892858259186685,0.0761456453862794,9.250843649310296,0.14285977710466258,0.9307817194257084,0.9976339362570041
30,72,-7.7723540627222985,8.134486265631928,0.07825753873720932,9.860402743967992,0.05292501851518249,0.9284181393832521,0.9970246527063577
30,73,-7.526734123242693,7.888866326152322,0.07548541509223361,9.734639753392658,-0.026457068388928272,0.9307898942686398,0.9969430394965153
30,74,-6.333277613399664,6.695409816309293,0.06379693755858239,8.31994044708031,0.08532469505385601,0.9416121209649969,0.997635416455673
30,75,-6.752312048078795,6.915226425187471,0.06572453987760053,8.438349428716782,0.3552493776199523,0.9381184802945018,0.997955895484859
30,76,-6.196114775669871,6.196114775669871,0.05869968579379089,7.498444752873092,0.29508156622658027,0.9438685732035023,0.9985539994709737
30,77,-6.051644789253683,6.051644789253683,0.05697373203793143,6.793957709123261,0.532270645132164,0.9457203444311779,0.9992307885812286
30,78,-6.338981938385971,6.338981938385971,0.05961206023783218,7.1376459969967145,0.5007648410027101,0.9432995416974228,0.9991381608006294
30,79,-6.842844273115281,6.842844273115281,0.0644814834619256,7.673470374854925,0.41429761570181534,0.9389832271434121,0.9990349198777179
31,0,-6.054323824349984,6.341569098894121,0.15201855893910038,7.24074014434968,0.55094712651536,0.8686436712673122,0.993120418095284
31,1,-5.374710007275833,5.998431143826342,0.14150000578043,6.891196677502116,0.4611499367721095,0.8815386587581772,0.9918883078067184
31,2,-5.659148923440941,6.282870059991449,0.14317758480015488,7.409641014700132,0.610687643596283,0.8766007624034179,0.9909796569236772
31,3,-5.526137227554503,6.428606690516695,0.14071684773836388,7.603654996917753,0.6309478900441209,0.88106756066651,0.9899091629644461
31,4,-5.919290587670435,6.666405761823287,0.1428175903620454,7.8585893422535715,0.578595148278336,0.8782513976317933,0.9905176145597564
31,5,-6.135442949754829,6.882558123907682,0.1437462627853839,8.291156505393717,0.49357658928075937,0.8765963352372349,0.9895571561492624
31,6,-6.076047238954277,6.932764780625198,0.1416386428419171,8.313259265157182,0.14146276746285666,0.8824114055407154,0.9892095593122558
31,7,-5.191506143894146,6.156351985018091,0.12294643164772853,7.401125429900451,0.15461692710987665,0.9013201250180509,0.9907702915756174
31,8,-5.801643466243056,6.57596781970186,0.12706294424898126,8.125700267413238,0.3873020299212001,0.8933112988207559,0.9901657639073302
31,9,-5.358652423601488,6.382151763934349,0.11965275819447195,7.9391247756717584,0.3331061904420249,0.902573564490296,0.9899963844177962
31,10,-5.113855490758905,6.1373548310917645,0.11100511904909877,7.514649934824068,0.3302246410241712,0.9095588802617037,0.991709174854037
31,11,-5.278379448495811,5.855800559304232,0.10375591153868276,7.345791873858457,0.17031870150151587,0.910175302851104,0.9931330518375784
31,12,-4.772815513003736,6.19961794917368,0.10807599341891497,7.642465714834621,-0.18784711087592929,0.9171115532185427,0.9908286116990727
31,13,-5.156505527345717,6.495081124769123,0.1104071267913617,7.654340895568149,0.33243789967184745,0.9121883882252692,0.9922503227508599
31,14,nan,nan,nan,nan,nan,nan,nan
31,15,nan,nan,nan,nan,nan,nan,nan
31,16,nan,nan,nan,nan,nan,nan,nan
31,17,nan,nan,nan,nan,nan,nan,nan
31,18,nan,nan,nan,nan,nan,nan,nan
31,19,-7.785623021621818,7.939380422610482,0.1285054685904948,9.122783531719568,0.36675921527582933,0.8853900921176192,0.9952432358574109
31,20,nan,nan,nan,nan,nan,nan,nan
31,21,nan,nan,nan,nan,nan,nan,nan
31,22,nan,nan,nan,nan,nan,nan,nan
31,23,nan,nan,nan,nan,nan,nan,nan
31,24,nan,nan,nan,nan,nan,nan,nan
31,25,-7.105031945012831,7.776050044888359,0.12345169203650337,9.279830060518758,-0.011678455035223738,0.8933997007340491,0.992684761700545
31,26,-6.251960364529517,6.922978464405046,0.10983736057142249,8.508640058434466,0.17112969663060335,0.9039351438207205,0.9930379937570969
31,27,-5.900986522914434,6.970215284059743,0.11110106110686285,8.329050416052025,-0.03781553498280759,0.9088893036090069,0.992570140119781
31,28,-6.531223388287731,7.395842558946012,0.11765927246548673,8.768746191291125,0.05971146479196687,0.9009948817940736,0.9927692325710737
31,29,-6.523953826146912,7.175141519182689,0.11502950499848566,8.580448515095947,0.2374986479030981,0.9004675311834894,0.9934278560499301
31,30,-5.7221833954074235,6.942976365694036,0.11126063776239617,8.439348716167242,0.3304974375335946,0.9089763698739768,0.9918234126989189
31,31,nan,nan,nan,nan,nan,nan,nan
31,32,nan,nan,nan,nan,nan,nan,nan
31,33,nan,nan,nan,nan,nan,nan,nan
31,34,nan,nan,nan,nan,nan,nan,nan
31,35,nan,nan,nan,nan,nan,nan,nan
31,36,-4.749629707369749,6.320457023724546,0.10166655615094522,8.142732830076937,-0.03758827343783826,0.9220792949681731,0.9903329031886007
31,37,-4.380713165802659,5.656499978943941,0.09066827565220398,7.501831175613275,-0.0026727624198865756,0.9290383732857435,0.9917859335741209
31,38,-4.502617775991536,5.778404589132817,0.09165742274708367,7.495826982819161,0.07284251932956662,0.9276915444875538,0.9922139292385779
31,39,-3.567610063709372,4.843396876850654,0.07569377536671715,6.031235072491115,0.3144513499697135,0.9429390723552896,0.9948711337389257
31,40,-3.358239475177714,4.60424491163033,0.07135960045117161,5.7563729953604135,0.22694492787388237,0.9469825598365668,0.9952922557429918
31,41,-4.817479443733103,5.008186990931771,0.07737238856775916,6.056152261411489,0.07438575935875957,0.929208460939934,0.9971706090003255
31,42,-4.904448446262295,5.217634354577517,0.07997214537336275,6.215293065802909,0.3521964037366166,0.9281087061016082,0.9970192574757635
31,43,-4.795723509579321,5.159694133218512,0.07797739530794688,6.30915786455534,0.38866394825259937,0.9299660005597316,0.9966630706824082
31,44,-4.808862879252389,5.172833502891581,0.0767842695896292,6.17695192699573,0.5855540506821643,0.9309126995982797,0.9971337719027173
31,45,-5.1315146153378075,5.622877262085001,0.08281965877585779,6.74569275966455,0.4093622193752933,0.927412274693872,0.9963730653723192
31,46,-4.818170427707175,5.4027914528220595,0.07854348389861739,6.660398563703526,0.3610114966267529,0.9326641576573398,0.9960745940783585
31,47,-5.903089712041566,6.365232376039895,0.09091217606548296,7.682231252071858,0.2027935649479456,0.9203121699248176,0.9957434148867115
31,48,-6.053295435086625,6.464653383760986,0.09066599497557201,7.724634212562339,0.2838036824542051,0.9199681417831332,0.9961000931597973
31,49,-5.942812360608604,6.705439321352417,0.09216314570632068,7.8456311962349625,0.4226253305147761,0.9223379998920539,0.9957478986248864
31,50,-6.379730359256709,6.955098632707209,0.09300677860063064,7.990284994507431,0.4613171020150548,0.919188203867613,0.9964624981625846
31,51,-6.972851402401897,7.516801806732361,0.09915941724849359,8.41797049616566,0.3381216040452886,0.9146500931009564,0.9966702823679134
31,52,-6.584530911615299,7.128481315945762,0.09183802663574461,8.31047249755615,0.3541773542698685,0.919810293413808,0.9963539231273639
31,53,-5.8273651384914364,7.097261541642599,0.08955135555891734,8.306855150128603,0.2617559769453665,0.9283557766086885,0.9951680009955552
31,54,-6.174938338630684,7.093565729712398,0.08826318017815561,8.316357365720384,0.20150242289884263,0.9264476336758832,0.9958214076954355
31,55,nan,nan,nan,nan,nan,nan,nan
31,56,nan,nan,nan,nan,nan,nan,nan
31,57,nan,nan,nan,nan,nan,nan,nan
31,58,nan,nan,nan,nan,nan,nan,nan
31,59,nan,nan,nan,nan,nan,nan,nan
31,60,-5.104084691074644,6.279052611421539,0.06875878926600917,7.484498678111373,0.4328766551665361,0.9444550035429141,0.996789316740036
31,61,-5.0526723115796095,6.211726211815519,0.06677341600155216,7.485756110171293,0.381027424203539,0.9458388792659692,0.996850025278427
31,62,nan,nan,nan,nan,nan,nan,nan
31,63,nan,nan,nan,nan,nan,nan,nan
31,64,nan,nan,nan,nan,nan,nan,nan
31,65,nan,nan,nan,nan,nan,nan,nan
31,66,nan,nan,nan,nan,nan,nan,nan
31,67,-6.407491733495999,7.039531054528706,0.06941757459040802,8.386823844059965,0.13082692851376612,0.9389027144838487,0.997450721188771
31,68,-7.09718856069376,7.729227881726468,0.07563407366447755,8.833537010853725,-0.06536171904412522,0.9335499469361523,0.9976487510044835
31,69,-8.270995229499043,8.506864003575448,0.0823861214482981,9.79323098248505,0.24669241880133191,0.9240892522254195,0.9977810715154222
31,70,-7.6889894665629575,8.389380286266379,0.08097090884580713,9.741719684117397,-0.034191225830253226,0.9291226967933012,0.9970658029445568
31,71,-7.050431553523602,7.831083668748704,0.07495168035910323,9.167429197985628,0.13212889003501896,0.9347978853942481,0.9972170313736268
31,72,-7.357193408786443,8.137845524011546,0.07780867509478989,9.854517049663531,0.0227190231903567,0.9318787284357601,0.9965496291567807
31,73,-6.707000591044753,7.487652706269857,0.07101237137716708,9.384548710758326,-0.04378255571756725,0.937750275130227,0.9965700308112111
31,74,-5.68165200314956,6.462304118374663,0.06087504702028703,8.09851595501573,0.19563615493823353,0.9472143590249438,0.9973402556311295
31,75,-6.564008945913668,6.726923323022345,0.06321008715409547,8.35336920311299,0.4185114922554297,0.9401546887853044,0.9979148399087225
31,76,nan,nan,nan,nan,nan,nan,nan
31,77,nan,nan,nan,nan,nan,nan,nan
31,78,nan,nan,nan,nan,nan,nan,nan
31,79,nan,nan,nan,nan,nan,nan,nan
32,0,-4.935892611249527,5.5852638840645135,0.12969972948555555,6.716163224247372,0.5461409728809086,0.8881825974305397,0.9910857318112771
32,1,-4.905372225713192,5.864248232408172,0.13377146294604927,6.8001834020637455,0.5706211256578356,0.8898434395925274,0.9907943013737692
32,2,-5.281020799434052,6.239896806129032,0.1386153823751385,7.399890351985405,0.6107454558661859,0.8842215742449371,0.9896572152741433
32,3,-5.223017388914152,6.460641722020815,0.13948742391158342,7.564585933452069,0.5558262090504056,0.8881298835138695,0.9890119464976049
32,4,-5.6575681649216065,6.739838209218928,0.1417214662855932,7.855268298599175,0.5438898810154431,0.8847793943445733,0.9897353961328113
32,5,-5.882954173472545,7.066922625948901,0.1449711525549625,8.345616715795547,0.33232233576356374,0.8833746494021372,0.9882606583589226
32,6,-5.771078090872689,7.09162003899349,0.141242810459998,8.494225754347104,0.14663181136196515,0.8882113755492218,0.9874752985091664
32,7,-4.882266145455379,6.406324645317125,0.12505933696463026,7.682949671482347,0.1093820589029717,0.906500546431382,0.9887833226923786
32,8,-5.62586160304174,6.959398615238342,0.13194405565930556,8.473720115520598,0.22140975855806938,0.8963883432581479,0.9882064311178029
32,9,-5.241177681723514,6.823889680794174,0.1260217149173452,8.293860924341036,0.27905036539763745,0.9046307317588177,0.9883715535327948
32,10,-5.423274710957153,6.542162303577934,0.11638545084290035,7.927448416320101,0.308940662154416,0.9057951422225868,0.9912752504103599
32,11,-5.5417524362386565,6.214561799334996,0.10842667351428809,7.696371397445932,0.22588260837747,0.906839057469632,0.9928063594377332
32,12,-5.804539051204183,6.646116860060021,0.1141318222272766,8.006287631571244,0.07758150333869934,0.9045889693313021,0.9925922841189226
32,13,-6.410778698077061,7.164129668186359,0.12010026254715843,8.356040068012073,0.4143958547411743,0.8969140302809645,0.9935050063883405
32,14,-5.774329410214235,6.724441159900721,0.1116161326749985,7.949619765437952,0.31432719618765065,0.9067558740101436,0.9931669519984506
32,15,-5.9826387156670755,6.932750465353561,0.11394100743096307,8.059860884294334,0.3986183382492684,0.9048179731333784,0.9935117762489173
32,16,-6.423886580131498,7.373998329817982,0.12033634855521509,8.50902368719752,0.28635845416025074,0.899915196714419,0.993239351162319
32,17,-7.181027456249137,7.758854208435181,0.12590684194363894,9.141281981795103,0.19270238994420336,0.891602702990436,0.993184252356248
32,18,-6.389960369122096,6.967787121308138,0.11247301840871668,8.371289987008904,0.21340426694619286,0.9029654882236164,0.9937114606482892
32,19,-7.521355099229407,7.521355099229407,0.12057638859826485,8.851592187374992,0.1720209785003077,0.890644653767483,0.9953954914901268
32,20,nan,nan,nan,nan,nan,nan,nan
32,21,nan,nan,nan,nan,nan,nan,nan
32,22,nan,nan,nan,nan,nan,nan,nan
32,23,nan,nan,nan,nan,nan,nan,nan
32,24,nan,nan,nan,nan,nan,nan,nan
32,25,-7.794187695715618,7.870716357521717,0.12411508333634634,9.324699061976913,-0.03953868885360632,0.8874798136371309,0.9947418299666227
32,26,-7.323831384133765,7.4003600459398635,0.11669514946800909,8.797741230042888,0.12656412300561543,0.8935719445994519,0.9951760751767237
32,27,-6.842185099280265,7.3281530883983,0.11612866683560162,8.672996453118232,-0.15316915728261316,0.8992560809505076,0.994054580621394
32,28,-6.501147530694238,7.317766833854253,0.11561226976485545,8.797040909359593,-0.13885838321748184,0.9027603601173085,0.9926837096206715
32,29,-6.358443752116755,7.2325000105275965,0.11485373215060618,8.665045258932548,-0.031423344372234804,0.9040115470105864,0.9926995136975022
32,30,-5.594008063868901,6.717361398490769,0.10651603673598925,8.31449604128725,-0.09693949606314889,0.9134210950682466,0.9919258085923419
32,31,nan,nan,nan,nan,nan,nan,nan
32,32,nan,nan,nan,nan,nan,nan,nan
32,33,nan,nan,nan,nan,nan,nan,nan
32,34,nan,nan,nan,nan,nan,nan,nan
32,35,nan,nan,nan,nan,nan,nan,nan
32,36,-4.846473889411215,5.991080421048952,0.09486384722548054,7.759236185211168,-0.1006510894935277,0.9233931492527617,0.9921132338250918
32,37,-4.998865430387435,5.848431458811657,0.09232982995307747,7.6657749084657425,-0.17981612098077746,0.9225759277485197,0.9927893692908236
32,38,-5.206296115301,6.055862143725221,0.09484179242144028,7.739545788447701,-0.0436557043476626,0.9201389155106174,0.9931335886011737
32,39,-4.619240083204365,5.468806111628587,0.08440282528744354,6.659060934824242,0.2412018772221362,0.9296418473283483,0.995228016475178
32,40,-3.9940536566102893,5.015675515375727,0.07658093525549335,6.1004392916610835,0.2544930749379942,0.9389852170336697,0.9956023899107943
32,41,-5.1429265972879445,5.333634144486612,0.08126293241788148,6.33242079194511,0.35777113957454176,0.9254254667330977,0.9972506536461346
32,42,-5.791036577772814,5.981744124971481,0.0901589105508839,7.073839756895953,0.4083802727453686,0.9172342964141063,0.9968155957357391
32,43,-6.130070125817204,6.320777673015871,0.09403066449890857,7.540360072133337,0.43852455611064844,0.9132604513778472,0.9964282606040507
32,44,-5.593691110087638,5.784398657286306,0.08441786272987035,6.844050014594735,0.6275226025475804,0.9217836862220762,0.9971958896310421
32,45,-6.061880620531794,6.379980190838462,0.09292785303198714,7.508283609911378,0.3469343384775392,0.9169065024777581,0.9964133179684912
32,46,-5.820542913502411,6.231900862176771,0.08948220941666887,7.51556772962494,0.281810807722358,0.9211522582073222,0.9959600400866297
32,47,-6.744716142906497,7.156074091580857,0.10058880022364315,8.573241816397632,0.38766902718092633,0.9102115450717728,0.9953589403163959
32,48,-6.115000836251995,6.526358784926356,0.09009974945987427,7.95782011196156,0.4067821235528902,0.9190553371044233,0.9957995976959363
32,49,-6.231424217247297,6.99405117799111,0.09536645503682159,8.338556802779376,0.4177658242207806,0.9185074859117355,0.9951647948443499
32,50,-6.69203358824218,7.2674018616926785,0.09663010286452017,8.509429432530117,0.42472316091107365,0.9155349191144943,0.9958689302695493
32,51,-7.279517249865305,7.8234676541957695,0.10283949347323075,8.90265484178661,0.3013883748252987,0.9112525733963026,0.9961371942015315
32,52,-6.099158847320768,6.6431092516512305,0.08469317903731095,7.676094818288449,0.5164526212478984,0.9258370461434525,0.9969698315917269
32,53,-6.040625382735825,6.5845757870662895,0.08220000390301863,7.702420794764362,0.49899351789403246,0.9279164679576158,0.9969478923999353
32,54,-6.289030005298177,6.481711397559191,0.07969022786436422,7.664603281292294,0.36750823733699106,0.9271654474663503,0.9974630063086773
32,55,nan,nan,nan,nan,nan,nan,nan
32,56,nan,nan,nan,nan,nan,nan,nan
32,57,nan,nan,nan,nan,nan,nan,nan
32,58,nan,nan,nan,nan,nan,nan,nan
32,59,nan,nan,nan,nan,nan,nan,nan
32,60,-6.288536299747237,7.097178460350676,0.07696981454206675,8.290042207200436,0.5387774802196064,0.9334024030421958,0.9970086990642797
32,61,-6.3601021324643305,7.152830272956785,0.07622206251463566,8.444333043630873,0.44225858508474747,0.9337756964826026,0.9969411413369543
32,62,nan,nan,nan,nan,nan,nan,nan
32,63,nan,nan,nan,nan,nan,nan,nan
32,64,nan,nan,nan,nan,nan,nan,nan
32,65,nan,nan,nan,nan,nan,nan,nan
32,66,nan,nan,nan,nan,nan,nan,nan
32,67,-5.864452489611879,6.343276118155175,0.06217733822029122,7.588287014745811,0.29820264543800956,0.9441576945866642,0.9979888191002925
32,68,-6.401068900009789,6.899490457985857,0.06726365052271566,8.017574253554104,0.08286633735453151,0.9401134639309174,0.9980067311345945
32,69,-7.478119601327788,7.580370612347554,0.07293066095931129,8.903220672243911,0.26528184128573834,0.9314779726518541,0.9981092504732907
32,70,-7.166472727077428,7.886461476213622,0.07566697993053449,9.48145871648747,-0.02912292889205593,0.9336095384470565,0.99686479514232
32,71,-7.270386503499769,7.907722171048968,0.0753136938825692,9.334397336766697,0.06752465241849688,0.9333168455026573,0.997255334980706
32,72,-7.947202410971982,8.584538078521183,0.08173019138042782,10.242666943151683,-0.09379220642718888,0.9275908739089388,0.9966937242103151
32,73,-8.064953232020832,8.682690970137257,0.08209585264658768,10.347160995626531,-0.2390916817987375,0.9271107749533779,0.9967246692478692
32,74,-7.704162456911033,8.32190019502746,0.07844247744249096,9.815228698191024,-0.12187155665553588,0.930740524965962,0.9971095183311453
32,75,-8.460847853491561,8.460847853491561,0.07928126905574158,9.66169887502026,0.09158780505797999,0.9257394271887387,0.9983229052374525
32,76,nan,nan,nan,nan,nan,nan,nan
32,77,nan,nan,nan,nan,nan,nan,nan
32,78,nan,nan,nan,nan,nan,nan,nan
32,79,nan,nan,nan,nan,nan,nan,nan
33,0,-4.6438407257597705,5.3143792682752995,0.12116677827000216,6.5896290277675895,0.2603564008385775,0.8973146485642026,0.9906007749610377
33,1,-4.65539416670826,5.702914883961274,0.1279692954121801,6.736222944590936,0.23638717540944784,0.8980606175914269,0.9900508376625247
33,2,-5.3983697165950995,6.445890433848115,0.14104991721832102,7.590412762744155,0.37456854504651926,0.8853614008765887,0.9890738941045892
33,3,-5.411552293838972,6.73782133750367,0.14367127807681254,7.780682337863756,0.33699626012465006,0.8877790543132452,0.9886255952207428
33,4,-5.98707051921534,7.3928120574635185,0.1534223940506065,8.311626289406897,0.45810826069681343,0.8805480058642495,0.9888443619856935
33,5,-6.459969946041911,7.711415839375755,0.156048330493517,8.781764363891371,0.3079935803013956,0.8767999780064615,0.9885873144139057
33,6,-6.045030326869471,7.365572274990272,0.14508546857388455,8.68168653647397,0.12752337256604046,0.8866760723930864,0.9878704715159412
33,7,-4.95737634496989,6.481434844831637,0.124576085063485,7.75410505250767,0.10770698313597073,0.9068999279097686,0.9890987758132713
33,8,-6.393790448617924,7.639100622067988,0.14226850055566434,9.126494673013111,0.2502900749164612,0.8856970096945834,0.988307080555281
33,9,-5.836141120609334,7.1763304649105155,0.13036510060128242,8.742236125647967,0.27886013827352335,0.8962997446449541,0.9887075453128028
33,10,-6.32728737318223,7.203652311033531,0.1264967684361861,8.59560582186874,0.3843272291375751,0.8930825605457399,0.9916549700746612
33,11,-6.789070548059236,7.219357256386096,0.12539236673872345,8.616929549652255,0.19649759823843965,0.8903125150133948,0.9931657792986799
33,12,-7.333262270085302,7.932317424171661,0.13601569280955453,9.118409202474124,-0.016012535038195094,0.8846166954926776,0.9930707979698854
33,13,-6.928848961454694,7.527904115541051,0.12560153054212958,8.47006253777494,0.3879444732773633,0.892072196599506,0.9947277549431772
33,14,-6.760594359787794,7.412374190671494,0.12245221760542459,8.33424015302497,0.40368949518300873,0.8952484354205058,0.994801954502587
33,15,-6.933745405791724,7.585525236675424,0.12340035737098595,8.51998076840844,0.5238169798389327,0.8938818586304901,0.9948693044182227
33,16,-7.031372863915803,7.683152694799503,0.12412590084117602,8.510097904688381,0.4686159031638659,0.8940856640674858,0.9952360785668323
33,17,-7.302259293946026,7.581754127329284,0.12110877277963772,8.758227116241732,0.3298547694830932,0.8925498907793151,0.9951953859038815
33,18,-6.613754543713394,6.893249377096651,0.11032386381282215,8.246606424673619,0.25307996917895015,0.9018993557880214,0.9948778413351201
33,19,-7.114091288006068,7.114091288006068,0.11281589892848438,8.46246990750868,0.006884515062232838,0.897446916421067,0.9955760857217931
33,20,nan,nan,nan,nan,nan,nan,nan
33,21,nan,nan,nan,nan,nan,nan,nan
33,22,nan,nan,nan,nan,nan,nan,nan
33,23,nan,nan,nan,nan,nan,nan,nan
33,24,nan,nan,nan,nan,nan,nan,nan
33,25,-7.249905889492746,7.326434551298845,0.11434116287167528,8.856165402495687,-0.054298552452785406,0.8957552492894759,0.9948196427520074
33,26,-6.30671678427718,6.383245446083278,0.09906228300264099,7.497255913236518,0.297902036775038,0.908797131138814,0.9966709648297275
33,27,-6.24703858034634,6.323567242152438,0.09896672531120158,7.491906084452606,0.14446266997014964,0.9094322529409662,0.9964380363059488
33,28,-5.924315090691638,6.437564908495854,0.10061455827613887,7.752212237572104,0.05796481477717486,0.912426361608956,0.9948127444288828
33,29,-5.505981356085888,6.250646258853776,0.09783347161800991,7.447153769678612,0.13535372556376152,0.9172484499334582,0.9947228421961951
33,30,-4.3585027209748635,5.661624466986584,0.088696488356762,6.922774999519587,0.040461555889585235,0.9318052543738544,0.9937548588553577
33,31,nan,nan,nan,nan,nan,nan,nan
33,32,nan,nan,nan,nan,nan,nan,nan
33,33,nan,nan,nan,nan,nan,nan,nan
33,34,nan,nan,nan,nan,nan,nan,nan
33,35,nan,nan,nan,nan,nan,nan,nan
33,36,-5.53255206848703,6.653621440954725,0.103949121483018,8.247177790242919,-0.03777873367640081,0.9154492383352978,0.9922850109867509
33,37,-5.553067486417587,6.3790963556717655,0.09952391517227163,8.113748466577274,-0.25455119121760533,0.9162451535139625,0.9927662630678074
33,38,-5.754812882269693,6.580841751523872,0.10217431029850807,8.1392864875735,-0.1356846759491602,0.9141427705310228,0.9932341513953279
33,39,-5.234453266177127,6.060482135431306,0.09248381736120959,7.185309539066337,0.1854243782338822,0.9223460511766275,0.9951458736996855
33,40,-5.193586037295837,6.038111129420172,0.09136532069596175,6.990945353466935,0.1250421951491685,0.92407941805521,0.995673295520988
33,41,-6.009147331346521,6.199854878545189,0.09357970546147235,7.064871102394802,0.2113641400497548,0.9153306697235203,0.99730419695453
33,42,-7.09656718557398,7.287274732772647,0.10859003256694531,8.341773055616644,0.376202130852975,0.9015305856437216,0.9965022026118425
33,43,-7.47405182797386,7.664759375172528,0.11261156710901886,8.782521883535654,0.4461154201618017,0.8978823931218113,0.9962876474730007
33,44,-6.444838566397465,6.635546113596132,0.09580288746293164,7.9580124192713395,0.5009050256696918,0.9117520259274429,0.9962118109795242
33,45,-6.968638992541692,7.286738562848359,0.10504827488207778,8.577702748776614,0.300153415665497,0.9064172575400465,0.9956189392300517
33,46,-6.733994861270572,7.145352809944933,0.10135963411346076,8.505161586226443,0.26147710248667044,0.910795117105458,0.9953892708868568
33,47,-6.831208429279173,7.242566377953534,0.10040947603385679,8.465674268520383,0.3903554877367831,0.9109305074948738,0.9959600355849184
33,48,-5.925570414529284,6.336928363203644,0.08626669102825522,7.611900606170602,0.4529242161744405,0.9227457575819966,0.9963834262877398
33,49,-6.9495716655314785,7.36092961420584,0.09859757099608915,8.4892816995519,0.527087357915433,0.9124426465809758,0.9964367181946178
33,50,-6.909791445379901,7.133890706760951,0.09304694829836128,8.274266260719454,0.453712094878647,0.9151257611880786,0.997017045689034
33,51,-6.979808617447625,7.172490009708638,0.09250149715206112,8.250787208356453,0.2188157257695375,0.9163098993081422,0.9972112949520834
33,52,-6.269720636903194,6.462402029164207,0.0814847794867005,7.65330100173278,0.30694427796091983,0.9250836678095574,0.9973407618522734
33,53,-6.717840657849235,6.910522050110249,0.08520663502707354,8.156859535536613,0.3767388004083782,0.9216730320785863,0.9972069468308478
33,54,-5.726785185617887,6.246074104516772,0.07573117877995146,7.529030854721544,0.32569484353246314,0.9332524235637955,0.9968837701185357
33,55,nan,nan,nan,nan,nan,nan,nan
33,56,nan,nan,nan,nan,nan,nan,nan
33,57,nan,nan,nan,nan,nan,nan,nan
33,58,nan,nan,nan,nan,nan,nan,nan
33,59,nan,nan,nan,nan,nan,nan,nan
33,60,nan,nan,nan,nan,nan,nan,nan
33,61,nan,nan,nan,nan,nan,nan,nan
33,62,nan,nan,nan,nan,nan,nan,nan
33,63,-6.363792740974202,6.631812372048266,0.06896009804640726,8.124547826718509,0.20234979437861397,0.9372742588989693,0.9975369744065258
33,64,-5.745889844531491,6.243893867054453,0.06371581690322835,7.482624679374226,0.38017894259243246,0.9438176431048012,0.9978196941686642
33,65,-5.768005187317921,6.266009209840883,0.06269828373256503,7.146692169308759,0.4914574015266683,0.9447217602336546,0.9983727154924691
33,66,-5.643258908265252,6.122082536808548,0.0603943838025372,7.009253708362088,0.4311894049956779,0.9464582529761205,0.9984636382479443
33,67,-5.446977960801259,5.925801589344555,0.057724254261572065,6.695274129324857,0.37609523986214977,0.9487822324332974,0.9986843923743854
33,68,-5.974996869419813,6.473418427395882,0.06260827477384297,7.157780740985014,0.1895368011821934,0.9447593029607831,0.9986735571610633
33,69,nan,nan,nan,nan,nan,nan,nan
33,70,nan,nan,nan,nan,nan,nan,nan
33,71,nan,nan,nan,nan,nan,nan,nan
33,72,nan,nan,nan,nan,nan,nan,nan
33,73,nan,nan,nan,nan,nan,nan,nan
33,74,-7.754997776231867,8.17351768854734,0.07621941046218696,9.480972647782986,0.23893677379515765,0.931262812976417,0.9977291492464553
33,75,-8.113430260280388,8.113430260280388,0.07525003736157476,9.212505153678533,0.28080428207961516,0.9292827644487143,0.9985549823054302
33,76,nan,nan,nan,nan,nan,nan,nan
33,77,nan,nan,nan,nan,nan,nan,nan
33,78,nan,nan,nan,nan,nan,nan,nan
33,79,nan,nan,nan,nan,nan,nan,nan
34,0,-5.562045834040259,6.1801658854044765,0.1391189380002784,7.062476041950994,0.3926234665652025,0.882785783064111,0.9923000130354115
34,1,-4.680924878169638,6.314496546831741,0.13970161820489216,7.049377430409707,0.14537383167911386,0.8979329466407429,0.9885595722494606
34,2,-4.7563221483435845,6.389893817005686,0.13832381330781313,7.085709673436073,0.2861954855684011,0.8990374714460513,0.9892669512674553
34,3,-5.023507813999874,6.657079482661976,0.13959353111147166,7.3464203052065224,0.37153502233848096,0.8966502038447961,0.9897494125046837
34,4,-5.2965569774020205,7.062019631798919,0.14391050756875598,7.758087088525971,0.5343264414911076,0.8928414925824416,0.989415719306814
34,5,-5.874890063145743,7.486057072628305,0.1482293259900122,8.358349672929807,0.45353921420168697,0.8864817300018627,0.9890399594581839
34,6,-6.122041015659479,7.163834637368597,0.1381747883652049,8.249749126888418,0.2694474907191704,0.8886725859525013,0.990763269729172
34,7,-5.611570929352072,6.856881102802135,0.1287816812475512,8.115800488870946,0.21557083731137802,0.8981622112235409,0.9900504134653544
34,8,-5.968126444455606,7.213436617905669,0.1314301522976006,8.754324596496037,0.35178560773349404,0.8935015025617141,0.9890634747538567
34,9,-5.338649641399314,6.678838985700496,0.11883005333433161,8.284317984139632,0.3353383405806404,0.904943037344166,0.9895880656905781
34,10,-6.01330948692354,6.889674424774841,0.11904601161870686,8.387270840584147,0.4276806086619712,0.8984190420390271,0.9917807596969804
34,11,-6.440830462331196,6.871117170658056,0.11744891392039808,8.396679615939645,0.2510166509577884,0.895673819533433,0.9931507825124207
34,12,-7.074747983141351,7.301518139727268,0.1236915165054817,8.658353156964463,0.11840513840528603,0.8901672593013793,0.9941979856756334
34,13,-7.356215291447289,7.582985448033205,0.12546712209775265,8.652731897710114,0.4504308961323132,0.8883204132962758,0.9954802997288988
34,14,-7.895298015704044,7.936748774700041,0.12973937712670952,8.905617131528883,0.2982552838155941,0.8838932682234756,0.9963285689462902
34,15,-7.848331718412978,7.889782477408976,0.12727090498471452,8.818141766311845,0.3626860771462169,0.8857652287015815,0.9966055730145712
34,16,-8.451863206299386,8.493313965295384,0.1356999329217983,9.316388739578755,0.29614956391392333,0.8795812870697006,0.9968394388971439
34,17,-7.9544051371399,8.614465449077493,0.13607800386597124,9.65798846235324,-0.13874265189210752,0.8852647987048324,0.9938836631366033
34,18,-6.704828203793008,7.364888515730602,0.11582360390703669,8.657417867939103,-0.1526936956039523,0.9015887788299413,0.9937894656099974
34,19,-6.879311523302138,7.497921076243733,0.11712054304739579,8.89505895301803,-0.17494472550730045,0.8996347511817319,0.9935502141244777
34,20,nan,nan,nan,nan,nan,nan,nan
34,21,nan,nan,nan,nan,nan,nan,nan
34,22,nan,nan,nan,nan,nan,nan,nan
34,23,nan,nan,nan,nan,nan,nan,nan
34,24,nan,nan,nan,nan,nan,nan,nan
34,25,-7.256316437044568,7.479964354856531,0.11600971837917776,9.129999569508941,-0.2383464224940911,0.8959787932311711,0.9939243306340816
34,26,-6.053289621471879,6.276937539283843,0.096583057419884,7.441982935621741,0.1580811186435489,0.9126148157165216,0.9962308981427227
34,27,-5.9645306815836445,6.041059343389743,0.0929498743512349,7.1512304081241,0.36076223692054965,0.9139504224192925,0.9968796285581886
34,28,-5.622843824850688,6.136093642654904,0.09461578290235677,7.508343262136216,0.1476202788720237,0.9169768841687133,0.9949876409170075
34,29,-5.463770322743764,6.208435225511653,0.09552236449498862,7.475170952196104,0.29524714010423203,0.9183675592650944,0.9947504849807465
34,30,-3.9653640695643504,5.26848581557607,0.0805803401824618,6.470695679248559,0.3407618102973373,0.9381290776671567,0.9945799224018981
34,31,nan,nan,nan,nan,nan,nan,nan
34,32,nan,nan,nan,nan,nan,nan,nan
34,33,nan,nan,nan,nan,nan,nan,nan
34,34,nan,nan,nan,nan,nan,nan,nan
34,35,nan,nan,nan,nan,nan,nan,nan
34,36,-5.948875754375667,6.355411168136111,0.09808144393756667,7.817049426306454,-0.07712290030503627,0.9135542859455469,0.9947932726712535
34,37,-5.753356186565078,6.159891600325523,0.09471288996564343,7.721780794008481,-0.17199638065203685,0.916148313532315,0.9946599121682631
34,38,-6.021116132056981,6.427651545817424,0.09800542130700515,7.914484070099614,0.023977881845408316,0.9129484592745005,0.9948170826828808
34,39,-5.61879302862269,6.025328442383136,0.0903095371598557,7.059234123496492,0.3938810486849783,0.9193455670216454,0.9965159741387177
34,40,-6.072038038823275,6.32501384511266,0.09377898491191598,7.249247316955821,0.5539309219956585,0.9144482791276298,0.9971409065727365
34,41,-6.513968977859625,6.513968977859625,0.09619055404053795,7.3151780178993135,0.6488316829604241,0.9099989933585528,0.9980360668157932
34,42,-7.582883021942923,7.582883021942923,0.11093791496982544,8.535181163174029,0.5753308466116458,0.897595703996938,0.9973716530735813
34,43,-7.516684837054186,7.566206887185872,0.10954038962132556,8.67281198804484,0.4559198149170642,0.899239271462399,0.9968061160725484
34,44,-7.064595713908143,7.114117764039829,0.10181890418312857,8.392489853964602,0.39357611962082856,0.9060015575419073,0.9964893182343061
34,45,-6.907405511349584,7.275027131787938,0.10405308572878211,8.641750768308308,0.1316615335448991,0.9086436131274332,0.9953005312997716
34,46,-6.879577001454472,7.340457000260518,0.10328222823814638,8.707296307589628,0.03316694725803011,0.9107400335544754,0.9951842628431077
34,47,-6.879387717008203,7.340267715814249,0.1009399939028199,8.587726652355787,0.2743001460925499,0.9119294045785451,0.9957625395722062
34,48,-6.159715183717744,6.5710731323921046,0.08888140723241941,7.816722420374286,0.2915712996847008,0.9217158047236298,0.9963527873946849
34,49,-6.418001450352547,6.829359399026908,0.09095213315746324,8.114302066076679,0.39586833224643586,0.9200560056654314,0.9962572730987556
34,50,-6.4706330056068415,6.69473226698789,0.08635118751130984,7.896929314539301,0.33134388400188264,0.9212650657252048,0.9970640990361045
34,51,-6.378467888978758,6.57114928123977,0.08366899512073711,7.764150136812626,0.2909985351822229,0.9238242639223083,0.9972240770705333
34,52,nan,nan,nan,nan,nan,nan,nan
34,53,nan,nan,nan,nan,nan,nan,nan
34,54,nan,nan,nan,nan,nan,nan,nan
34,55,nan,nan,nan,nan,nan,nan,nan
34,56,nan,nan,nan,nan,nan,nan,nan
34,57,-6.174186877963796,6.737194100052418,0.0757534046246786,7.673210811746696,0.6202135783293203,0.9329550007214277,0.9977074655169514
34,58,nan,nan,nan,nan,nan,nan,nan
34,59,nan,nan,nan,nan,nan,nan,nan
34,60,nan,nan,nan,nan,nan,nan,nan
34,61,nan,nan,nan,nan,nan,nan,nan
34,62,nan,nan,nan,nan,nan,nan,nan
34,63,-5.542734843135657,5.810754474209723,0.05907745948817977,7.09008152969507,0.47025729594238014,0.9453369464383025,0.9981889024201483
34,64,-5.988542501305475,6.486546523828436,0.06496800733127914,7.899061547943936,0.51753841844413,0.9413560314791698,0.9976174531938112
34,65,-6.726781393500728,7.22478541602369,0.0712070623876579,8.34758639669593,0.4630723323267012,0.9361172206600947,0.9978999417509876
34,66,-6.279573850054828,6.758397478598124,0.06570841471044876,7.84290084753811,0.5319792742617749,0.9407533141668616,0.9981419398116715
34,67,-6.168200758310945,6.647024386854241,0.06387011248088266,7.634033143515786,0.5706677473208995,0.9423640200631953,0.9983380749126254
34,68,-6.844501640822937,7.342923198799006,0.06988577584193982,8.275374405449305,0.5182233248272583,0.9372396790420804,0.9982750421954127
34,69,nan,nan,nan,nan,nan,nan,nan
34,70,nan,nan,nan,nan,nan,nan,nan
34,71,nan,nan,nan,nan,nan,nan,nan
34,72,nan,nan,nan,nan,nan,nan,nan
34,73,nan,nan,nan,nan,nan,nan,nan
34,74,-7.49266387403361,8.096759857954796,0.07505057711706403,9.476078804859682,0.08341233758257127,0.933859571377943,0.9974417652019807
34,75,-7.5685801415502985,7.754156213156011,0.07159770989365855,9.094122289674306,0.024683355790594566,0.9342537855496644,0.9980503987971175
34,76,nan,nan,nan,nan,nan,nan,nan
34,77,nan,nan,nan,nan,nan,nan,nan
34,78,nan,nan,nan,nan,nan,nan,nan
34,79,nan,nan,nan,nan,nan,nan,nan
35,0,-3.2551023566615367,4.499357512986893,0.1005549187843851,5.395913514139219,0.316221762402177,0.9272704100359358,0.99180690674523
35,1,-2.655266823998682,4.871806359322559,0.1063144616294101,5.633317204265298,0.20905842518258583,0.9379137492677937,0.9893626653124067
35,2,-3.0935706419197175,5.266942938944229,0.110887330432436,5.925814751860285,0.5281865777018032,0.9302956481106515,0.9900759799280107
35,3,nan,nan,nan,nan,nan,nan,nan
35,4,nan,nan,nan,nan,nan,nan,nan
35,5,nan,nan,nan,nan,nan,nan,nan
35,6,nan,nan,nan,nan,nan,nan,nan
35,7,nan,nan,nan,nan,nan,nan,nan
35,8,-6.241805537398792,7.547898939903307,0.1351057863817482,8.993700834316622,0.4190276523444931,0.8911738980603406,0.9893160968453524
35,9,-6.377309525495536,7.551511942265254,0.13269196292413335,9.025804829629203,0.26864686037563007,0.8923709803070013,0.9899768968749234
35,10,-6.60133996228745,7.311717972607287,0.12502949569683955,8.785729455272874,0.3602978269008327,0.8927636465587938,0.9921697337050751
35,11,-7.13891188169624,7.403211662491637,0.12489818461608707,9.031542596366991,0.2965999724286489,0.887920998177266,0.9930495007757946
35,12,-7.0312325986993836,7.092015827753835,0.11894591243592727,8.709756624711801,0.11421502604131235,0.8923457922077532,0.9939054010279724
35,13,-6.95914756892902,6.95914756892902,0.11419188194223162,8.29050300107882,0.35446673619536506,0.8954915464336444,0.9954973659636807
35,14,-7.302257818078542,7.343708577074538,0.11867651484728876,8.623801832814705,0.24158565507789004,0.8923722944367593,0.9954916641485501
35,15,-6.959077422396715,7.000528181392711,0.11179297851569558,8.218417766820433,0.32696133036778907,0.8975636337220754,0.9960015017369848
35,16,-6.849658911687737,7.060682904174002,0.11147999564779644,8.208480536437547,0.10230261275144982,0.9008050351082646,0.9956797072234914
35,17,-6.173776493090372,7.003410038518235,0.1089758398586352,8.038169147922726,-0.13523862571760437,0.9098684948764733,0.9945055259203368
35,18,-5.591359936411431,6.420993481839295,0.09885688290106795,7.442449014103465,0.13889002193232325,0.9182571957573658,0.99505713105871
35,19,-5.501150217119797,6.289333003551664,0.09618747707151071,7.402690091677394,0.1869283372553298,0.9197204542623685,0.9950452323124335
35,20,nan,nan,nan,nan,nan,nan,nan
35,21,nan,nan,nan,nan,nan,nan,nan
35,22,nan,nan,nan,nan,nan,nan,nan
35,23,nan,nan,nan,nan,nan,nan,nan
35,24,nan,nan,nan,nan,nan,nan,nan
35,25,-6.703368659695998,7.262689966338985,0.11055659694653629,8.319681493165096,-0.19030863969075867,0.905998017469818,0.9951664128153582
35,26,-6.5173504372785,6.862422153021481,0.10463441760936931,7.835583641615431,-0.09793434357822872,0.9090027991034377,0.9961801163128877
35,27,-6.521459184091274,6.719411643828391,0.10199740589779455,7.69201836169979,0.2729058031640457,0.9090470493288728,0.9966930446202199
35,28,-5.985510722848813,6.485961729464585,0.09877919242559828,7.706001438443512,0.20477381955596952,0.9140603528462881,0.9953663625317305
35,29,-5.257051159672078,6.081819931070591,0.09252004887813685,7.321469875013954,0.2792045353638008,0.9225497203998076,0.9948581154498558
35,30,-3.832781792624395,5.2288062184551825,0.07882815622951925,6.425236512903263,0.4108155117486529,0.9405700514161802,0.9946563795219103
35,31,-4.081281331164583,5.676726259491486,0.08528802774788316,6.878405482491552,0.5085407418949007,0.9361468154654097,0.9939344687709815
35,32,-4.037171903435094,5.6326168317619985,0.084683815876521,6.840342277426099,0.47563182002435594,0.9369413741125611,0.9939578583597465
35,33,-5.010567189989306,6.169290962318092,0.09271190612477134,7.316814490307418,0.5567906774820442,0.924287937348195,0.9945301980772734
35,34,-6.414777175324923,7.185453332253315,0.10882602023845023,8.522205534552503,0.3737973862211478,0.9070380754548797,0.9940498847136189
35,35,-6.893072859985486,7.246052969952661,0.10989617022409771,8.6724487069052,0.31341332034837677,0.902264258842461,0.9947470010564758
35,36,-6.276868784932777,6.675876636912994,0.10131460614157371,8.319770188146881,0.09517942242042865,0.91022770552476,0.9942075186510383
35,37,-5.672083739051728,6.137732360979101,0.0933276698009315,7.863803733244308,-0.10564350637826342,0.9182226429217182,0.9941355847392285
35,38,-5.874315458585638,6.3399640805130115,0.0955164901136662,7.880287484946646,-0.05160782201715408,0.9165908765906591,0.994647539635838
35,39,-5.693929710787197,6.15957833271457,0.09119454116722807,7.248871855634745,0.19454622441482747,0.9197016014009955,0.9962087345135715
35,40,-5.903104900709975,6.257278898709938,0.09193282904387858,7.347195580913468,0.18144075236642065,0.9179109760385576,0.9964537760083095
35,41,-6.353560341158438,6.462286094649246,0.09457186728483404,7.417470137800009,0.2712843394327112,0.9134507164592321,0.9973160860185367
35,42,-7.6310693587329546,7.673154342276607,0.11092404320811855,8.753329417014672,0.27961803126022317,0.8987256120902591,0.9968205121562275
35,43,-7.197516919087442,7.289123952762778,0.10431492453978519,8.569797984630972,0.2467600455404811,0.9042666839800617,0.9963063724927305
35,44,-6.516204335371034,6.60781136904637,0.093461063277453,8.113280534846947,0.24049482571881586,0.913587697911509,0.9960258594729084
35,45,-6.596079510174425,6.963701130612779,0.09718623232911643,8.391119702245597,0.26177078071437876,0.9133371144488104,0.9955574592217301
35,46,-6.893604097572612,7.354484096378659,0.10058832783981471,8.747517306694274,0.27525397561393355,0.9109784755069052,0.9954505940467618
35,47,-6.875570473898483,7.336450472704529,0.09818612798213149,8.62009047002898,0.483360995935605,0.9121846793057985,0.9959781087005997
35,48,-6.195372159270631,6.606730107944992,0.08713403038799072,7.945226314757991,0.4575730299069012,0.9216752549099456,0.9963418310536959
35,49,-6.532983799132147,6.944341747806508,0.0902946097722419,8.258510741047685,0.4768352267151428,0.919154510901867,0.9963524542481793
35,50,-6.286796217425372,6.721004900905648,0.08611666571526098,8.057788910138077,0.25446883709239965,0.9236913535007304,0.9963660405552273
35,51,-6.244346919251277,6.647137733611519,0.08375714290979971,8.11814330588737,0.278329587380033,0.9250835855217222,0.9962802519364979
35,52,nan,nan,nan,nan,nan,nan,nan
35,53,nan,nan,nan,nan,nan,nan,nan
35,54,nan,nan,nan,nan,nan,nan,nan
35,55,nan,nan,nan,nan,nan,nan,nan
35,56,nan,nan,nan,nan,nan,nan,nan
35,57,-6.0042198691271915,6.816774014546841,0.07517996878319036,7.786005019688129,0.6851161279813912,0.934800879043072,0.9973921159539203
35,58,nan,nan,nan,nan,nan,nan,nan
35,59,nan,nan,nan,nan,nan,nan,nan
35,60,nan,nan,nan,nan,nan,nan,nan
35,61,nan,nan,nan,nan,nan,nan,nan
35,62,nan,nan,nan,nan,nan,nan,nan
35,63,-5.927058293098415,5.927058293098415,0.059735155540988225,7.025657432777973,0.4967664230351851,0.9431811540622608,0.9986895049893784
35,64,-5.712808151226596,6.108978698182896,0.060555932969851574,7.5152830815918925,0.4682621219821135,0.9449271377932255,0.9978830463923803
35,65,-6.522901600557025,6.919072147513325,0.06737615393044644,8.199129867245636,0.4039046112141022,0.9385508223549323,0.9979202017289222
35,66,-6.143838082936452,6.540008629892753,0.06252434637069411,7.741827899195384,0.6053299088607313,0.9424934923051714,0.998200304751928
35,67,-6.793074261184284,7.189244808140585,0.0682800316544976,8.3862828538151,0.6208299924907388,0.9372017933063105,0.9980923360148239
35,68,-7.481837333145498,7.897605809534573,0.07453707822588969,8.966814294029975,0.5188260848660451,0.9322235858572846,0.9981096146004013
35,69,nan,nan,nan,nan,nan,nan,nan
35,70,nan,nan,nan,nan,nan,nan,nan
35,71,nan,nan,nan,nan,nan,nan,nan
35,72,nan,nan,nan,nan,nan,nan,nan
35,73,nan,nan,nan,nan,nan,nan,nan
35,74,nan,nan,nan,nan,nan,nan,nan
35,75,nan,nan,nan,nan,nan,nan,nan
35,76,nan,nan,nan,nan,nan,nan,nan
35,77,nan,nan,nan,nan,nan,nan,nan
35,78,nan,nan,nan,nan,nan,nan,nan
35,79,nan,nan,nan,nan,nan,nan,nan
36,0,-2.747809609972528,3.992064766297883,0.08627534189132752,4.829030478609076,0.5519721637540604,0.9374105940185326,0.993297090546868
36,1,-2.4860965246006606,4.7026360599245365,0.09912451285238065,5.482336631815342,0.4997632019359684,0.9406414220093117,0.9902642412708114
36,2,-3.0455022847722613,5.218874581796773,0.10676513390226909,5.946274104471251,0.6407980039314385,0.9315875927784801,0.990474317181497
36,3,nan,nan,nan,nan,nan,nan,nan
36,4,nan,nan,nan,nan,nan,nan,nan
36,5,nan,nan,nan,nan,nan,nan,nan
36,6,nan,nan,nan,nan,nan,nan,nan
36,7,nan,nan,nan,nan,nan,nan,nan
36,8,-8.023205589781359,8.643201477573612,0.15238678769020228,9.853171005696808,0.44209857123471835,0.8704959671622444,0.9922252957277445
36,9,-7.4862430150021915,8.106238902794443,0.13993300956660282,9.46197997468966,0.33150990813370707,0.880435497586493,0.9922130056168241
36,10,-7.428407823138689,7.5845793044810605,0.12784834251681584,8.956785413943972,0.3680874959498506,0.8854212223864771,0.9943093423600818
36,11,-7.128327102223327,7.284498583565698,0.12167157589771824,8.957392611628407,0.3085611035428921,0.890539071042847,0.9933550368918252
36,12,-6.384378067583385,6.4451612966378375,0.1067466600734006,8.182991602017077,0.1559826610344698,0.9030146530795289,0.9939998491544261
36,13,-6.290654236511988,6.290654236511988,0.10173143101948008,7.7855591873340435,0.31327733458000967,0.9062946966726673,0.9953621593238173
36,14,-7.253716193754947,7.253716193754947,0.11613667344972546,8.62128887619931,0.06855579322278553,0.8949646989154422,0.9953450173971423
36,15,-7.077591938988182,7.077591938988182,0.11199348601485383,8.315804399879118,0.18667967349470208,0.8977107875460658,0.9960281763333161
36,16,-6.904974384070614,7.074547617560882,0.11068265016071262,8.194965689854504,-0.023576259255921824,0.9014807560362502,0.9959239537959753
36,17,-6.1694561101961645,6.958169897929668,0.10759880106269464,8.02867335926764,-0.2651107481376416,0.9106032968887217,0.9945901817692994
36,18,-5.568823864902353,6.357537652635858,0.09723363896304148,7.383641190144447,0.05226899204490488,0.9191196482571795,0.9952416409165318
36,19,-4.822388517698836,5.611102305432341,0.08476072082248902,6.774811886754163,0.22308797844223124,0.9290377707815493,0.9954839407761092
36,20,-4.331803786497909,5.377127034059177,0.08042161206818348,6.505861261925641,0.18065843144026653,0.9358648147512485,0.9953464607982425
36,21,-4.504119427448025,5.5941190324190275,0.08301803744232478,6.584173426241565,0.33169038375279264,0.9337339579689079,0.9955371042539661
36,22,-4.931056606478656,5.743874754912477,0.08545832238221335,6.68179220367414,0.28573745874543804,0.9288881431648162,0.9960574553546938
36,23,-4.870893141133358,5.817933898686642,0.08667613099119553,6.8025549270058345,0.06752180416089566,0.9298416871269535,0.9955890518545463
36,24,-4.654271086968687,5.6650416951396245,0.08413858574856287,6.589667131922511,0.07859863222489469,0.9327976517032514,0.9957529136466106
36,25,-5.5361920258224355,6.29035317416561,0.09419856438374107,7.338476827508189,0.07708818315204052,0.9215453489616685,0.9954721761335648
36,26,-5.331849200997278,5.871760758440447,0.08822937269629406,6.859614208124667,0.014291481643337909,0.9249442933128963,0.996303481168435
36,27,-6.1449726833731395,6.342925143110255,0.09507596327763704,7.394052558563952,0.2679580584008244,0.9148317119773033,0.9967040572166407
36,28,nan,nan,nan,nan,nan,nan,nan
36,29,nan,nan,nan,nan,nan,nan,nan
36,30,nan,nan,nan,nan,nan,nan,nan
36,31,nan,nan,nan,nan,nan,nan,nan
36,32,nan,nan,nan,nan,nan,nan,nan
36,33,-4.623116036636629,5.7745117253851594,0.08562446588017232,6.975802975918383,0.4805033554019129,0.930985100135854,0.9948197706813247
36,34,-5.235140554363607,6.138542642011532,0.09098640687078632,7.171654527352744,0.3262626468581263,0.9247153192584434,0.9954697206992063
36,35,-5.701083104518286,6.186789145204995,0.0920596043688513,7.381469131053917,0.2223736769786205,0.919497733871922,0.9958074775518139
36,36,-5.011324730092222,5.7424790152880885,0.08532715721769409,7.011124272888977,0.1478822720067615,0.9280753473645403,0.9953626668471152
36,37,-4.912252150881667,5.595330040850124,0.08359089171710482,6.790394631717308,-0.02309897531155511,0.9300706305450436,0.9956785705022019
36,38,-4.842720830916015,5.448423467143175,0.08065609132215731,6.5166755354374555,0.14739795682781806,0.9314464778992662,0.996320239525311
36,39,-5.36584638527356,5.932973017692472,0.08744361000777114,7.077037122775288,0.17085744116194512,0.9247597357306617,0.9959631846983672
36,40,-5.701727305904444,6.157379314395946,0.08989230889725487,7.1767932603128894,0.14227094561737255,0.9218915671538912,0.996455329551507
36,41,-6.2608563815474225,6.471060145529768,0.09348337660997011,7.448818526464871,0.38358877643309697,0.9159560597524485,0.9970535600549879
36,42,-7.520259768614608,7.663822762649798,0.10955261783974271,8.774557908656188,0.24101479972499393,0.9016838604991144,0.9964627814724191
36,43,-7.05647892549194,7.331167940200257,0.10391335998052637,8.660315589018436,0.035320542075257554,0.9074615644078431,0.9956958017846665
36,44,-6.646593292412107,6.8198042966288845,0.09555557733772614,8.29082226077332,0.09467742796131823,0.913142715106266,0.9958898434813953
36,45,-6.9058765862326705,7.037002606905796,0.09727744187005101,8.518841199333448,0.26069833996841024,0.9111503500804637,0.995973051302612
36,46,-7.075151325656684,7.206277346329809,0.09810828981876504,8.664333475207087,0.24681260348464637,0.910470554857029,0.9960785974009183
36,47,-7.087485734604693,7.218611755277821,0.09594838616219628,8.572340622079876,0.47351032779973234,0.9112988492801489,0.9965732491736436
36,48,-6.774933093635286,6.774933093635286,0.08881856779097756,8.05980122257004,0.36011387821990154,0.9171047366012036,0.9971845224900521
36,49,-7.066695985958859,7.066695985958859,0.09120054923345794,8.336158309735048,0.3349173263029168,0.9153588894993325,0.9971956162592915
36,50,-6.670042639497387,6.880152061596616,0.08752377421000532,8.141626102176827,0.12697922386006238,0.9209277714461774,0.9969028299936452
36,51,-6.744193735400997,6.954303157500224,0.08684695753043609,8.261648287852756,0.3147275714040863,0.9210561250301719,0.996909381971351
36,52,nan,nan,nan,nan,nan,nan,nan
36,53,nan,nan,nan,nan,nan,nan,nan
36,54,nan,nan,nan,nan,nan,nan,nan
36,55,nan,nan,nan,nan,nan,nan,nan
36,56,nan,nan,nan,nan,nan,nan,nan
36,57,-6.764664285492157,7.577218430911806,0.08278692042673388,8.460943180244398,0.5893790915939553,0.9285231674407842,0.9973458312122995
36,58,nan,nan,nan,nan,nan,nan,nan
36,59,nan,nan,nan,nan,nan,nan,nan
36,60,nan,nan,nan,nan,nan,nan,nan
36,61,nan,nan,nan,nan,nan,nan,nan
36,62,nan,nan,nan,nan,nan,nan,nan
36,63,-6.684962897171183,6.684962897171183,0.06663579579321856,7.831323327728134,0.502802716463017,0.9367201995507272,0.9985284122578421
36,64,-7.220431144733296,7.220431144733296,0.07070082928857477,8.820439331842712,0.6317672641846188,0.9317365388494648,0.9978766550567966
36,65,-8.202197177964358,8.202197177964358,0.07922329884840408,9.47276460188093,0.6024801787429143,0.9247063758817794,0.9982238559755577
36,66,-7.474243562542176,7.474243562542176,0.07120987442496307,8.838133783886784,0.608978534666691,0.9316875157932676,0.998257206118949
36,67,-8.332512796317271,8.332512796317271,0.07872404139539718,9.674320066242462,0.6463252293717887,0.9249766471394684,0.9981753925501625
36,68,-8.85064120790119,8.87023913733396,0.08263689243246079,10.283544699074909,0.667409953584571,0.9215140154537549,0.9980095321326345
36,69,nan,nan,nan,nan,nan,nan,nan
36,70,nan,nan,nan,nan,nan,nan,nan
36,71,nan,nan,nan,nan,nan,nan,nan
36,72,nan,nan,nan,nan,nan,nan,nan
36,73,nan,nan,nan,nan,nan,nan,nan
36,74,nan,nan,nan,nan,nan,nan,nan
36,75,nan,nan,nan,nan,nan,nan,nan
36,76,nan,nan,nan,nan,nan,nan,nan
36,77,nan,nan,nan,nan,nan,nan,nan
36,78,-7.224414577277284,7.4573150482381765,0.066070178608136,8.690439343493866,0.41056564825267916,0.9385485733397859,0.9983735605816716
36,79,-7.402417059752077,7.402417059752077,0.06533930122885133,8.480987592171422,0.6189461937353883,0.937419731533493,0.9988350505197753
37,0,-2.356728568119128,4.036933336675264,0.08566262450409003,4.873429629729296,0.2769633281491061,0.9461388688312224,0.9924563399812448
37,1,-2.202150323591351,4.672452931471629,0.09692912929887516,5.432500576769085,0.3865050787335968,0.9471601938502625,0.9902157648977111
37,2,-2.8350628454071174,5.080011675313651,0.10267325747676566,5.874395250737207,0.5792914857479297,0.9368406261141827,0.9905111119059142
37,3,nan,nan,nan,nan,nan,nan,nan
37,4,nan,nan,nan,nan,nan,nan,nan
37,5,nan,nan,nan,nan,nan,nan,nan
37,6,nan,nan,nan,nan,nan,nan,nan
37,7,nan,nan,nan,nan,nan,nan,nan
37,8,-8.055762622692612,8.226016641019067,0.14282755794664026,9.512671307266814,0.412479663208704,0.8743731709401221,0.9938837118556728
37,9,-7.594396034356509,7.764650052682964,0.132205590212823,9.176615733726994,0.18286280005801075,0.8827884155281052,0.9937916099293237
37,10,-7.174570307195429,7.344824325521883,0.12169366479758711,8.708020956787468,0.3599812331859571,0.8903921670887274,0.9945874853924639
37,11,-7.187169306199164,7.247952535253616,0.11892956461240058,8.831117197302458,0.3636618334398473,0.8920463651659372,0.9942119844900091
37,12,-6.383413306313521,6.444196535367971,0.10399795767486415,8.340660179708763,0.33752501365793913,0.9033054551934983,0.99380887233999
37,13,-5.9313592964911095,5.9313592964911095,0.09359122912504135,7.524441058867274,0.48385746869846274,0.9117792480719759,0.9955229582350754
37,14,-6.839063949293056,6.839063949293056,0.10706291043093717,8.33386807814995,0.21708305759940363,0.9013384273454806,0.9953729730363318
37,15,-6.6728082225092225,6.6728082225092225,0.10334453542845073,8.024957337652012,0.299259045490739,0.903980901644209,0.9960373668685196
37,16,-6.701037031861388,6.870610265351656,0.10619336960627519,8.145753076681283,0.11472218729214784,0.905347753420444,0.9956010685193822
37,17,-5.8237707571258674,6.612484544859371,0.10077439100428792,7.623105245184764,-0.0460134740042303,0.9167312409157949,0.9951414549665698
37,18,-5.916693198708869,6.705406986442374,0.1011814873131041,7.7211382382150555,0.23121803790524145,0.9159758570750081,0.9951955090155878
37,19,-5.580355174382439,6.369068962115944,0.09513805343878479,7.398765831083508,0.2967680273803584,0.9204789962710962,0.9954755678449684
37,20,-4.941335620865035,5.986658868426303,0.08854035502838636,7.00810657434344,0.25023068810208543,0.9290162656445241,0.9953128008260805
37,21,-5.4396002959872405,6.529599900958244,0.09578509430834765,7.3057674252565725,0.36793618175401077,0.9226023799905602,0.9956230404655613
37,22,-5.759117801775874,6.571935950209695,0.09617902137699459,7.339730628697946,0.4619297582425573,0.9193800967757616,0.9962184249673006
37,23,-5.3014517641295535,6.248492521682837,0.09160306142340784,7.073000598657525,0.3582251011273186,0.9254904779243451,0.9959062035509907
37,24,-4.786980165084957,5.8484857357924485,0.085271738282022,6.723511930138225,0.3577020060523043,0.9319984114352724,0.9958471037664455
37,25,-5.805926508839003,6.610822619718731,0.09718640153217056,7.585652421243181,0.2962702999072715,0.9193951091089695,0.995559711395577
37,26,-5.315890994484465,5.906537514464187,0.08717048728281261,6.897683078653208,0.3400656859095766,0.926243449949813,0.9963212874195939
37,27,-5.284379790604748,6.16078678515694,0.09052726696917196,7.15988448655744,0.18187454497165959,0.9263565083258946,0.995538857991838
37,28,nan,nan,nan,nan,nan,nan,nan
37,29,nan,nan,nan,nan,nan,nan,nan
37,30,nan,nan,nan,nan,nan,nan,nan
37,31,nan,nan,nan,nan,nan,nan,nan
37,32,nan,nan,nan,nan,nan,nan,nan
37,33,-5.374682797118387,6.1428157925989675,0.08943766368708593,7.270123364438223,0.46922902781899856,0.9236287506701885,0.9956891883620727
37,34,-5.719479491667873,6.3607856919163295,0.09263772854913079,7.38695773592074,0.4246364182178115,0.920151669363954,0.9960683148702653
37,35,-5.859028268306431,6.3447343089931385,0.09294683183560722,7.558691796263389,0.2349851335024731,0.9186158632215591,0.9958071692527678
37,36,-5.132581652432844,5.863735937628709,0.08606142655917638,7.212028281298646,0.07646828787587129,0.9274252456720952,0.9951984474470034
37,37,-4.447234632654782,5.13031252262324,0.07557309577237907,6.444579336154068,-0.021132714373302365,0.9371280491320981,0.9958311574188699
37,38,-4.533672585378053,5.139375221605214,0.07474909998962637,6.343546734359223,0.24479266290661109,0.9362809408244667,0.9963260645379406
37,39,-5.013927564632611,5.581054197051522,0.0809556862474738,6.852568659567084,0.1848622968447091,0.9302119657366221,0.995985625833868
37,40,-4.8695357142097375,5.915225729220497,0.08472730222357576,7.047049955942206,0.00588904830193893,0.9322833973563794,0.995278478556483
37,41,-5.685546038821047,6.48578780932265,0.09175494864022282,7.521253025751038,0.31771494277652096,0.9230115297449066,0.9957693513167766
37,42,-6.851212254271402,7.584813254825849,0.10639008315392333,8.519011331443071,0.2119183281228948,0.9101191149259734,0.9956878732839937
37,43,-5.997450812708796,6.862177833936369,0.09532302646897778,7.954641978054771,0.12524051442583095,0.9207086319257698,0.9954428133246127
37,44,-5.522668286935209,6.285917297671244,0.08629853438962004,7.523906788390878,0.2178587510251268,0.9271584376459385,0.9957237056945829
37,45,-6.041388510251107,6.172514530924234,0.08357166991996286,7.563098511274667,0.3773376989757588,0.9227680682985627,0.996730181672862
37,46,-5.52177983146225,5.821875255278651,0.0775992995914574,7.283601703356003,0.31778585271486964,0.9296349472084693,0.9964908879793951
37,47,-5.6172210918614125,5.917316515677814,0.07680008140882733,7.171660276496128,0.5915673948089674,0.9293639624951904,0.9971031022651793
37,48,-5.728618510052681,5.897587913195958,0.07560601979712743,7.098940768707702,0.5086552402155835,0.9300292790565108,0.997468433220835
37,49,-6.126610171386151,6.295579574529424,0.07930799639198298,7.503327180057646,0.4486453050071745,0.9269098078628298,0.9974008406996047
37,50,-5.92867201785039,6.307750843092893,0.0784113812576946,7.398240559096405,0.36477280121164746,0.93019228042246,0.9973205879760624
37,51,-6.400063604126819,6.610173026226046,0.08077174862496768,7.68841143864546,0.4585629242757374,0.9261547370623684,0.997631328605135
37,52,nan,nan,nan,nan,nan,nan,nan
37,53,nan,nan,nan,nan,nan,nan,nan
37,54,nan,nan,nan,nan,nan,nan,nan
37,55,nan,nan,nan,nan,nan,nan,nan
37,56,nan,nan,nan,nan,nan,nan,nan
37,57,-7.6842264216555165,8.625630191328916,0.09331224616711509,9.593080392468835,0.5356855176918228,0.9203431791116368,0.996727909151869
37,58,nan,nan,nan,nan,nan,nan,nan
37,59,nan,nan,nan,nan,nan,nan,nan
37,60,nan,nan,nan,nan,nan,nan,nan
37,61,nan,nan,nan,nan,nan,nan,nan
37,62,nan,nan,nan,nan,nan,nan,nan
37,63,-7.379404777573363,7.379404777573363,0.07266897362883125,8.836056832371062,0.5220379941958327,0.9305102550983784,0.9980129159657429
37,64,-8.185084536480248,8.185084536480248,0.07922155962264961,9.910957290739834,0.5264798432491502,0.9242042654542317,0.9975042152125486
37,65,-8.739861443277414,8.739861443277414,0.08375418535320404,10.138651981725427,0.4123622454025852,0.9211278819960845,0.9979250594255961
37,66,-8.346088561208969,8.346088561208969,0.0790622414107048,9.868643225753548,0.39027403846902364,0.9251420906263279,0.9978507487253512
37,67,-8.230007836728896,8.47689166196062,0.07937536049537669,9.896159775601681,0.3069341498398753,0.9269051940305145,0.9976816715199193
37,68,-8.562432295143767,8.957603209629626,0.08282676192267234,10.449725474498889,0.2983838272591572,0.9247279626938115,0.9973323284774456
37,69,nan,nan,nan,nan,nan,nan,nan
37,70,nan,nan,nan,nan,nan,nan,nan
37,71,nan,nan,nan,nan,nan,nan,nan
37,72,nan,nan,nan,nan,nan,nan,nan
37,73,nan,nan,nan,nan,nan,nan,nan
37,74,nan,nan,nan,nan,nan,nan,nan
37,75,nan,nan,nan,nan,nan,nan,nan
37,76,nan,nan,nan,nan,nan,nan,nan
37,77,nan,nan,nan,nan,nan,nan,nan
37,78,-7.110091287868832,7.702581446934154,0.06744144993052,8.796827068693052,0.19126862916477472,0.9399822653097596,0.9981606445928349
37,79,-7.7503824312697045,8.109972119374136,0.07091440100703121,8.960818958598713,0.33871057786495046,0.935415225808712,0.9986322237676901
38,0,-4.223780316515062,5.647991031977831,0.11610200854342509,6.663493975251676,0.6166425560184131,0.9095801615430081,0.9905622359876319
38,1,-4.604163433126076,6.441489813175503,0.1294237109508083,7.523032657249961,0.6634385991524674,0.9015220647221217,0.9882389093876532
38,2,-4.620269320195652,6.232241922271335,0.12253445968104863,7.322618079708528,0.6451814565645083,0.9069271536623691,0.9898495061950606
38,3,nan,nan,nan,nan,nan,nan,nan
38,4,nan,nan,nan,nan,nan,nan,nan
38,5,nan,nan,nan,nan,nan,nan,nan
38,6,nan,nan,nan,nan,nan,nan,nan
38,7,nan,nan,nan,nan,nan,nan,nan
38,8,nan,nan,nan,nan,nan,nan,nan
38,9,nan,nan,nan,nan,nan,nan,nan
38,10,nan,nan,nan,nan,nan,nan,nan
38,11,nan,nan,nan,nan,nan,nan,nan
38,12,-6.885422853086933,6.9462060821413845,0.10798358300157983,8.488744764360419,0.5554887236414934,0.8992703002442736,0.9951832539230733
38,13,-6.709792939226254,6.709792939226254,0.10292408580888748,8.124128059346894,0.5351182906534208,0.903450535151379,0.9959582552056083
38,14,-7.293291095647407,7.293291095647407,0.11096574925055774,8.715495844898742,0.3336365265579921,0.8970279203281314,0.9957120748192041
38,15,-6.986348324634168,6.986348324634168,0.10552561288858373,8.24386014235109,0.48643695432138956,0.9013365688334791,0.9964497916494374
38,16,-6.548999287099727,6.718572520589998,0.10118596204493951,8.055534301728859,0.26574649388500776,0.9082312136898361,0.9957662386497732
38,17,-5.517398174912099,6.306111962645604,0.0947194384693704,7.458713090648157,0.1693066761661032,0.9215586807545008,0.9950943527599346
38,18,-5.917183057641482,6.705896845374987,0.10000383318227843,7.793167685715511,0.30134456764936973,0.9168391092973327,0.9951124469818344
38,19,-5.789857672232878,6.5785714599663825,0.09712811377203348,7.642682247613844,0.37186787344820843,0.9187296483615952,0.9953731977082985
38,20,-5.35911444839423,6.4044376959554965,0.09374536178796106,7.53654273125247,0.23834104267011727,0.9242626106499341,0.9948505218877873
38,21,-5.965535559095185,7.055535164066189,0.10251080020989997,7.881565518759413,0.36819804673921286,0.9168781192520686,0.995278930976939
38,22,-6.4600411441230285,7.27285929255685,0.10509849446711193,8.006969857728121,0.48719763431992597,0.9117601587046699,0.9960909033453742
38,23,-5.947708956416709,6.894749713969993,0.09925388345630162,7.831559000819547,0.3896605743552386,0.9180067461109621,0.9954347985865563
38,24,-5.306880881743236,6.368386452450727,0.09100883490405859,7.2840218271489965,0.4912180733944618,0.9260067109423767,0.9956393309633684
38,25,-6.152871563820076,6.957767674699803,0.10048005153405849,7.910043483587637,0.4331819387288416,0.9161545427275977,0.9956199113475228
38,26,-5.412459433594495,6.003105953574216,0.08694034637696642,7.123423686154322,0.4452220370609427,0.9255894666262209,0.9961182845322947
38,27,-5.490233390527903,6.366640385080094,0.09227956918055799,7.417482522253672,0.11833464887292118,0.9247004390582394,0.9954157683537207
38,28,nan,nan,nan,nan,nan,nan,nan
38,29,nan,nan,nan,nan,nan,nan,nan
38,30,nan,nan,nan,nan,nan,nan,nan
38,31,nan,nan,nan,nan,nan,nan,nan
38,32,nan,nan,nan,nan,nan,nan,nan
38,33,-6.281031474194926,6.566026572929854,0.09394167639521755,7.582359091077382,0.5829087404096907,0.914515375251691,0.9969366626151765
38,34,-6.135299751359646,6.467446184575294,0.0922059640821392,7.473860454322675,0.46923219747018435,0.9169365477089326,0.9968753084261813
38,35,-5.8295793830754015,6.16172581629105,0.0887938224438243,7.3231309324239175,0.37588773359427147,0.9202037004215521,0.9965094756116399
38,36,-5.076923593995241,5.654518271720047,0.08163334049910716,6.91620482934012,0.2525468768352404,0.9291642503560102,0.9960022867772956
38,37,-4.66828450939504,5.197802791892439,0.07500861055943893,6.351662463137787,0.20753747800327738,0.9351442574861419,0.9965938147839625
38,38,-4.759074762967938,5.211217791724039,0.07401460665477329,6.303397647245552,0.4277569706426349,0.9344995110589817,0.9969795333934974
38,39,-5.056781447504667,5.470348472452518,0.07789496548829117,6.687076334925608,0.3620485163398231,0.9308977604969834,0.9966061811160685
38,40,-4.411559478615247,5.609487959307114,0.0787291570242587,6.777842017041526,0.09893794357118937,0.9389435583202386,0.9953444595779484
38,41,-5.390831489455305,6.343311725638016,0.08776185061731988,7.534523506817471,0.30584190817147067,0.9274144879401232,0.9953689806428129
38,42,-5.722472028532668,6.608311494768225,0.09062987794032978,7.689993888906772,0.20418397082849027,0.9247006383894338,0.9956814322308218
38,43,-4.727539548775713,5.744505035684394,0.07813786596267573,6.951420389236381,0.229902803065483,0.9369589056710105,0.9957558953479082
38,44,-4.490699542691818,5.425447922469354,0.07300498953842263,6.661758821684278,0.33974532193474855,0.9407389991172769,0.9961162748523227
38,45,-5.076471804282904,5.226858728316427,0.06931907434111022,6.646679323390944,0.45487477999796644,0.9353700607780581,0.9971508490290846
38,46,-4.190758029344359,4.5101143565211546,0.05916764883775797,5.905194671524274,0.4530885771742379,0.9467481601582834,0.9973187954198922
38,47,-5.09732147413313,5.416677801309927,0.06941196541684824,7.031950847043646,0.5314955252389365,0.9358678408014218,0.9966183748736112
38,48,-5.479792806083294,5.668023112586964,0.07181449064361542,7.187370003914887,0.3990972244089762,0.9335361673094026,0.9969426268801577
38,49,-5.6031145278050465,5.772083930948321,0.07174987647960829,7.1703283557207405,0.38122980141414986,0.9332984311671613,0.9972780634059725
38,50,-5.628849403601317,6.007928228843818,0.07386050992660835,7.196683955344779,0.2564566120541547,0.9342621242676798,0.9972965019314735
38,51,-6.64674223515269,6.856851657251916,0.08267046065601288,7.9905247637895,0.4298807930557648,0.9244693773205823,0.9975139218773024
38,52,nan,nan,nan,nan,nan,nan,nan
38,53,nan,nan,nan,nan,nan,nan,nan
38,54,nan,nan,nan,nan,nan,nan,nan
38,55,nan,nan,nan,nan,nan,nan,nan
38,56,nan,nan,nan,nan,nan,nan,nan
38,57,-7.596813705448281,8.21160994848381,0.088098080897416,9.276362791349548,0.5881079439374892,0.9218067851515086,0.9972404301979162
38,58,-8.05207008125928,8.666866324294809,0.09170405603288113,9.666909319458387,0.5008216203047453,0.9193111164280086,0.9972872708275927
38,59,-8.868481487509218,8.987133687282322,0.0937910246954442,9.942783429543997,0.5337219329796236,0.9138925126218369,0.9981487476919808
38,60,-7.996730653806631,8.115382853579735,0.08329955139454392,9.518358648947695,0.2832550891447399,0.9226675215756436,0.9975785945876647
38,61,-7.975398729475928,8.09405092924903,0.08168301167083503,9.43005930238352,0.438859334651787,0.9238235395077995,0.9977907490826377
38,62,-8.0709714614645,8.0709714614645,0.0799241789156851,9.43031658940795,0.48433896316933456,0.9243245427966654,0.9979998687844768
38,63,-7.74508270610605,7.74508270610605,0.0756215296526767,8.99664972790591,0.5414115019603966,0.9281883257767928,0.9982754218345142
38,64,-8.176252089537313,8.176252089537313,0.07847593714645199,9.758139382814772,0.4991272329247355,0.9252815850064863,0.9977565638218049
38,65,-9.100276264169386,9.100276264169386,0.08660637004189485,10.278952069519145,0.37340149476374107,0.9193789678602418,0.9982092255709935
38,66,-9.313191702706511,9.313191702706511,0.08748432723307709,10.897395649996469,0.29574253757917146,0.9179693266488805,0.9975851186329627
38,67,-8.929892012689118,9.176775837920841,0.08522091084562686,10.774025743788917,0.19679946574277357,0.9218227823775857,0.9972792981600102
38,68,-9.14223963928489,9.537410553770748,0.08742264268400543,11.269478365691233,0.14944968599127517,0.9206467792307602,0.9968512482564997
38,69,-9.36120106002915,9.75637197451501,0.08837516865540054,11.119171353478814,0.25935077448496097,0.9200322943494952,0.9974594249371831
38,70,-9.77390903759478,10.16907995208064,0.09136258695734922,11.731898489409165,0.18934097227560998,0.9171572510193777,0.997101040069596
38,71,-9.289328053293406,9.684498967779266,0.08646464805404362,11.08792819239213,0.23959227951246287,0.9214790837398558,0.9974913432913345
38,72,-8.281192571126718,8.6195559500474,0.0764877237831173,10.354133187957645,0.3099263386727176,0.9292971477278329,0.9973615578883978
38,73,nan,nan,nan,nan,nan,nan,nan
38,74,nan,nan,nan,nan,nan,nan,nan
38,75,nan,nan,nan,nan,nan,nan,nan
38,76,nan,nan,nan,nan,nan,nan,nan
38,77,nan,nan,nan,nan,nan,nan,nan
38,78,nan,nan,nan,nan,nan,nan,nan
38,79,nan,nan,nan,nan,nan,nan,nan
39,0,-3.952308590688133,5.376519306150901,0.1075560944370249,6.472255471348472,0.7008069440604224,0.9160211873456072,0.9911174425319926
39,1,-4.91650505393862,6.115361991427644,0.11991742788911054,7.302669000206638,0.7254232069432547,0.9007832786219551,0.9909522317600645
39,2,-4.373812143121698,5.953449845601174,0.1143048200677965,7.144948620962158,0.5573893584702988,0.9138276633478374,0.990094877099627
39,3,nan,nan,nan,nan,nan,nan,nan
39,4,nan,nan,nan,nan,nan,nan,nan
39,5,nan,nan,nan,nan,nan,nan,nan
39,6,nan,nan,nan,nan,nan,nan,nan
39,7,nan,nan,nan,nan,nan,nan,nan
39,8,nan,nan,nan,nan,nan,nan,nan
39,9,nan,nan,nan,nan,nan,nan,nan
39,10,nan,nan,nan,nan,nan,nan,nan
39,11,nan,nan,nan,nan,nan,nan,nan
39,12,-5.729479468737756,6.485636160403756,0.09934133025417564,8.032832249922103,0.2992612051494126,0.9154458734896015,0.9936914065503384
39,13,-5.808827473365819,6.07980593598835,0.09129633023062914,7.563689211791331,0.3141626713849583,0.9167703639303675,0.9954644994736043
39,14,-6.257424274181205,6.528402736803737,0.09752361086380429,8.024580331581367,0.14735552582020603,0.9116644796732002,0.9952096705627308
39,15,-6.563955396882425,6.8349338595049565,0.10164133728355916,8.115476149747412,0.26739982704361814,0.9086643812197919,0.9957283624405092
39,16,-5.902281855642175,6.342833551754977,0.09369828980549676,7.512309200880822,0.30469100957164275,0.9178110028850973,0.9959127260298254
39,17,-5.295209286730073,5.676688919759977,0.08348117635308724,6.692276099801301,0.26942964822465204,0.9270511568221008,0.9967740131377367
39,18,-5.693904156386409,6.075383789416312,0.08904924958984627,7.072368057381147,0.3171758278174368,0.9225475841672319,0.9966480645332496
39,19,-5.241846983994339,5.775990140442132,0.08358474365260006,6.674043863331776,0.37543110007055464,0.9286569842387331,0.9968052559298266
39,20,-4.940432020486189,5.474575176933981,0.07876808290929875,6.416114832088727,0.20402613168200903,0.9328201758876663,0.9968845667477856
39,21,-5.631688317266711,6.210507831124239,0.08870403995831269,6.9718764133503095,0.2835758106628872,0.9243114793771993,0.9969518601332512
39,22,-6.872076008633184,7.4338289646512665,0.10587661794568096,8.471039961705783,0.401060572210283,0.9080405704033429,0.9958294512947554
39,23,-6.022660396156655,6.733881652815109,0.095413366182405,8.133093110978502,0.30825275396106183,0.9176239664785082,0.994895960900404
39,24,-6.259097740575799,6.932120286970571,0.09793981547389166,8.33531156803877,0.3645510986672577,0.9146440142515455,0.9949166571806298
39,25,-6.678021625245524,7.3510441716402966,0.10363350631277676,8.662465488204358,0.37103397076504585,0.9098498889978499,0.9949672095351527
39,26,-5.722012277058257,6.254823921358229,0.08833905588474732,8.01952482783295,0.3131717823438039,0.9210743188091138,0.9946411527213932
39,27,-4.533287248666351,5.498978623544658,0.07768767630122624,6.809947476169884,0.03905888183340938,0.9367994816010307,0.9954270903633862
39,28,nan,nan,nan,nan,nan,nan,nan
39,29,nan,nan,nan,nan,nan,nan,nan
39,30,nan,nan,nan,nan,nan,nan,nan
39,31,nan,nan,nan,nan,nan,nan,nan
39,32,nan,nan,nan,nan,nan,nan,nan
39,33,-6.075402690977887,6.374551399602837,0.09041259683523808,7.4336916651326295,0.5048398448590674,0.9182663591428744,0.996885346760209
39,34,-5.994915028664118,6.341215071769788,0.08974231856391239,7.408835632440038,0.35231026720337427,0.9198294349141788,0.9967515227345481
39,35,-5.412843105806664,5.773795034826939,0.08252991767651138,7.152328847873121,0.24845031663489936,0.9265602899451031,0.9961296977915126
39,36,-5.041984446739017,5.648384620268448,0.08049209879678779,7.069441445888821,0.24636924793445203,0.9305926854915886,0.995676459450178
39,37,-4.810506104636001,5.354676273048003,0.0758291917580871,6.650024189483627,0.32539584235473284,0.933885548115599,0.9963081155393615
39,38,-4.406618731295283,4.8734136459659885,0.06813631762807193,6.030215822805314,0.4535602751454667,0.9396424112925914,0.9970800795392156
39,39,-5.143329059727876,5.5715479705903315,0.07765763222569677,7.052633043261643,0.4811427456812674,0.9298419065967071,0.9960905463104478
39,40,-4.560688042294885,5.758616522986753,0.07862485171044654,7.115352154181771,0.4341871531083538,0.9366289757032341,0.995078573788381
39,41,-5.256645641881041,6.2091258780637535,0.08376869339307053,7.622152397727402,0.4898975563377619,0.9288711086308579,0.9951788959367208
39,42,-5.5306634291456955,6.4165028953812495,0.08602926287768092,7.689615676906061,0.42622784177737905,0.9271082635168532,0.9955641362113707
39,43,-5.1683430763909906,6.135786513167987,0.08159852060841694,7.433884244449141,0.41678805454392986,0.9322664816822989,0.995608065947831
39,44,-4.440342319051607,5.325568648697458,0.07006483287502281,6.436661398555224,0.4691297058752347,0.9423183458791523,0.9966729886845943
39,45,-5.252473438571827,5.353338312473664,0.06976987591146255,6.559128277426794,0.5026472881396646,0.9347442518546589,0.997686743315505
39,46,-4.032206937861671,4.555349232835928,0.05872392120365075,5.748028409889454,0.4194834368298461,0.949590030986621,0.9974606426823008
39,47,-4.588253294120909,5.279930439851102,0.06686254335087022,6.790126784707708,0.3720977054113229,0.942515005070066,0.9964002324607365
39,48,-5.036075854214499,5.646149029403253,0.07061165638881199,7.033405750536416,0.31155013330875553,0.9387730515177042,0.99664332485931
39,49,-5.251843484613749,5.913568777432735,0.07301323284508107,7.188558634544939,0.2174390693233999,0.9375310072020394,0.9967349697456841
39,50,-4.562812324136763,5.4346470390549735,0.06637340106430233,6.614152504538596,0.14787063045369353,0.9461438761157545,0.9969240777863073
39,51,-5.923924337676656,6.373481631522448,0.07646695520422003,7.5379779790705745,0.3644062036006475,0.9327132193939983,0.997234646723364
39,52,-5.053081349834084,5.634405457772642,0.0654838007844305,6.587585915992945,0.5531703694450817,0.9427743469234682,0.9978456665987536
39,53,-5.4669758868397516,6.04829999477831,0.06897315987532494,7.258242674661169,0.5805027257865116,0.9387668352796921,0.9973946322107848
39,54,-5.125809643779186,6.132364773989541,0.0685822884436285,7.311850475940949,0.5170024444938738,0.9431914722036354,0.9969634453441572
39,55,-6.860606387700529,7.6570520958116575,0.08441041463107433,8.724189973907098,0.462710035289137,0.92719119329177,0.996949469006007
39,56,-6.614565637487722,7.455994423600328,0.08040450386101455,8.650862077044582,0.5391860712202418,0.9302615510052786,0.9968811423457159
39,57,-8.0909124730634,8.632039594327301,0.0917862455610428,9.748053728676945,0.4712739206530151,0.9181227847614767,0.9971843287018285
39,58,-7.749666428383527,8.290793549647429,0.0869847180223263,9.368699443168657,0.37338269515722877,0.9231832172567217,0.9973725811534807
39,59,-8.47251991292478,8.695836831801406,0.09045124809978639,9.794448698856126,0.22419798627957083,0.9184497594565784,0.9976930482710619
39,60,-7.361396737341297,7.584713656217923,0.07746720378221289,8.957498489892044,0.12505232776243952,0.9294578726165268,0.997580600291796
39,61,-7.779639010295839,7.957972851170987,0.07982620949822071,9.105616923637998,0.272509867769799,0.927020231429162,0.9980002785465837
39,62,-7.787680694678836,7.966014535553984,0.07761308483957612,9.492193528160927,0.5468422653397516,0.9271127873728282,0.997600453237628
39,63,-7.939268393066372,8.117602233941518,0.07821433627723397,9.570124414191874,0.5306538270200486,0.9269195821155356,0.9977192697938314
39,64,-8.04533049245877,8.04533049245877,0.07630814335150025,9.734673868076568,0.47652547066163187,0.9270826919328977,0.9976722120070478
39,65,-8.715801463680588,8.715801463680588,0.08191814408544187,10.119642173126097,0.39744220580749806,0.9230119270851105,0.9979812748425023
39,66,-8.784386095283823,8.784386095283823,0.08156701279216662,10.652345162732608,0.2639517693619141,0.9227424213949027,0.9973055300757225
39,67,-7.838801599647495,8.085685424879218,0.074293797060927,9.811506537586004,0.22575006955902005,0.9311352346438245,0.9974139626899038
39,68,-7.467402599764232,8.05031298730992,0.07320836478363037,10.03470952314883,0.13746402250962497,0.9341975582400288,0.9967171181388195
39,69,-8.507489685811567,9.090400073357257,0.08185409725699291,10.652607356412235,0.14287372391165584,0.9268922641091808,0.9970930802828837
39,70,-8.419217113913174,9.618508628573865,0.08584891798898692,11.371652697577806,-0.06998603650356837,0.9273611834094185,0.9959211035274557
39,71,-7.809276113036811,9.07347532243686,0.08045233064205115,10.747975365574083,-0.15472663389936595,0.9326831593544405,0.9962083187335802
39,72,-7.374216928987182,8.39603253121634,0.07384814466610845,10.2274059203248,-0.01571479980278694,0.9364809100929041,0.9965504933098815
39,73,nan,nan,nan,nan,nan,nan,nan
39,74,nan,nan,nan,nan,nan,nan,nan
39,75,nan,nan,nan,nan,nan,nan,nan
39,76,nan,nan,nan,nan,nan,nan,nan
39,77,nan,nan,nan,nan,nan,nan,nan
39,78,nan,nan,nan,nan,nan,nan,nan
39,79,nan,nan,nan,nan,nan,nan,nan
40,0,-4.596742645288295,5.5325598298828025,0.11035753623730962,6.519309034336833,0.6256717075379712,0.909280671078599,0.9929681703970262
40,1,-5.911348533816501,6.664979178736629,0.130362821805454,7.862665188736508,0.6165073014436262,0.8882685874699475,0.9919163915081143
40,2,-5.025822887423383,6.203401535633327,0.11931098029137469,7.5262510606620285,0.38957609645409863,0.9061787823810612,0.9903292455374347
40,3,-5.838489748799352,6.833881857334917,0.12670416186188596,8.05395726593955,0.3850772666140526,0.8971344616241356,0.9913711103484797
40,4,-5.56335187715814,6.602444768277942,0.11862346664887716,7.95459926208358,0.4131564546027684,0.9031166350217245,0.9914780686848379
40,5,-6.9879371824750125,7.637772508023446,0.1343938443523875,8.91390833686163,0.34429913904496445,0.8857893987501464,0.9924742590307213
40,6,-6.072484578999393,6.832476061369272,0.11558390851286555,8.426165691519914,0.3890414757079228,0.9002950140241305,0.9920763431145204
40,7,nan,nan,nan,nan,nan,nan,nan
40,8,nan,nan,nan,nan,nan,nan,nan
40,9,nan,nan,nan,nan,nan,nan,nan
40,10,nan,nan,nan,nan,nan,nan,nan
40,11,nan,nan,nan,nan,nan,nan,nan
40,12,-5.445866621817031,6.565953570931588,0.09932977315852351,8.238522216174832,0.19888210010230015,0.9195345751915152,0.9925785892423147
40,13,-5.863820389957514,6.374131453319817,0.09411528112093069,7.926595694315882,0.21245110252450428,0.9168591029354971,0.994705529559655
40,14,-6.590255775742649,7.065181762063108,0.10360615349864258,8.511870269707872,0.2156471950715437,0.9083549420448938,0.9947610454923012
40,15,-7.321700958903222,7.592679421525753,0.11055028284121991,8.754468041893476,0.27473358182064667,0.9013680173132494,0.9959200832715009
40,16,-6.874326470282008,7.14530493290454,0.10362690120191913,8.048711538616999,0.3583182227596349,0.9082859237883298,0.9968305413576679
40,17,-6.655244729361755,6.867151128901387,0.09902851195062523,7.944252660707751,0.3420307709346435,0.911095916617032,0.996638763679548
40,18,-6.451004890864929,6.727320825512919,0.09724292340604558,7.983446608232729,0.28304619832288047,0.9134298670334565,0.9960187461602495
40,19,-5.945252991422524,6.374232449488404,0.09134002463138742,7.5493094112400465,0.3415507148264925,0.9201108949250226,0.9961243879843836
40,20,-5.622068183857241,6.051047641923119,0.08634018166292037,7.265975651854914,0.31107012918405585,0.9243194204236876,0.9962205438916953
40,21,-6.263871214288729,6.692850672354609,0.0949602835012894,7.705536142868914,0.339935520046423,0.9170589597652292,0.9964749803752195
40,22,-7.23067237130244,7.642585271528874,0.1076022725936368,8.734661743701226,0.44947579750508493,0.9051096573161521,0.9960388926930321
40,23,-6.8999467560285055,7.262695812667491,0.10149621892911888,8.549965812851338,0.4149330254861041,0.9091068360906918,0.9958442590440975
40,24,-7.120136036316939,7.444686382692243,0.10362158686091309,8.730164438366927,0.4619774692769906,0.906429732976677,0.9959398985780563
40,25,-7.702885078733004,8.02743542510831,0.11176757620785568,9.243371938838065,0.4306897401782741,0.8997273602690198,0.9959003632785353
40,26,-6.441108227225922,6.8396972624064345,0.09531109751615999,8.60985945465818,0.35741741706165797,0.9130397734127113,0.9947102078300862
40,27,-4.86837780225092,5.699846568009764,0.07973286165807676,6.992869270716706,0.19547544202621506,0.9329197069868913,0.9956647157307091
40,28,nan,nan,nan,nan,nan,nan,nan
40,29,nan,nan,nan,nan,nan,nan,nan
40,30,nan,nan,nan,nan,nan,nan,nan
40,31,nan,nan,nan,nan,nan,nan,nan
40,32,nan,nan,nan,nan,nan,nan,nan
40,33,-5.245725856006316,5.6763662457031066,0.07906937695664909,6.567070273104963,0.45191988267053207,0.9299167509504116,0.9973696449550256
40,34,-5.229698983362848,5.800393387359428,0.08057442983733716,6.930689765898859,0.42768437445967566,0.9293623229073072,0.9965464911061033
40,35,-4.876834338347997,5.237786267368271,0.073610397530181,6.740564382896149,0.36686960320682543,0.9336534051076161,0.9962736378782274
40,36,-4.427757948843928,4.808394460871293,0.06756859338325004,6.380799238947925,0.38804392027292745,0.9391588951023372,0.9963381801392935
40,37,-4.92042503948178,5.1721907764445625,0.07210405847135412,6.5900337677677,0.43964971393534397,0.9335270097376409,0.9967405670181677
40,38,-4.758859457368027,4.933249940589511,0.06844846412392729,6.485686075693672,0.43800435731088394,0.9354911510766679,0.9967260621988469
40,39,-5.063154970839929,5.1989694502531645,0.07156552460204696,6.888651725558403,0.5125793646057732,0.9317213189329996,0.9964079528585029
40,40,-4.836506796900389,5.6999458625993835,0.0767592660992612,7.056791830323665,0.49763227330037757,0.9344899769805288,0.995780080599605
40,41,-5.504615196208747,6.348369678900651,0.08448739950247562,7.6302799538881425,0.5418349227857152,0.9272089849574647,0.9957328301542907
40,42,-5.37278105508733,6.216535537779234,0.08187152848275167,7.421487108123144,0.5558715527088471,0.9297870082565484,0.9960690482354295
40,43,-5.228242942048761,6.153601395282108,0.08033499463473216,7.257858518917995,0.4256362479391016,0.932836382313435,0.9962535456542847
40,44,-4.8408705932303375,5.684011939332538,0.07368204927733374,6.525545412466504,0.5018904029800811,0.9387293491887737,0.9971811174273842
40,45,-4.879534370961083,5.074669534829883,0.0652351807770187,5.981227370156682,0.4707820285670502,0.9402691694908247,0.9982212712259521
40,46,-3.2097486927537506,3.827161277694971,0.04855461140858655,4.475841710915194,0.5378628465191874,0.9603231851605787,0.9985348687618285
40,47,-3.686979723864388,4.472927159561545,0.055713077682230584,5.593215552275086,0.4747907833069168,0.9539839643558801,0.9974838412449635
40,48,-4.3724831720384,5.076826637194116,0.06232524356615273,6.118752178547934,0.5265930788186797,0.9469395153520731,0.9975094823734807
40,49,-4.596315107677066,5.352310690463013,0.06445212166427508,6.459747566475531,0.5777753890472863,0.9448431165842073,0.9973282411075877
40,50,-4.916707558647406,5.57843285146639,0.0665105238446958,6.601498178598736,0.5399838981454654,0.9425571542483316,0.9975513821673605
40,51,-6.200808120594838,6.440255992341402,0.07587596961430354,7.295284116791802,0.5663318381975653,0.9310315847034188,0.9981972978067489
40,52,-5.432158091211155,5.803372777050486,0.0666594822858697,6.556076848256973,0.678160992329512,0.9399672819049414,0.9984255665954446
40,53,-6.054579945105681,6.425794630945012,0.07213371675094928,7.612973474432219,0.7062657769762667,0.9335548219619998,0.9976892111766604
40,54,-6.0728283004615955,6.50197958956405,0.07144979843538618,7.662674523974358,0.7192970336130845,0.9346138253053425,0.9977213492861556
40,55,-7.1305671071938885,7.5597183962963435,0.08213170728557971,8.779020886305437,0.6088987606488312,0.9254140004985292,0.9973664767054841
40,56,-7.167829506215896,7.641963873319828,0.08181296868052679,9.045571363053353,0.5167183879250193,0.9259643118661585,0.9970167707798961
40,57,-8.262121102815073,8.435953805070302,0.08926828832130332,9.741194026267513,0.3166330440254855,0.9179000282165043,0.9974492667960752
40,58,-7.45888812846204,7.632720830717269,0.07957861553417206,8.873572791554619,0.29817894839897924,0.9269818239816771,0.9977895524827421
40,59,-7.603230188336117,7.826547107212743,0.08052691720974181,9.149143938987669,0.32535853622683014,0.9265676732682551,0.997579494805712
40,60,-6.92347323417209,7.146790153048716,0.07197765291600451,8.508892537137607,0.4042166789894095,0.9337804050044239,0.9977979382644213
40,61,-7.894253461581157,8.072587302456306,0.07961049469198897,9.227340261390845,0.5130073080384717,0.9264501522780495,0.9980728934494321
40,62,-8.075566448760537,8.484057072647879,0.08184447617537854,10.006745115217702,0.508227905896216,0.9250099827271002,0.9972122487033755
40,63,-8.917947663996904,9.326438287884246,0.08883389338238303,10.782644069563574,0.5274267543550596,0.9189788443234244,0.9971859668534132
40,64,-8.226525581460223,9.736360151695617,0.09135508387209226,11.302439767436356,0.12436555308320987,0.9246792318517166,0.9953713440553384
40,65,-8.650966702769178,10.160801273004573,0.0945318471796141,11.450726481569577,0.022327513599956716,0.922638905643728,0.9957547781667293
40,66,-8.199598606133694,9.709433176369089,0.08946094190393657,11.552778200372002,-0.0302963666172015,0.926286605830165,0.9951023623421362
40,67,-7.749920748611464,9.276482361066387,0.08458276869621678,11.113992052042422,-0.08093214208717428,0.9307059615204837,0.9953643503190532
40,68,-6.989517293046558,8.85210546781545,0.07982840513530279,10.841334503015347,-0.10737077815104946,0.9370506431230041,0.9950541166744519
40,69,-8.595009106664573,9.177919494210263,0.08201967397218446,10.80127811016824,0.07821928967030332,0.9265891296300383,0.9970271153637627
40,70,-8.785097135087947,9.984388649748636,0.08874657125111782,11.828867831289452,-0.2013492505830232,0.9247023147428097,0.9956849177145144
40,71,-8.029598036052159,9.293797245452206,0.08180257534153533,10.910637098777416,-0.2130431647128042,0.9313465846050353,0.9962790052941736
40,72,-7.5362617532187,8.558077355447859,0.07464955277802282,10.108560987016633,-0.11285719139994488,0.9359644270729781,0.9969399533866047
40,73,-8.278781707746116,8.964570747661309,0.07811986586032288,10.250834190495778,-0.11132356714397922,0.9311610607672811,0.9975474943462082
40,74,-7.961314926868674,8.647103966783867,0.0750660595029437,10.092946376038375,-0.005411809886775538,0.9336127245901761,0.9974345959250038
40,75,-8.345059888460634,8.414467801260825,0.07231797309296283,9.596672564057231,0.5000609827576847,0.9316903564112722,0.9985632345298111
40,76,-7.591896368876071,8.094384866895709,0.0694155310128133,9.385644658650445,0.2018725905820321,0.9373925976478283,0.9980145410534759
40,77,nan,nan,nan,nan,nan,nan,nan
40,78,nan,nan,nan,nan,nan,nan,nan
40,79,nan,nan,nan,nan,nan,nan,nan
41,0,-4.067398128846568,5.028490823026168,0.09799607569535253,6.275128752976217,0.5313454608239391,0.9198308251899706,0.992707265868211
41,1,-5.51488220340289,6.29378835790811,0.12056749370493229,7.7501258334559155,0.5336679288214545,0.896134745868291,0.991294383112326
41,2,-4.6523391693397445,5.855193327134782,0.11044924260827836,7.4236035248840055,0.3772763650722227,0.913428918333815,0.9900679294161581
41,3,-5.686448831400241,6.707116449520897,0.12147487358903901,8.122192980844021,0.47479465441577234,0.9006702905718306,0.9910436360459706
41,4,-5.375542398032681,6.414635289152484,0.11298195839404972,7.888596026235763,0.45432200485014435,0.9080135135826811,0.991548343237285
41,5,-6.622734150075982,7.2725694756244135,0.12526709808323283,8.609168529981387,0.4429714750928423,0.8935379139993632,0.9928097899107521
41,6,-5.601836311936219,6.361827794306098,0.1045861134765506,7.977248455653598,0.533736620888639,0.9089072227235757,0.9928538896303587
41,7,nan,nan,nan,nan,nan,nan,nan
41,8,nan,nan,nan,nan,nan,nan,nan
41,9,nan,nan,nan,nan,nan,nan,nan
41,10,nan,nan,nan,nan,nan,nan,nan
41,11,nan,nan,nan,nan,nan,nan,nan
41,12,-5.09401551565448,6.412861499840169,0.0957779606089739,8.080554925384842,0.13877112633198677,0.9249748705766037,0.9925097831510971
41,13,-5.98177974559658,6.6355192790995225,0.09720768595695374,8.053030756088797,0.11827455690650106,0.9166371862447901,0.994665812614958
41,14,-6.154870206912133,6.943242704928414,0.1005779721185173,8.328923054667381,-0.006733308728856343,0.9153327411666415,0.9943478027457898
41,15,-6.921100034932054,7.36209653910977,0.1054927983735486,8.47728656049831,-0.007140073044587061,0.908191515622979,0.995782685014251
41,16,-6.513551676004177,6.954548180181893,0.09902049710881064,7.836167963809297,0.08974718671729898,0.9142414237349323,0.9966398634281776
41,17,-6.190776800010744,6.698135595133033,0.09481957794876589,7.714553767170241,0.04174584440782611,0.9183390321937095,0.9962766553188978
41,18,-5.859931805047561,6.431700135278207,0.09105291101681134,7.6567876990572445,0.019306500368127904,0.9223145536204164,0.9957377893940546
41,19,-5.803044647844468,6.357458459937816,0.08946433042482385,7.461626694466186,0.1289025258931621,0.9236304524024744,0.9961694264947746
41,20,-5.641569573135084,6.195983385228435,0.0868168047332386,7.3383009945763416,0.184333041373368,0.9256785543632695,0.9962018529648948
41,21,-6.187012942499966,6.741426754593317,0.09379005939950907,7.771210645371814,0.30735801880330293,0.91946661306363,0.9962804285599783
41,22,-7.337018973402504,7.55409203192875,0.10449971594154585,8.77425847439465,0.36363326037428995,0.9061457528945441,0.9962670439852604
41,23,-7.096345242357386,7.264254457296183,0.10010318024921293,8.653521723927213,0.27362646653779543,0.9089960095337102,0.9960658072040576
41,24,-7.521188521140052,7.650899025815168,0.10513128393050451,9.013289267063293,0.31293485410209937,0.9038440799247834,0.9961463366920145
41,25,-7.87648388545799,8.006194390133105,0.11044051993440356,9.342284715922156,0.23536914252063543,0.8996460566276789,0.9960428453664677
41,26,-6.686364744133476,6.890113937613799,0.09523096871674668,8.706252130830666,0.1192120487608365,0.9119168689672029,0.9950219647530995
41,27,-4.872455235358093,5.703924001116938,0.0787948087814237,7.060990172805317,0.13170364937640883,0.9336998827180996,0.9956305704883802
41,28,-5.154172209826124,5.970395284064059,0.08294545675965502,7.312645786763989,0.12691106102300317,0.9298255902506566,0.9954721602454408
41,29,-4.45456643060049,5.185761892563313,0.07202655813443014,6.437952328126657,0.04117248751535625,0.9395627165638528,0.9962913189515451
41,30,-3.5665666353680736,4.522156458221806,0.06255120649539012,5.776961960026893,0.08160679891029687,0.9507229715914316,0.996424210209447
41,31,-4.966772264034309,5.848323398082836,0.0808690454758127,6.976846189888509,0.0118886452002877,0.9333270090432914,0.9959594193829339
41,32,-5.786770577009297,6.054755748669322,0.08388863904719113,7.260533429536515,0.13385128127465096,0.9243550671122982,0.9967868716257473
41,33,-5.970272045909235,6.238257217569262,0.08615593420470606,7.1688373506833845,0.25156125922298883,0.9228181677366248,0.9973744465721869
41,34,-6.663294016749602,6.901841987530535,0.0950511266245286,7.876801353206682,0.29641433743151624,0.9142632933022177,0.9971505207818453
41,35,-6.531323693923685,6.56012918972831,0.09066025671283878,7.852448564823879,0.32069678432701476,0.915353463554623,0.9969132217236343
41,36,-5.842814756172784,5.891304834984501,0.08132238380504023,7.299008426308181,0.39810148661283545,0.9232639317287414,0.9968664237118743
41,37,-6.367093932217617,6.4014304011393115,0.08774277344674239,7.750617622765556,0.49794606283208737,0.9169765758226313,0.9969120561064289
41,38,-5.844068143571556,5.8784046124932505,0.07983804882546895,7.4397221791841,0.5060621358942401,0.9235219956925504,0.9966588811942554
41,39,-5.976001742196758,6.010338211118455,0.08108591172314285,7.609959730389636,0.5705266134218935,0.9220199873517737,0.9965712568514884
41,40,-5.289540270104115,6.492723774460325,0.08643679263207915,7.7140535080025945,0.36618192462024485,0.9299726372812831,0.995107598450061
41,41,-5.4735844180899615,6.6570833394390805,0.08805237602979953,7.9093608099961825,0.27214431291100843,0.928570226533242,0.995034659937286
41,42,-5.054589988606762,6.238088909955882,0.08158892903710407,7.357671849730621,0.3629356971913419,0.9346338518793856,0.9957117820842042
41,43,-5.166407146292861,6.34990606764198,0.08238503795391702,7.30244421801551,0.23503734028436904,0.9344197936717803,0.9960811365666321
41,44,-4.538740926645966,5.741500751355479,0.07339498682664615,6.55321156944477,0.3932705474076614,0.942604656938662,0.9967794279857247
41,45,-5.34849508366583,5.462026276993188,0.06906013244927842,6.498272725592018,0.3707077901037033,0.9355616167836432,0.9980651381130499
41,46,-4.212976250100293,4.748784864500071,0.059082265568607274,5.648016772076085,0.34813628697877247,0.9488363044358944,0.9980031911517601
41,47,-4.712226229889951,5.416569695045666,0.06654556237768096,6.668850743216105,0.3024667362874726,0.9425778338358646,0.9969886314741717
41,48,-5.444176139277294,6.14851960443301,0.07437430199222506,7.474720019325705,0.4348205489335664,0.9349390693981509,0.9966338000149536
41,49,-5.3155645171253925,6.0715600999113395,0.07249496605536483,7.46025067990653,0.4416756098473378,0.9370580568379839,0.9965660351436334
41,50,-5.2155937767418274,5.87731906956081,0.06953302122798843,7.133799542623858,0.3511234879289317,0.9397054096872728,0.9970744156210178
41,51,-6.343749448346234,6.583197320092797,0.07690731427460658,7.70234131664429,0.44117367814286856,0.9302012485372704,0.9977067996643966
41,52,-5.474913983619614,5.8461286694589445,0.06638902106055294,6.863795067624936,0.5925204970082759,0.9400860696455214,0.9980397186090525
41,53,-5.7514676430905745,6.122682328929905,0.0679026561661237,7.416512783207029,0.6913052421405111,0.9373871759055739,0.9976521338089636
41,54,-5.805474959872478,6.234626248974933,0.06793303072199582,7.505882451707738,0.651004971943765,0.9382550317366245,0.9976431589857467
41,55,-6.808066127948912,7.237217417051365,0.07781624425465293,8.505032198705273,0.5535304605351224,0.9297180823657626,0.9974061495264699
41,56,-6.627861920529174,7.101996287633108,0.07540027164404262,8.63467221220449,0.43656862997787377,0.9318868678613306,0.9970056582854172
41,57,-7.579574151150816,7.753406853406045,0.08150828362724756,9.238369027032899,0.20328396368823967,0.9248115458686563,0.9973166119174564
41,58,-6.235735843483744,6.688028332548767,0.06898103961030674,8.121971806529473,0.23659979639683953,0.9385671094858518,0.9974085177945581
41,59,-6.081505506237388,6.583282211923811,0.06714323726426003,8.087235566868623,0.28627456063874973,0.9408047700912151,0.9973274371273683
41,60,-5.624594687089589,6.126371392776009,0.06117671532875974,7.55881365061339,0.3929654828280214,0.9458422888634593,0.997692962662488
41,61,-6.7160674635475335,7.172861091232476,0.06990624669484842,8.353277779350826,0.5084087794926353,0.9371581822869793,0.9979179494441188
41,62,-7.201518207538434,7.8884686182355725,0.07508738673860128,9.476449660909628,0.5119590726254182,0.9327837260567061,0.9969990521902022
41,63,-8.489616323130335,8.898106947017677,0.0838179982864716,10.377661316679461,0.5620278988334094,0.9231781275502499,0.997316077424574
41,64,-7.3348272910457535,9.209797488863288,0.08572000527098282,10.590241538648005,-0.002305488938718054,0.9328427901307206,0.9954953837702634
41,65,-7.657393478025956,9.53236367584349,0.08780774587805863,10.727476661882065,-0.06071432892039633,0.9312706060434204,0.9957610108206857
41,66,-7.434240853413801,9.309211051231337,0.08514976481237106,10.990983337837537,-0.16639436809915495,0.9330629207708352,0.9951644596228482
41,67,-6.493054463080391,8.384751703117455,0.07577140072808576,10.103681453211415,-0.15675865983998274,0.9414825207120151,0.9956216115414752
41,68,-5.611722744871899,7.839446547222929,0.07021765295280726,9.580206880778416,-0.1529309765451255,0.9489348457589829,0.9956309014805655
41,69,-7.752081322013055,8.334991709558745,0.07432177707845987,9.836630993425306,-0.20652139695722946,0.9339751869346613,0.9974163565393991
41,70,-7.529111262270003,8.728402776930693,0.07737031066795082,10.416720040595807,-0.33448739845112574,0.9353127960557202,0.996383551613193
41,71,-6.985143507603816,8.249342717003863,0.0720817013865787,9.631598696351912,-0.09855167002549145,0.9402183593829843,0.9969991027746474
41,72,-6.598617186899039,7.663938348150243,0.06644971572991099,8.993821656360831,-0.021291720017783303,0.9437983609554739,0.997476992206118
41,73,-7.482505326135355,8.211799925072592,0.07073307058896018,9.3826591405141,0.14513595605903631,0.9377144907134832,0.997888274295779
41,74,-7.139247744509487,7.868542343446725,0.06732941720677699,9.21912578358575,0.22252182727152697,0.9404542474032267,0.9977829382349314
41,75,-7.441327056620733,7.554240528442971,0.06402893895497182,8.646565791586045,0.648917386045646,0.9391784195154143,0.998786159820856
41,76,-6.584006604875044,7.130000661916728,0.060263024923769413,8.28662799705596,0.4909515563573554,0.9455906196462259,0.9983859374857271
41,77,nan,nan,nan,nan,nan,nan,nan
41,78,nan,nan,nan,nan,nan,nan,nan
41,79,nan,nan,nan,nan,nan,nan,nan
42,0,-5.540730481963618,5.7037475656415895,0.10934074288742301,6.812388116801984,0.3330189242024328,0.9008752510407122,0.9952271079405625
42,1,-6.1280403339925025,6.447850466723088,0.12180394459788818,7.839111692287094,0.2868326281451978,0.8919352553281941,0.9930391140220016
42,2,-5.360664262639343,6.2866089383341235,0.11613803259423362,7.8270908733675695,0.270301139602903,0.9051030824896028,0.9907599582863599
42,3,-5.809227934729186,6.745417086077514,0.11993487849602447,8.276292953539947,0.3818367528592129,0.9005757047889392,0.9910340605809507
42,4,-6.367191267852625,7.321805692200098,0.1268134183145605,9.147075002656928,0.3373568821468254,0.893786483689458,0.9896715748252838
42,5,-7.16225478629518,7.979127636549774,0.13593735744349153,9.722000805250767,0.266897393882011,0.8856231043102659,0.9901328602294251
42,6,-6.857470416241306,7.5182355849927305,0.1231089465238313,9.385443480745671,0.4070502709580276,0.89224266094166,0.9912964592601153
42,7,nan,nan,nan,nan,nan,nan,nan
42,8,nan,nan,nan,nan,nan,nan,nan
42,9,nan,nan,nan,nan,nan,nan,nan
42,10,nan,nan,nan,nan,nan,nan,nan
42,11,nan,nan,nan,nan,nan,nan,nan
42,12,-3.9016120958747083,5.282933415128134,0.07742814938353058,7.009168572946854,0.20536090325887313,0.9415860237910831,0.9936206384657849
42,13,-5.318219233293885,6.0344341018645675,0.08726473302251093,7.470211724292104,0.09132553019474086,0.9258410534752577,0.9950118007327264
42,14,-5.460682298252578,6.311530131336598,0.08981890406435758,7.736250102252423,0.08974842238242373,0.9245452494218355,0.9947387853112488
42,15,-6.714638202472405,7.2181100417178605,0.10166435840568319,8.340754275793897,-0.03452383771301448,0.9115627318552645,0.9958444610758231
42,16,-6.461715172914055,6.965187012159511,0.09734228312656765,7.744714103491682,0.04820235547349325,0.9158989802907185,0.9969058098477402
42,17,-6.865044616449019,7.372403411571309,0.10265838907041396,8.320507774046604,0.06535998140589284,0.9114479327181666,0.99630080295657
42,18,-6.156860315007918,6.728628645238566,0.09377058105786197,7.945628457442697,0.09358354053737625,0.9195703992785833,0.9957523860831218
42,19,-5.374295350494042,6.218984046959724,0.08586791078453641,7.336282367288943,0.04744916370176308,0.9294754592579539,0.9958038737110807
42,20,-5.360730937355181,6.205419633820863,0.08525296846745062,7.410612047124433,0.19996258619910623,0.9294404791841354,0.9956608640469156
42,21,-5.909495828249553,6.754184524715235,0.09174369020070068,7.932066523173704,0.2937456185815666,0.9231148516191227,0.9955324332685214
42,22,-6.665911706994682,7.173259649893262,0.09773450992859825,8.644894152370648,0.20776251390750733,0.9143537575316586,0.995205064969114
42,23,-6.669412489992194,7.127596589303326,0.09676886705564273,8.74001697642989,0.08038579156558419,0.9143454797747265,0.9949910701736264
42,24,-7.879491497048135,7.894737188569044,0.10752594230624217,9.294301248675975,0.22646183172819465,0.9011858367280544,0.9962508029219576
42,25,-7.686806274240057,7.702051965760965,0.10545854613322408,9.163490583489553,0.10096912744743385,0.9031020154012556,0.9960877514833564
42,26,-6.650033246833168,6.7393176271592825,0.0927783795375788,8.532787547676818,-0.0167267306681862,0.9137182580036343,0.9954111104193654
42,27,-5.982904963487382,6.0721893438134975,0.08311253615546776,7.370458118968345,0.2892396908519612,0.9222559702366038,0.9970197148823934
42,28,-6.729839899484821,6.803878588290027,0.09344029430124547,7.927199258672247,0.35925971123275163,0.9134602722121732,0.9972064923825805
42,29,-5.708078539812518,5.81155442949682,0.07953276641661769,7.001466053596477,0.3999026469372862,0.9258785136179896,0.9973321593034016
42,30,-5.659556820414102,5.987427070989313,0.08149131127496036,7.643349844424971,0.4091257338271564,0.9249242590868021,0.9958069298239551
42,31,-6.79670259684099,7.050534158610994,0.09609595078877263,8.439547821856529,0.3357809771509512,0.9123358321677354,0.9960961639678473
42,32,-6.384537766987605,6.652522938647633,0.0905764309643395,8.113074009178723,0.2953347120825602,0.9174845439235293,0.9960494247412132
42,33,-6.284962312747402,6.552947484407429,0.0890252280372202,7.871323497593044,0.32563242274873944,0.9190312686811887,0.9964608846535834
42,34,-7.214184676307512,7.452732647088442,0.10132854387152765,8.84301716920318,0.2988063408173565,0.907631666388164,0.9959804361872996
42,35,-6.8454257142504344,6.874231210055059,0.09365053012772019,8.215008189833208,0.3777217124507084,0.9125297633334463,0.9967732364395177
42,36,-6.513671417690971,6.5621614965026875,0.08925716555864587,8.007750615996011,0.4135296197925052,0.9161543559805513,0.9966042759013222
42,37,-7.622714387643596,7.657050856565292,0.1040243500177766,8.811959826287966,0.47865907180193284,0.903794523039081,0.9970370495567916
42,38,-6.934740210070415,6.969076678992111,0.0936744664571697,8.39266968232363,0.51458335264729,0.9119245255531758,0.9966317488834306
42,39,-6.81277352598225,6.8471099949039465,0.0911276313509557,8.20665137937131,0.60786106630982,0.9138253612042996,0.9969197706860139
42,40,-6.43902494052026,7.052170438357214,0.09278422183160803,8.130974174020947,0.38696704679852734,0.9188881899421736,0.9963483555176273
42,41,-6.215324143317857,6.808785058147719,0.08902175022701993,7.963692857477066,0.3049900941041149,0.9220436190125747,0.996346817820277
42,42,-5.918301948421947,6.51176286325181,0.0837685158778322,7.734688155226498,0.4598211805640726,0.9259751750240859,0.9964616591719421
42,43,-6.0050726510116785,6.598533565841542,0.0844591982537874,7.691391243374758,0.22553540535211025,0.9264329495651518,0.9967174418302993
42,44,-5.576182998144553,6.18890481633481,0.07814618570880431,7.1877921108266305,0.3444731350319781,0.9320375734145864,0.9971397842948958
42,45,-5.827039220124102,5.94057041345146,0.07416577919187793,7.08779524343242,0.43140951368429903,0.9308094995266875,0.9977725438133721
42,46,-4.8471275977543975,5.228012742887984,0.06431359322498208,6.3997900597363,0.33068632060917086,0.9419809857049026,0.9976359207335322
42,47,-4.748589007006718,5.29800900289624,0.06466070621164081,6.567653363143654,0.3472979738439005,0.9431299419933267,0.9972571432313877
42,48,-6.0449370477861475,6.594357043675671,0.07891468231114832,8.302661203442181,0.5328606337944118,0.9284174264866468,0.9960035275881106
42,49,-5.46777118114295,6.161391033057928,0.07282401210541851,8.04452160785484,0.45041280921288457,0.9354022807717505,0.9957337567465672
42,50,-5.102568616228158,5.701918178176173,0.06683757135471251,7.623567488700686,0.4217027052827126,0.9404743834187423,0.9961060873854769
42,51,-6.281499451642478,6.613495061784265,0.07610062160812406,8.305404272590998,0.4673182887844192,0.930600187748148,0.9966026897407138
42,52,-6.043177398830909,6.20663815821676,0.06954735122396814,7.8376356672606295,0.5182330781833991,0.9345046998771394,0.997259761490963
42,53,-5.326195901664405,5.4896566610502555,0.06016250188170173,6.919975278266759,0.666643637921778,0.942792275025274,0.9979221937791155
42,54,-6.20650596641206,6.20650596641206,0.06652754893468375,7.543215238856895,0.7127492326307072,0.9354909139907746,0.9981696053498719
42,55,-7.310731079750235,7.310731079750235,0.07753000349322808,8.541062336522877,0.5605624243642687,0.9265263673063956,0.9981094835481537
42,56,-6.58447215775053,6.629455235752008,0.06962361947531649,7.986090237946006,0.5167566144102941,0.9339111681490604,0.9980212468568685
42,57,-6.947818469957374,6.992801547958852,0.07283585016627753,8.456367190421119,0.35345083183606113,0.9315624512515276,0.9977731212994724
42,58,-6.181753856043551,6.505196720854826,0.06641889075986059,7.7984601367673765,0.4088085412713178,0.9399297771917929,0.9978668166799115
42,59,-5.304331457372657,5.902786213047636,0.0595066139818388,7.300072035597301,0.40969416834645844,0.9486108438451012,0.9976617852608982
42,60,-4.742635307032483,5.341090062707463,0.052660144561310476,6.515021641277974,0.4935821560172737,0.9545118379818633,0.9982124716569503
42,61,-6.311508130940416,6.86497980861392,0.06627604905644205,8.108286369363155,0.457772888914881,0.9411017080217818,0.9978418922918542
42,62,-6.286691964844251,7.106779882588333,0.06695374235963403,8.617148673201601,0.4469836883005709,0.9413988815589236,0.997257237705493
42,63,-7.535644923467885,8.07727305440217,0.07538702458244954,9.57324608614956,0.4933457224396625,0.9316391548720946,0.9973667388960227
42,64,-6.779911264937552,8.691340919813472,0.07999092055249857,10.043783669763465,0.13897525947933287,0.9377327364309083,0.995827644595928
42,65,-7.197884682264216,9.109314337140136,0.08309339942526753,10.351232899102929,-0.02652216202720722,0.9353120260928571,0.9959096231650958
42,66,-6.6957476376434055,8.607177292519324,0.07785053913737673,10.311754908590148,-0.06307710641039115,0.939413804805277,0.9955221035218442
42,67,-7.113629930644414,8.758443345449756,0.07864589242266205,10.338546198680929,-0.05083587061809318,0.936931313658382,0.9959821672947787
42,68,-6.356806421788258,8.18935930965343,0.07287318316167987,9.800540103395534,-0.09314191054612538,0.9434725952315439,0.9960656873236279
42,69,-8.07178242126872,8.25952189432855,0.07330713921196097,9.690672192466565,-0.35858654861289274,0.9322278174285596,0.997989783823161
42,70,-8.323973114297242,9.128093714472074,0.08040626101194501,10.540795092561646,-0.30437338295085614,0.9300273995255409,0.9971333349523221
42,71,-8.412755244116761,9.281783539030949,0.08074362818355803,10.42834496160875,0.06423432103806855,0.9299601114593159,0.9974767573853985
42,72,-7.92952019208012,8.842054046016353,0.07625559185936685,9.890808479710108,0.1088425866623433,0.9340904417329953,0.9977091214829118
42,73,-8.593985205572887,9.31877958644929,0.07991405996391304,10.21530513499039,0.2037934647294459,0.9297678264382965,0.9980405313231105
42,74,-8.260402668750451,8.985197049626855,0.07654295911783196,10.101620686020265,0.14468835086922832,0.9325469454677785,0.9978474327139976
42,75,-8.579497447313784,8.687910701075188,0.07322384383005981,9.768165065090852,0.5575306055401733,0.931104608336288,0.9986687664083085
42,76,-8.146884873827041,8.328789024703463,0.0699987187687063,9.538924991535524,0.4457585850339957,0.9344026324907603,0.9984851290897003
42,77,nan,nan,nan,nan,nan,nan,nan
42,78,nan,nan,nan,nan,nan,nan,nan
42,79,nan,nan,nan,nan,nan,nan,nan
43,0,-3.8739936048244465,4.165700376584639,0.07840209484887631,5.181702692808127,0.4859328029475078,0.9300044409757635,0.9963199208018483
43,1,-4.422187256706892,4.870687077519699,0.09059202941817265,6.048340469228981,0.4179515745205996,0.9213218720869936,0.9949088139013462
43,2,-4.158879414369946,5.2135137781469485,0.09457870333822224,6.509179348033724,0.4541716707693017,0.925648260126814,0.9928988103142397
43,3,-5.010069809501907,6.074948648932455,0.1059807954726217,7.418056575803317,0.5595477047611144,0.9133791922801968,0.992429260982155
43,4,-5.463153473063532,6.894941710531184,0.11685129737284469,8.497952258621147,0.4254711042159949,0.907265290887721,0.9899833096146825
43,5,-6.60079498165956,7.766151956952112,0.1298533717828634,9.20750151062649,0.3246433616202253,0.8947579643840012,0.9907551997183821
43,6,-6.46777416649443,7.985308203276292,0.1288503089500036,9.503597033249097,0.221832053312275,0.8982515448921249,0.9897131955376774
43,7,-7.123971956183885,8.39826912679211,0.13224457432558168,9.75419534168839,0.09957582627862963,0.893621687309484,0.9909248351759138
43,8,-5.718617028326673,7.647776173964095,0.11897355067903208,9.301102560693312,0.016528683943205252,0.9116617205532934,0.9890695885848632
43,9,-6.0950152444420835,7.6673745594991605,0.11670648932306704,9.39823978773872,0.13713000912626114,0.9084647010445768,0.9901230869548779
43,10,-4.463524498619641,6.532761041497826,0.09766838223173281,8.539384900906725,0.006368497279915161,0.9302238339043819,0.9897999272011244
43,11,-4.664387765180343,6.224654197516603,0.09087094178614837,8.408306205119956,0.2681292827706692,0.9285892164893801,0.9910298046314288
43,12,-3.416457178926878,5.216666532148187,0.07532972706301376,7.498386984442754,0.233556139189293,0.9464568127227352,0.9917598803998889
43,13,-4.604450337232421,5.7395532397709825,0.08143720569676298,7.593022593037487,0.11642638440001374,0.933905933387145,0.9935591238578958
43,14,-4.368874985768613,5.638610852820516,0.07880787241706988,7.107277152478996,0.11005934395304662,0.9381266338323213,0.9945498927472778
43,15,-5.944490766179481,6.717349405410273,0.09305855378932913,7.871191682792877,-0.14760333685821156,0.9211198828382124,0.9955801406056057
43,16,-6.027694908951356,6.800553548182148,0.09327871061156338,7.616277335429519,0.1969650164586487,0.9211893167142627,0.996479365995288
43,17,-6.92945587434213,7.436814669464419,0.10199670370573415,8.450545531079014,0.1282285544921251,0.9112060018548999,0.9962507140867024
43,18,-5.8616079785262745,6.43337630875692,0.08781986396526566,7.855446280273363,0.11274895209131108,0.9232823727765547,0.9956044078425853
43,19,-5.115583384292247,5.960272080757929,0.08045622786905714,7.310692430478895,0.09122240667699423,0.9325686116900622,0.9956344858339514
43,20,-5.144002149063685,5.9886908455293675,0.0804083816852655,7.412198261166183,0.22559236531881602,0.9319698347129888,0.9955036177458698
43,21,-5.5315421952453585,6.376230891711041,0.08491319403203901,7.776974760880814,0.27138437513924113,0.9275183232289929,0.9954071496474173
43,22,-6.335016722845593,6.842364665744172,0.09143895197672817,8.49169101562287,0.11428540928774514,0.9184752726637407,0.9951294264647964
43,23,-6.176623941189421,6.7378524032927904,0.08996685316913766,8.461771700353964,0.11956175822584053,0.9201040482449405,0.9948989035488839
43,24,-7.330452193715664,7.448742248028811,0.10034948401032348,9.035286457360675,0.20194590572931193,0.907557505713651,0.9957661860762853
43,25,-7.4154717023883885,7.5337617567015345,0.10180329022032165,9.163242221535597,0.13965459580314793,0.9065470715813878,0.9955728153440975
43,26,-6.5136964924624525,6.706025235580805,0.09059150244842704,8.493616295955436,0.26024773323314426,0.916268237032751,0.9954108454626014
43,27,-6.147111421192519,6.339440164310872,0.08492698966115875,7.620497603795474,0.5250965158869314,0.9211273461085172,0.9969133108752297
43,28,-7.2836748748260085,7.357713563631217,0.09872834548268142,8.346024691440727,0.5897037303394327,0.9087693614384555,0.9975393743155434
43,29,-6.5003243507188655,6.603800240403168,0.08775998179728987,7.715283419898269,0.6378141711615898,0.9177101412170021,0.99746028716516
43,30,-6.326519758949473,6.654390009524684,0.08818847044366651,8.180832271274868,0.6377335636681236,0.9180786568652549,0.9960515808519868
43,31,-6.604818035555093,6.998416004336507,0.0934894682819419,8.464838583301212,0.38193004636175754,0.9152505929903065,0.9957842348774373
43,32,-5.936591839743028,6.3443434184144625,0.08451793974260595,7.899749683947296,0.37746322247015357,0.9232486789041259,0.9958679002105351
43,33,-5.846246354615999,6.253997933287433,0.08346547952123343,7.74701162806938,0.2900775325938963,0.9247138774152992,0.9960342286367234
43,34,-6.812073443180713,7.190387820973053,0.09638192542494997,8.724581366746502,0.22228530877444422,0.9131219265112497,0.9954970840656531
43,35,-6.33870724488535,6.507279147701383,0.0875683639151529,8.012657296902592,0.0671568153854977,0.9198493266382799,0.9962386492959981
43,36,-6.437871745014227,6.486361823825944,0.08709948563022038,7.995064498458318,0.21417376265242466,0.9184873591343413,0.9965325843043551
43,37,-7.6894169407038335,7.723753409625531,0.10343959099073813,8.993965163988369,0.2984181534029785,0.9046515364834915,0.9967475880736284
43,38,-7.021629105398918,7.055965574320612,0.09383751322361027,8.626037397145467,0.42183147602117743,0.9119646726397471,0.9962741359056851
43,39,-6.651985889357786,6.7330243919779695,0.08878081076682404,8.31487402976755,0.4646705127088317,0.916455810159559,0.9963477390526856
43,40,-6.475434641207301,6.9830437070616345,0.0911775326085468,8.249862947875139,0.3758395582828489,0.919032423514866,0.9961919185308511
43,41,-5.507318592452859,6.456111227617532,0.08381381456951147,7.739589455263781,0.3141873215058682,0.9298005561162879,0.9956649109169242
43,42,-5.144778263567291,6.093570898731964,0.07794303513765607,7.317859213825271,0.48087132070845434,0.9346807990639519,0.9961282525430217
43,43,-5.32987561821255,6.278668253377223,0.07995404780948782,7.322107290708318,0.29429919704900437,0.9339947565300251,0.9964361819953957
43,44,-5.066582095383281,5.968672696849467,0.07491023824766593,6.806235067031497,0.49366830553243113,0.937794527156338,0.9971614354639079
43,45,-5.569145101874279,6.124283544158673,0.07562167400526454,7.03263116666012,0.6452712302802277,0.9333367545361095,0.9975834697445923
43,46,-5.794021781341335,6.155646023114527,0.07504539871320275,7.23179539667514,0.4008769872132022,0.9321169944616297,0.9975637224348981
43,47,-5.357458645546465,5.887617738075594,0.07097300494209044,6.9538366270325955,0.4965351757979322,0.9371160211515706,0.9974868462294382
43,48,-6.78956815785954,7.319727250388669,0.08677176140215956,8.680267929661127,0.5962705693337147,0.921778500155937,0.9965315458651905
43,49,-5.936490265369377,6.6301101172843575,0.0775871456023916,8.336475867798928,0.4401320780130428,0.9315045534394761,0.9959270724673029
43,50,-5.444197444753133,6.043547006701149,0.06990492872665177,7.850218675570329,0.47817416906025806,0.937581947879243,0.9962469337078
43,51,-5.764735359629942,6.09673096977173,0.06925382346388256,7.767565979252307,0.46639464917419743,0.9366767359617776,0.9969299118559422
43,52,-6.291922243433113,6.455383002818963,0.0714556904894816,8.167939255187017,0.5013282083190207,0.9326172798331487,0.9971039546164844
43,53,-5.621271073795072,5.784731833180923,0.06219354049891014,7.433958332250619,0.6901969956470644,0.9400633963674072,0.9975981946169958
43,54,-6.34649808731831,6.691333643015918,0.07070462383613357,8.104634684046534,0.5460793581783708,0.9347417337084699,0.9974901353469193
43,55,-7.178480766723328,7.523316322420936,0.07864574798964497,8.850870131151947,0.32594957094564897,0.9283804045610511,0.9974256367874191
43,56,-6.531988305057914,7.347636652168785,0.07609377656027318,8.717009848546473,0.05203146272376363,0.9352249944627916,0.9967732222687636
43,57,-6.633315411128942,7.448963758239813,0.07605637865937037,9.162317382247362,0.09954790859383654,0.9344852085449425,0.9962850045142565
43,58,-5.678191309239096,6.772299443159762,0.06799175948091497,8.364505739887262,0.15894220603288883,0.944398153908512,0.996552621621723
43,59,-5.013820739035077,6.038105208121841,0.059804385629994974,7.764143018831191,0.2435861713565907,0.9511435400475766,0.996853707512594
43,60,-4.660872640679114,5.68515710976588,0.055057182863198745,7.205510581549777,0.35650061368420677,0.9549387765394101,0.9973975992740843
43,61,-6.365291302880342,6.9187629805538435,0.06602760527132005,8.50478800952305,0.36970074470095515,0.9408393844257239,0.9974214236271365
43,62,-6.002245566293911,6.8223334840379914,0.06371314794284151,8.39963245383505,0.36675843138132347,0.9444073947679125,0.9973083427347044
43,63,-7.277484137275701,7.819112268209986,0.07237679743049924,9.378292338844977,0.4064524103086547,0.9344022765159751,0.9973826137472511
43,64,-6.839793153065777,8.751222807941696,0.08000868175260763,10.103375709136198,0.09693470523157581,0.9377698966280902,0.9958698422984507
43,65,-6.919724633447101,8.83115428832302,0.07997163190761336,10.155524772709581,-0.049103067650307836,0.9379694835470185,0.9959709011349641
43,66,-6.043993893364197,7.955423548240117,0.07130171127479824,9.292119101299527,0.08795958783266726,0.9455945320266925,0.9964033168511339
43,67,-6.875822161740254,8.520635576545596,0.07583721063868548,9.697314239172904,0.1282650299870066,0.9395900733439543,0.9967109524291676
43,68,-6.530385722071877,8.36293860993705,0.07348477128250579,9.634331002474775,0.3430088414073653,0.9424649501971512,0.9965579519538359
43,69,-8.29957963301765,8.48731910607748,0.07430603620280124,9.671448578646078,0.31993154063702184,0.9308542465210993,0.9983558863133221
43,70,-8.463919608304757,9.268040208479588,0.08050808014310785,10.365763282702964,0.22973743828724394,0.9295664223197563,0.9976381070862483
43,71,-9.512014993489112,10.381043288403303,0.08940813708536252,11.494377399193144,0.27868722932889806,0.9220462855343178,0.9973513097895369
43,72,-8.347828499626496,9.26036235356273,0.07905367308647537,10.563543544969734,0.2973403925689891,0.9309923313985444,0.9973435936359197
43,73,-8.178163270959152,8.902957651835555,0.07577221270225673,10.124067112917533,0.2528372452379279,0.9332519816218476,0.9977308213954734
43,74,-7.42296495339524,8.147759334271644,0.06872947111572426,9.492460179073772,0.3119883006973477,0.9393196525342604,0.9977919993403118
43,75,-8.287535637458042,8.395948891219444,0.07001268690050322,9.864249154760603,0.5593286977407501,0.9335490578192187,0.9982747697082061
43,76,-7.486719028900943,7.668623179777365,0.0636747410188533,9.17062005385929,0.5770960579768252,0.9396313415346901,0.9983013159292062
43,77,-8.690264004978273,8.82866259683265,0.07297282420817991,10.105867571457559,0.5551883458866815,0.931326932647193,0.9984334118000778
43,78,-9.557157747487716,9.695556339342092,0.07989714488432732,10.851413027013308,0.6295239034404041,0.925206562816385,0.9984868457686707
43,79,-10.644379353900813,10.782777945755187,0.08885550304242751,11.692661930034062,0.5404548253067384,0.9179291505147078,0.9986760779590671
44,0,-2.4513362473474514,3.55492574226707,0.06625093029777902,4.559233810842421,0.5576811986004554,0.952773674579102,0.9953598412024205
44,1,-2.9746934325073435,4.383104483104515,0.08067235159065347,5.631082616961583,0.40179658234918963,0.9437026891272599,0.9930906676278369
44,2,-3.501989886214551,4.702411599819786,0.0845263883540276,6.108631147609018,0.47248663627287735,0.9367443759556039,0.9929572330894959
44,3,-4.498083639322633,5.500760491589477,0.09528358223553743,6.976194421702587,0.47656482005502415,0.9229372269983357,0.9927722566402916
44,4,-4.869656107008981,6.23924235731293,0.10487950935104427,8.024132792874067,0.36566751352473126,0.9176464800550262,0.9903814283684272
44,5,-6.168738619146751,7.083978895091983,0.11687902705426524,8.773528900913009,0.29026297501180354,0.9028965007841923,0.9913419703002017
44,6,-5.79229771904256,6.703697212860227,0.10622751095082501,8.354671695611412,0.14873473813069674,0.9111715789220957,0.9922990858745981
44,7,-5.915540596059435,7.189837766667661,0.11112184224473928,8.611302237926845,0.15599481397797535,0.9109011410584219,0.9920871731483365
44,8,-5.186104057166999,6.690868202815406,0.10192132913207332,8.289214521030992,0.06820015620492556,0.9214679815512342,0.9917132027850426
44,9,-6.4532257810585545,7.601190096126613,0.1136589888947792,9.42788979574058,0.08412591530620579,0.9055141103732494,0.9912213898179117
44,10,-5.1818407698350075,6.826682312724175,0.10022672959817318,8.85079941391222,0.015020435621842226,0.9218705290925235,0.9905065720564129
44,11,-6.03024640441929,7.2031941481186115,0.10481257938001734,9.464334226663475,0.051551318286633424,0.9121700448304841,0.9905878695617907
44,12,-5.4029283752182815,6.544840577180121,0.09438498185817196,8.952661843816724,0.028897178932098703,0.9216869119370952,0.9910103429299564
44,13,-6.253478178910735,7.154678930178846,0.10170672239584641,9.131425560351301,0.025771003756678224,0.9134710138797124,0.9924798834947087
44,14,-5.421675687183238,6.457509402964686,0.08963686384714534,7.822818635426882,0.17541364679355695,0.9256726018261062,0.9947091623766997
44,15,-6.174474396718742,6.949840480722651,0.09562460649746057,8.073186965720593,-0.08042645885457819,0.9191002595017608,0.9955643464679383
44,16,-6.305436694016624,7.0437264666684545,0.09542847037678044,7.855299463242719,0.06218128977762057,0.9189736989011065,0.9965185914073118
44,17,-6.901650987959801,7.434043980887664,0.10083554040135935,8.51290429938403,-0.09388446826871967,0.9127362105841887,0.9960678893183628
44,18,-5.214635735209465,6.6401218406956195,0.08940986814120916,8.057524517918159,-0.18276448259561914,0.9307209705857759,0.993995646324256
44,19,-4.655340322298587,6.201083270601887,0.08246220605967337,7.529719614933532,-0.09348818085088288,0.9378470848254299,0.9944884473947249
44,20,-5.2676480681309386,6.576981420390671,0.08697983239839978,7.873959562424887,0.05449482859892287,0.9308299733422086,0.9947489021392721
44,21,-5.426176551901167,6.735509904160897,0.08867014485943285,8.011105470966388,0.11154858489344759,0.9291376262136496,0.994748714639883
44,22,-5.4069858847893,6.590353881719921,0.08620573580641362,7.619994314964529,0.18147353352864742,0.9300300733940183,0.995685318705861
44,23,-6.131423925477883,6.524743172642453,0.08529794948429487,7.517213096486076,0.24745846788389372,0.9233420674917079,0.9972249805505055
44,24,-6.786515713549949,6.889560076342186,0.09065549388468147,7.861311942025646,0.323069799430023,0.916292780960274,0.9976902712995412
44,25,-6.508596280578478,6.611640643370715,0.08735827385208506,7.701473057513787,0.33154951446242653,0.9189666206090209,0.9974786245940768
44,26,-6.04748462708897,6.1505289898812086,0.08123781780700216,7.1654966023789415,0.5091292015470981,0.9242774485457037,0.9977902725844802
44,27,-6.662771368855369,6.7658157316476055,0.08943134792049152,7.65615763421881,0.5780366321883815,0.9171812206439639,0.9979138880784316
44,28,-7.708863959116379,7.708863959116379,0.10241119746496326,8.350412327728485,0.6308786989172134,0.9059643651397765,0.9985000077448107
44,29,-7.3512568961607965,7.380694097039891,0.09751356621271962,8.140004567652031,0.6006711734087525,0.9098741931001876,0.998240786432431
44,30,-7.526544944117368,7.780376505887372,0.10238462596549841,8.88005616530092,0.5592727252369875,0.9066980686439082,0.9968688328211824
44,31,-7.795383272799367,8.18898124158078,0.10826918329729446,9.260970242337493,0.3377523350037407,0.9037756432215561,0.996395991492778
44,32,-7.1491632393120605,7.542761208093473,0.09931419216763546,8.722689349440074,0.32003745146060936,0.9112469198021995,0.99637213580901
44,33,-6.499832434581663,6.893430403363076,0.09079655834332334,8.263163793256723,0.27741107468524695,0.9184653142607213,0.9961568270869604
44,34,-7.3725308180687765,7.736691585971094,0.10252729106277057,9.077661517161102,0.20464038007037139,0.9084943510908845,0.9958678445248803
44,35,-7.16100842388935,7.300774830900759,0.09707651856800949,8.497376283470713,0.20586911009691553,0.9123072691123776,0.9967998653894841
44,36,-7.0165649447217096,7.036249527728801,0.09361459136942588,8.277885684298305,0.2700303823641361,0.913540583996619,0.9970691255148982
44,37,-7.719173482295849,7.73885806530294,0.10259802975153237,8.905330662408044,0.32237345690146374,0.9059011018277264,0.9970720461659776
44,38,-7.33078348025163,7.350468063258722,0.0966884131692493,8.703876327027265,0.3990796153077238,0.910364081875744,0.9967804607225126
44,39,-6.2438970780867376,6.310283694792316,0.08226283142579717,7.697090901632679,0.4641357389737101,0.9228100967747886,0.9970408444137884
44,40,-5.278861854710674,5.786470920565007,0.07478490269351473,7.0293334406098795,0.36856292471799074,0.9337679294639708,0.9968344305885918
44,41,-3.9150756675123977,5.266884665280728,0.06746029709440388,6.435487502434552,0.2657007126388146,0.9490975487901073,0.996128945172604
44,42,nan,nan,nan,nan,nan,nan,nan
44,43,nan,nan,nan,nan,nan,nan,nan
44,44,nan,nan,nan,nan,nan,nan,nan
44,45,nan,nan,nan,nan,nan,nan,nan
44,46,nan,nan,nan,nan,nan,nan,nan
44,47,-6.228222118227977,6.476943390246992,0.07721248644169934,7.599379195472357,0.5102028656873971,0.9291180319665672,0.9976586177524722
44,48,-7.3762739210574475,7.6249951930764635,0.08930978652805763,8.92698313334108,0.5366253304218875,0.9178420031558365,0.9970812610090245
44,49,-7.094178939099846,7.295042901339116,0.08443858257069303,8.747082688835743,0.4304603517547024,0.9219527595180638,0.996990564641415
44,50,-6.9538332592375465,7.060426931509853,0.08104211510540166,8.526415570056374,0.4180293432747965,0.9242697422329563,0.9972253399903043
44,51,-6.8046109338833,6.8971586722785245,0.07798977709546362,8.282490579038067,0.3233688151131488,0.9278221155921055,0.9974853710551959
44,52,-6.787028347101226,6.87957608549645,0.0760750082606876,8.38384207432124,0.44289622862902767,0.929203754461947,0.9973974565509431
44,53,-5.7049314148908845,5.797479153286108,0.06255304415791112,7.352093495623982,0.5813500805657981,0.9404727131304679,0.9977779251698015
44,54,nan,nan,nan,nan,nan,nan,nan
44,55,nan,nan,nan,nan,nan,nan,nan
44,56,nan,nan,nan,nan,nan,nan,nan
44,57,nan,nan,nan,nan,nan,nan,nan
44,58,nan,nan,nan,nan,nan,nan,nan
44,59,-5.745492148088338,6.546459698298476,0.06382352790545824,8.374567395742615,0.29409720316955124,0.944697510430669,0.9968131988221642
44,60,-5.988564579974464,6.789532130184604,0.06522002459034093,8.54353521110122,0.28064554204653913,0.9432653149871357,0.9969234354519211
44,61,-7.417540037998976,7.792677874797331,0.07386465799923127,9.564077077320581,0.25325577228250323,0.9322483952842499,0.9971309810030137
44,62,-7.230818928389708,7.872573005258642,0.07388849794101668,9.480501417577406,0.05411739669649107,0.9346259996459003,0.9970796001424516
44,63,-7.545790989005936,7.909085279065075,0.07315253089063933,9.228654969620232,0.23920228395814108,0.9332313071211072,0.9978785966185415
44,64,-6.741912633281479,8.653342288157399,0.07908963635810276,9.898968509511281,-0.010581172531083722,0.9391656856129883,0.9960716380451846
44,65,-6.661297252154775,8.572726907030694,0.07742549202856225,9.855579614280117,0.002063223056623606,0.9404800453195921,0.9961626634220238
44,66,-6.203858062992364,8.115287717868283,0.07255496943283127,9.422267779676833,0.14695920763210463,0.9444565968786527,0.9964012759921962
44,67,-7.124066097844015,8.768879512649354,0.07775020333552927,10.051473691217762,0.08033760788898658,0.9377677475141565,0.9965099869539884
44,68,-7.411776113918186,9.056589528723526,0.07932391078525475,10.254954947107727,0.29952665044494137,0.9359628555831273,0.9966302660324409
44,69,-9.1885984115982,9.1885984115982,0.08003709425908763,10.250451384311097,0.37733473168119425,0.9247897341266388,0.9986537056710969
44,70,-9.576222753890455,9.576222753890455,0.08296395938536331,10.694892240004558,0.33155522894021616,0.9224807817083797,0.9985259597705824
44,71,-10.69649441606693,10.69649441606693,0.09167888928616087,11.650020056473917,0.37134955597989927,0.9152082516272815,0.9986620372151289
44,72,-9.378930520420335,9.422436079442383,0.07999526975414681,10.623677625463946,0.3501798526783134,0.9250875065779733,0.9984487121944936
44,73,-8.734732879354981,8.778238438377025,0.07402808270277843,10.017960883576281,0.35874920861133625,0.9305405935699733,0.9984915596908697
44,74,-7.788606094876468,7.832111653898514,0.06554334601192209,9.240729894453128,0.36737628176725257,0.9379293128155725,0.998456031842742
44,75,-7.603270349664354,7.879063531647365,0.06524208213425248,9.340797849931635,0.4737178455849701,0.9391281085268821,0.9982176086338873
44,76,-6.816186461241821,7.2303782350792085,0.059594884302723944,8.69417204133119,0.572202679207641,0.9448949096891811,0.9982393538796841
44,77,-7.619660304145075,8.369526056997278,0.06878152318469072,9.64707627663526,0.40527230528281166,0.9390587324265881,0.997908806513922
44,78,-7.8925968848885555,9.021642175777618,0.0740882884633772,10.270932746765729,0.27042768321562805,0.9367046823332741,0.9974269457249373
44,79,-8.610062572169431,10.118287401095355,0.08314794599898341,11.16553621766723,-0.05971768237453122,0.9313786950054677,0.9970052903058217
45,0,-3.767671712274006,4.733519633100745,0.08725817271970898,6.104053474655084,0.44390302760087835,0.930073361198911,0.9932655962893243
45,1,-3.6278492851979136,4.898518761702206,0.08833154511226318,6.083395391156418,0.40730725985180805,0.9337113649912677,0.9932165385437803
45,2,-3.9017088396727395,4.964388979185095,0.08707201416552499,6.222665122165632,0.4922342037212015,0.9315214560672834,0.9937413307700129
45,3,-4.908254724689402,5.773190002863368,0.09687045591598854,7.5990036963209535,0.5235071774772079,0.9160744791732013,0.9920208375997372
45,4,-5.222479608280528,6.539529647944912,0.10773726926188251,8.563506907888092,0.32609728317196196,0.912238940762177,0.989565665981816
45,5,-5.572952489984167,6.573398129382713,0.1064359576836049,8.672300080923202,0.2509646064983807,0.9103145944573751,0.9904183642783652
45,6,-5.712448412997901,6.709053270268883,0.10539081223875604,8.785305235986499,0.08772157483262966,0.911448800181779,0.9907661321586642
45,7,-5.96848674305721,7.32798927711875,0.11196484380319698,9.162436425962772,0.17138059169512243,0.9091354081906131,0.9905513863115996
45,8,-4.985818588543921,6.390407211882407,0.09587609708897642,8.111879080542847,0.15465018778802098,0.9244918064182639,0.9921014189298708
45,9,-6.559118952734357,7.568514195171146,0.11205837120481289,9.382142735523464,0.045512613703998395,0.9054821424470204,0.9917956331176084
45,10,-5.795396219713103,7.255479236139505,0.10608020330069454,9.181463008208846,-0.19426382444752927,0.9161161521649621,0.9908279030492676
45,11,-6.013350386258406,7.001539603494962,0.10133202002888506,9.085061946897477,-0.12538979495776129,0.915049828067687,0.9918138524086593
45,12,-5.226925194025673,6.184078869524747,0.08860314633494423,8.40161996570179,-0.12818202426117586,0.926248792504135,0.9923757039803053
45,13,-5.8498418739368,6.75166498450538,0.09528907695411774,8.527082489900414,-0.00789287899659019,0.9201684973964441,0.9934508318273548
45,14,-5.00773073388829,5.997374995838243,0.08212284710067315,7.0525608964888775,0.24742024493614906,0.9323931837381034,0.9959401728201952
45,15,-5.3648672979024195,6.162605110477602,0.08374307572115386,7.1106330676073215,0.1640787591304763,0.929863025446261,0.996452452648062
45,16,-5.7859738555315765,6.54663535675468,0.08804627555042051,7.496180127098433,0.10061770277897175,0.9256766323377791,0.9964102005818919
45,17,-5.967964923474457,6.5227296449735945,0.08705891025575406,7.612382989642908,0.08178673713707048,0.9244099551973957,0.9965313633716543
45,18,-4.772440996482334,6.155889295431407,0.08132243493946266,7.414091890590572,-0.012229340980213508,0.9371152728028029,0.995017607604832
45,19,-4.400403285818879,5.904108427585097,0.07684286383297488,7.106040261875454,0.14924928804326895,0.9416887021786021,0.9952765912078743
45,20,-5.6008918944823085,6.8458157116336835,0.0886390727597171,7.958364106229911,0.36558767745862325,0.9277768219139005,0.9953543691920632
45,21,-5.628356584209095,7.013357938171378,0.09048671474400168,8.120851778085488,0.29367885367544233,0.9276270646399412,0.9950481427889525
45,22,-5.666018213967343,6.925054212600519,0.089423535125639,7.947896131087666,0.2492896414826354,0.9276660364734344,0.9954979845911872
45,23,-6.086381252626336,6.619778036601815,0.08545023162293852,7.6887332651018765,0.35944892244147797,0.9241435534874273,0.9968407792771983
45,24,nan,nan,nan,nan,nan,nan,nan
45,25,nan,nan,nan,nan,nan,nan,nan
45,26,nan,nan,nan,nan,nan,nan,nan
45,27,nan,nan,nan,nan,nan,nan,nan
45,28,nan,nan,nan,nan,nan,nan,nan
45,29,-6.321493126329933,6.350930327209028,0.08278220788178277,7.281277558133091,0.42180930260608474,0.9223649341481106,0.9980998762639944
45,30,-7.1761053475353584,7.205542548414453,0.09382073312882962,8.467580043307644,0.29493868425207687,0.9124473779777044,0.9971155285784402
45,31,-7.171165939547434,7.340369547437936,0.09583634248751238,8.649778524669694,0.14034003130018677,0.9122662390373173,0.9966183254234011
45,32,-6.658672481855235,6.82787608974574,0.08877132240230963,8.155196011122262,0.11883597188436058,0.9185215733253933,0.9967777226899994
45,33,-6.785731069943308,6.954934677833812,0.09074175275413525,8.25510343798052,0.13619664440107596,0.9171746075624733,0.996760321005028
45,34,-7.379110412745322,7.518876819756729,0.09870371832133423,8.737561878592173,0.11907101164334025,0.9105964675914878,0.9967599009747681
45,35,-7.308208890810497,7.447975297821904,0.09805579612695971,8.362236534062372,0.17898061653852623,0.9121301377382306,0.9974792340964992
45,36,-7.897257510727462,7.897257510727462,0.10439597185776975,8.719047949660686,0.16955702502300626,0.9057032999453473,0.9978845724868249
45,37,-8.569174699723812,8.569174699723812,0.11291083645671421,9.302087139488572,0.31324304054149316,0.8985541675536481,0.9980161907026037
45,38,-8.41078664650829,8.41078664650829,0.10970417015545314,9.320065913207838,0.22574009698009578,0.9009132452781888,0.9976296194496884
45,39,-7.670700436710472,7.7174024704089605,0.1000713973040543,8.779143611881521,0.17685088838248295,0.9088712525470081,0.9973595085933051
45,40,-6.456423923466637,6.944348406313878,0.08944169947591135,8.051781772366393,0.0132398814647578,0.9214525607805192,0.9966769965345823
45,41,-4.5016108831129715,5.853419880881302,0.0744797190672319,7.072540989667285,0.19304224908375348,0.9426271901580687,0.995720622159437
45,42,nan,nan,nan,nan,nan,nan,nan
45,43,nan,nan,nan,nan,nan,nan,nan
45,44,nan,nan,nan,nan,nan,nan,nan
45,45,nan,nan,nan,nan,nan,nan,nan
45,46,nan,nan,nan,nan,nan,nan,nan
45,47,-6.518754235574969,6.6732052176270225,0.07888828347485942,7.960722107068438,0.3439848916894736,0.9269442104538225,0.9974598081232823
45,48,-7.453346019472768,7.607797001524822,0.0882954444899701,9.067119656073293,0.49109696891405136,0.9177752460728461,0.9969719422089106
45,49,-6.972957058592215,7.079550730864521,0.0812885922343814,8.68857195271178,0.3803252937930629,0.9239460889460754,0.9969395415474189
45,50,-6.754092860872797,6.8606865331451035,0.07797661231849647,8.523198667952203,0.37584127810290185,0.9266799739071301,0.9969734896874377
45,51,-6.642232327725123,6.734780066120347,0.07532157998574877,8.314484472854119,0.32918047547742496,0.9295662558126027,0.9972581102623055
45,52,-6.883366075014043,6.975913813409266,0.0765681613107913,8.559456653866636,0.41269479895086236,0.9286001308078283,0.9972693527928693
45,53,-5.522249863517927,5.614797601913151,0.06003787005030031,7.0876650916954045,0.6183694611268274,0.9425690701969783,0.9979938595631248
45,54,nan,nan,nan,nan,nan,nan,nan
45,55,nan,nan,nan,nan,nan,nan,nan
45,56,nan,nan,nan,nan,nan,nan,nan
45,57,nan,nan,nan,nan,nan,nan,nan
45,58,nan,nan,nan,nan,nan,nan,nan
45,59,nan,nan,nan,nan,nan,nan,nan
45,60,nan,nan,nan,nan,nan,nan,nan
45,61,-7.222764864131002,7.597902700929356,0.07169793671790797,9.370461453835293,0.1951013426800044,0.9342109688922031,0.997210752156503
45,62,-7.313382278157851,7.724979572014591,0.07213345409178862,9.303627466574616,0.1002939369331662,0.9345510673232085,0.9974564565478997
45,63,-7.658255072963174,7.791392580010118,0.07172103015276927,8.97223748203376,0.3293459886635588,0.9329994806765769,0.9983719643291582
45,64,-7.925852834214683,8.327447918855208,0.0758370183869706,9.36249897449495,0.2725385687551827,0.9316441062551205,0.9981726343116005
45,65,-7.563629081935112,7.965224166575637,0.07159187762711251,9.064089942454144,0.2294446108701601,0.9354861174542959,0.9981992074916632
45,66,-7.772202888384288,8.173797973024813,0.07247166630076894,9.320542120409838,0.4020222729785797,0.9341116198586294,0.998171739585788
45,67,-8.06475087903847,8.42988650662061,0.07373793458626225,9.365538005401248,0.5429096611870864,0.9326094065643757,0.9984963028368273
45,68,-8.291451983489237,8.656587611071377,0.07479089306704116,9.604801446998263,0.5792132242529375,0.931499709836242,0.9984925528516793
45,69,-8.982787452933772,8.982787452933772,0.07705154819314282,9.866355718162582,0.6921464043520441,0.9271655010369024,0.998969161627974
45,70,-8.935760300163343,8.988060359181022,0.07679119662391204,10.004357014551175,0.5284458237178563,0.9278948637861629,0.9987284435209086
45,71,-9.597496742224205,9.649796801241882,0.08151900363528512,10.63870071938428,0.5633224647762398,0.9237074447281679,0.9987255458362995
45,72,-8.747681553254656,8.84348717129438,0.07425217676238148,10.13864771875399,0.4661967853996538,0.9301563532172145,0.9983948088145308
45,73,-7.894609986580727,8.210446774921936,0.06849504710351972,9.566599671900692,0.38508785782528715,0.9368921570318453,0.9981996115331094
45,74,-7.069158008586905,7.384994796928113,0.06115905618287821,8.750812350154737,0.34900071806331223,0.9435532444725782,0.9983625460289063
45,75,-7.038293477997549,7.851685452556058,0.0645096459703426,9.288174003771044,0.23164545196952954,0.9436183019382158,0.9977730638504153
45,76,-7.068226027182337,7.881618001740849,0.06459208085254811,9.394785391013041,0.26400290494778866,0.9432928231407339,0.9976949596648883
45,77,-7.35824724125223,8.526298279230412,0.06979353517047172,10.034126100369585,-0.03915104734593729,0.9411154840455215,0.9972097681815784
45,78,-7.586516741729265,8.93270123184768,0.07311866195679828,10.515322696740276,-0.23291843419527555,0.9392205849011784,0.9968311863290531
45,79,-7.7226151773153155,9.466964289875445,0.07757598072780643,11.157636843920823,-0.40746497104681095,0.9377736956944664,0.9961270207917698
46,0,-3.8181266980276183,5.250390610320244,0.09572318765919649,6.33614134668546,0.2378002531872809,0.9304882267288909,0.9926693893262509
46,1,-2.857460398407363,5.273951662405325,0.09365085036906633,6.211848070847081,0.10601104803366967,0.9462697515790923,0.9913372000979926
46,2,-3.8026378913309755,6.011139818336999,0.10332798000527194,7.429358600278853,0.30094957635566694,0.9298099266736807,0.9894428087783446
46,3,-4.376637769940603,6.387394835608237,0.1062612441973023,8.369438377481325,0.3406624438178737,0.9205611601082471,0.9878530980992593
46,4,-4.519729457221196,7.007876793964339,0.1142426358108008,9.183039227379666,0.3376859711495432,0.9182196167802193,0.9855658625198664
46,5,-5.07401827602498,6.753869711451307,0.10873069658200335,9.089719266799897,0.200292840506111,0.9149474763067447,0.9876997284352044
46,6,-5.935643898055655,6.9322487553266345,0.10884279258238251,9.239367430120765,0.13714100351591732,0.9081454793774335,0.9897367949422805
46,7,-5.339416007326702,6.698918541388241,0.10142736020678439,8.70558122041417,0.30524857546550227,0.9176628533571612,0.9908002572684329
46,8,-5.056487919768252,6.405745978176245,0.09490957590883245,8.007656001950922,0.30281749310144723,0.9243884432171445,0.9927671721073501
46,9,-5.882295722401262,7.288135582561676,0.1061423106603989,9.117270257237278,0.06618298870050907,0.9145811815866676,0.9912207582347125
46,10,-5.49322261414987,7.32526546481989,0.10564570836765735,9.164852263066164,-0.3121168691748865,0.9207496297614415,0.990415447610689
46,11,-6.2824566078759085,7.642605659356084,0.1089823997225311,9.751565495900733,-0.21050759928313378,0.9116875371325338,0.9904718114069639
46,12,-5.256791907943159,6.881987661187413,0.09710097871543664,9.158977755988005,-0.2747555808943065,0.9253948858940926,0.9903439336799852
46,13,-5.875606136031257,7.500801889275511,0.10423732501773127,9.558709028797383,-0.1773666266455714,0.9185410909181898,0.9906280025526876
46,14,-5.627175346528123,6.878500613637,0.09366070920529136,8.389966027488684,0.08159510850293591,0.9239953195490545,0.9937772789164625
46,15,-6.199232872102089,7.283136473316199,0.09834046083492588,8.662051505008696,0.01097857524770083,0.9190827473100419,0.9942504716622069
46,16,-6.219605549109699,7.266432838971732,0.09690830493927663,8.433694528015053,-0.09496073656521468,0.9203832229418475,0.9950191287632149
46,17,nan,nan,nan,nan,nan,nan,nan
46,18,nan,nan,nan,nan,nan,nan,nan
46,19,nan,nan,nan,nan,nan,nan,nan
46,20,nan,nan,nan,nan,nan,nan,nan
46,21,nan,nan,nan,nan,nan,nan,nan
46,22,-5.924835850022075,7.183871848655251,0.09225979858049703,8.262923813717528,0.17606370588791043,0.9253109918333505,0.9952793516504618
46,23,-6.691628483689851,7.22502526766533,0.09277663417237055,8.18764894963984,0.2218298776925046,0.9183267972301097,0.9968740289746688
46,24,nan,nan,nan,nan,nan,nan,nan
46,25,nan,nan,nan,nan,nan,nan,nan
46,26,nan,nan,nan,nan,nan,nan,nan
46,27,nan,nan,nan,nan,nan,nan,nan
46,28,nan,nan,nan,nan,nan,nan,nan
46,29,-6.149171474125,6.673178530652122,0.08631836376207062,7.691849878616217,0.03289721732980853,0.924591275956821,0.9968772978565148
46,30,-7.181601568011859,7.705608624538981,0.09979335596463425,8.88594973383585,-0.10077916961746416,0.9128950343322153,0.9960683219113373
46,31,-6.796627462825548,7.46040092636408,0.09655951338226801,8.617950867822012,-0.11534884594858841,0.9172505868179647,0.9959392978058378
46,32,-6.738679582872123,7.385946830662437,0.09522169116271482,8.622841410088691,-0.12256666884215227,0.9179796137570425,0.9958547609451209
46,33,-6.777522444230183,7.424789692020497,0.09573132870789966,8.612622676608394,-0.06530035555977762,0.9174114716094176,0.9959619970146337
46,34,-7.06054287835268,7.391972969341464,0.0957760719816277,8.709644663881503,0.01617136575782189,0.9144016181787479,0.9962654981680166
46,35,-6.23886053009757,6.693585367220792,0.08632273108729414,7.824966293494301,0.10599126907841289,0.9237215941248256,0.996782202285061
46,36,-7.109039442084552,7.423997872196367,0.09674811504179863,8.51004283259745,-0.09252518373143474,0.9138668836010431,0.9968026341617761
46,37,-7.067904576084446,7.382863006196261,0.0958206490327137,8.293474533125686,0.07368894369007163,0.9149373051768106,0.997256523041866
46,38,-6.915196153882339,7.258288819713609,0.09365672047920233,8.421353462958587,0.06308341965281819,0.9163854477022642,0.9967019450054715
46,39,-6.899798646498732,7.097929662051115,0.09077934612816037,8.333317524540357,0.15873806611986271,0.9170500654252285,0.9969489372961869
46,40,-7.055142748607789,7.129979018025733,0.09088230460875925,8.406552961349897,0.30587195107205417,0.9155467741507085,0.9971211848314517
46,41,-5.270103146582691,6.208823930921722,0.07797821552743799,7.497938679127636,0.4209647483658835,0.9343067553715972,0.9960888502573713
46,42,nan,nan,nan,nan,nan,nan,nan
46,43,nan,nan,nan,nan,nan,nan,nan
46,44,nan,nan,nan,nan,nan,nan,nan
46,45,nan,nan,nan,nan,nan,nan,nan
46,46,nan,nan,nan,nan,nan,nan,nan
46,47,-6.335446548778692,6.489897530830745,0.07556614736081241,7.79195523976036,0.41906758031699337,0.9292736198164477,0.9975826725011626
46,48,-6.842082172502,6.996533154554052,0.07996284923623104,8.501477239886933,0.5440527570449264,0.9246024957209645,0.9971680734130581
46,49,-6.406599451169445,6.513193123441751,0.07354680232598128,8.07835150942744,0.41146738265505006,0.9304698854062101,0.9973078607596305
46,50,-6.549672276685997,6.656265948958303,0.07467423202093833,8.166255658776521,0.37800461861658075,0.9295798593861124,0.9973930592748833
46,51,-6.841099398075971,6.933647136471195,0.07626229302438363,8.453476471054707,0.3707263983214917,0.9279563030258099,0.997417225317158
46,52,-7.68526009021341,7.777807828608633,0.08431751008757014,9.398797413567554,0.410072340279708,0.921081438319151,0.9970536446404589
46,53,-7.603430722439725,7.695978460834949,0.08166476181759505,9.473086172477696,0.581578438863882,0.9223730718056705,0.9969515100837585
46,54,nan,nan,nan,nan,nan,nan,nan
46,55,nan,nan,nan,nan,nan,nan,nan
46,56,nan,nan,nan,nan,nan,nan,nan
46,57,nan,nan,nan,nan,nan,nan,nan
46,58,nan,nan,nan,nan,nan,nan,nan
46,59,nan,nan,nan,nan,nan,nan,nan
46,60,nan,nan,nan,nan,nan,nan,nan
46,61,-7.104525765732502,8.194393530143829,0.07694302043648588,9.823205974626672,-0.08502996511610819,0.9350590040561235,0.9963903477386595
46,62,-7.303081900667462,8.429409122137175,0.07838512346409858,9.944916868708773,-0.12366508788831117,0.9342556680836726,0.9965051559291379
46,63,-7.759432067816192,8.763595944644473,0.0802184120694128,9.863373630687223,0.12781748624549738,0.9316820505852554,0.9972644269288486
46,64,-8.098077394590808,9.005563221430531,0.08155914778310773,10.00561937606557,0.2750341846722706,0.9299315551800194,0.9975183782439456
46,65,-8.307483180234147,8.343942637292532,0.07460364440048892,9.512760239485452,0.39906873019561095,0.9301163723907595,0.9984844965990914
46,66,-8.932012130556698,8.968471587615083,0.07896649384648663,10.070779605697004,0.5021124836041806,0.9261051806315145,0.998545341619768
46,67,-9.076130856717766,9.076130856717766,0.07880723070622363,9.891852139448442,0.5982485176167424,0.9260866225104237,0.9989981324415673
46,68,-8.884724069420601,8.884724069420601,0.07625854942407977,9.703837737842182,0.5749103133161241,0.9283079675202371,0.9990316630410735
46,69,-9.155909258474715,9.155909258474715,0.07795093518261641,9.917221354240022,0.6121241545145862,0.9268465667934086,0.9990985063815602
46,70,-8.971777652192058,9.024077711209737,0.07652573954008417,9.957479702072282,0.42214893301808976,0.9285200675719083,0.9988265109568755
46,71,-8.974513047080992,9.02681310609867,0.07582363108660867,10.147500716404984,0.41725796067565457,0.9287366397549925,0.9986295630549501
46,72,-8.466118767941547,8.518418826959227,0.07101476859166363,9.764602168328022,0.3627686998206322,0.9329104713202533,0.9985598251277454
46,73,-7.7349205036763236,8.007251732995487,0.06648899230627346,9.26730749980567,0.24603355745076808,0.9386036905427702,0.9983972113362044
46,74,-7.122939397993303,7.395270627312466,0.06083796506337073,8.644268035705524,0.3463234853013733,0.9435430284683113,0.998544906704542
46,75,-7.552989211516312,8.32287562705278,0.0680583073523102,9.64069820932388,0.20539726928427482,0.9401684455013374,0.9978589719401126
46,76,-8.096811328157392,8.866697743693857,0.07232676220461115,10.148199472501668,0.20090185077238756,0.936276794719717,0.997797784966404
46,77,-7.812303666110377,8.980354704088558,0.07319793492444132,10.520624344177412,-0.023916420702382406,0.9379415077803872,0.9970711343733046
46,78,-7.954970742099885,9.3011552322183,0.07579446632182973,11.020505290897791,-0.2914891257752897,0.9366875122646913,0.9965782882670318
46,79,-7.555541663921579,9.299890776481709,0.07597977528260902,11.334340438611783,-0.4710612636471561,0.9389663719506965,0.9957688894918967
47,0,-2.0723034550275488,4.8616171727123705,0.08586934680648722,5.953548490713584,0.26755135758598003,0.9574445823096616,0.9910852776497443
47,1,-1.8881406696200913,5.099545759302786,0.08829526195410868,6.047738643338046,0.2260629603417342,0.9607987253672322,0.9907745271701556
47,2,-3.184057462893611,5.78213028492952,0.09729094033501419,7.10733604664047,0.44240076267264994,0.9391529729966553,0.989771035940581
47,3,-4.605237323434089,6.589977877823213,0.10819712174601877,8.342578332715565,0.46191966999669004,0.9183681494546689,0.9888566536098657
47,4,-4.4745564310196535,6.795666243056635,0.10953415662384881,8.391940039828764,0.4263779526312837,0.9222021292287225,0.9888436304474751
47,5,-5.365377135237249,6.878191045957416,0.1088596260606592,8.549951990795716,0.3595351964062547,0.9138011206724418,0.9907408517870959
47,6,-6.109132488197129,7.095492869814561,0.10934274939835419,8.768463558798963,0.2684565604550546,0.9080979884954014,0.9921639116506148
47,7,-6.298134692662364,7.284495074279798,0.10933214216861302,8.671361584179309,0.4281018336885147,0.9078487031142075,0.9933814247247766
47,8,-6.1562339152422885,7.1425942968597225,0.10452939420830744,8.191347110936722,0.5600264418507743,0.9119827966069879,0.9948371942798181
47,9,-7.232214569585527,8.275156752955382,0.12002499374605051,9.771816896023553,0.0932270228551494,0.9000408571861082,0.9924456163561082
47,10,-6.236617085702807,7.705762259582271,0.11053300666009078,9.409015438432073,-0.23273728632332932,0.9133739295583918,0.9913493108440748
47,11,-6.614483632268187,7.998804213976599,0.11344170273967284,9.942146819972816,-0.30225879157559665,0.909299192375766,0.9906614897095238
47,12,-5.828945842092277,7.778735467287585,0.10834709063586775,9.98071288310674,-0.1771229370721218,0.9180802646335856,0.9891654817915253
47,13,-6.3044003057877624,8.25418993098307,0.11292384176828886,10.352429459687913,-0.11494228915746049,0.9130626691010248,0.9893679856205352
47,14,-6.102881672665944,7.678800811725876,0.10367854167875411,9.324994423435971,0.05918842007479322,0.9176399866544303,0.9922665802346143
47,15,-6.764192826200242,8.172690299365408,0.10938271595507637,9.61491226113264,0.04875165917869947,0.9118655625534057,0.9929301040672204
47,16,-7.557209226035213,8.541561180829506,0.11287456793593881,9.749615861681004,0.08725597402721023,0.905304032987466,0.9944695963513777
47,17,nan,nan,nan,nan,nan,nan,nan
47,18,nan,nan,nan,nan,nan,nan,nan
47,19,nan,nan,nan,nan,nan,nan,nan
47,20,nan,nan,nan,nan,nan,nan,nan
47,21,nan,nan,nan,nan,nan,nan,nan
47,22,-7.01434308202784,7.983104196288682,0.10183689372351297,8.93628305663893,0.27877068356547124,0.9143382282239011,0.9958069088032938
47,23,-8.045978845134709,8.289100744737853,0.1058599936380632,9.197017248454076,0.3600684565485922,0.9046266057529272,0.9973297171617708
47,24,nan,nan,nan,nan,nan,nan,nan
47,25,nan,nan,nan,nan,nan,nan,nan
47,26,nan,nan,nan,nan,nan,nan,nan
47,27,nan,nan,nan,nan,nan,nan,nan
47,28,nan,nan,nan,nan,nan,nan,nan
47,29,-5.636224258592961,6.160231315120083,0.07903044129157127,7.169991610402245,0.1546919955736289,0.9308556194891333,0.9971533474353187
47,30,-6.17825287225287,6.702259928779992,0.08601002147418796,7.683750268737555,0.12215282837352892,0.9247185492923401,0.9970056044382685
47,31,-5.686699868602812,6.350473332141344,0.08130882693322251,7.287982451649441,0.10323474982088665,0.9304682624702233,0.9969989018347827
47,32,-5.80282136871039,6.583364310569011,0.08404273384419621,7.647539115254551,0.1938094392568016,0.9285883162238178,0.9964797279543236
47,33,-6.253499506579294,7.034042448437915,0.08941307015643842,8.085576911024308,0.24178371319369515,0.9234561184377424,0.996353256749087
47,34,-6.129153265916317,6.593859050973407,0.08374682988618097,7.687001540110805,0.3955369106207934,0.9252073190783576,0.9970244065748621
47,35,nan,nan,nan,nan,nan,nan,nan
47,36,nan,nan,nan,nan,nan,nan,nan
47,37,nan,nan,nan,nan,nan,nan,nan
47,38,nan,nan,nan,nan,nan,nan,nan
47,39,nan,nan,nan,nan,nan,nan,nan
47,40,-7.561617835873635,7.6364541052915795,0.0963363884291187,9.077700383663922,0.4041386693781994,0.9101623222923174,0.9966615246460637
47,41,-5.3724936629969715,6.3112144473360035,0.07874776768458663,7.828245726302757,0.424256092644208,0.9331350441395538,0.9956187917683691
47,42,nan,nan,nan,nan,nan,nan,nan
47,43,nan,nan,nan,nan,nan,nan,nan
47,44,nan,nan,nan,nan,nan,nan,nan
47,45,nan,nan,nan,nan,nan,nan,nan
47,46,nan,nan,nan,nan,nan,nan,nan
47,47,-7.034351945985895,7.174756994160864,0.08312397389505544,8.417675252789342,0.3671542747202441,0.9225967724546033,0.9975471902936877
47,48,-7.13996816516232,7.280373213337288,0.08288631864463886,8.431942221074216,0.5070249231214579,0.9227115148671942,0.9977867127780091
47,49,-7.555980884260569,7.555980884260569,0.08513707308877999,8.57720371134128,0.3768854831243666,0.9205119630240525,0.9981929575846716
47,50,-7.278454355137194,7.6979624685200205,0.08615522313262437,8.621672394677944,0.11082726718800096,0.9234642094420296,0.9976498512568083
47,51,-6.6771209366359505,7.096629050018777,0.07777907781867567,8.131602744004434,0.36022618255052846,0.9302670948374209,0.9977268103666369
47,52,-7.498042345034191,7.9175504584170175,0.08526019247507578,9.107594318085038,0.45065868118434144,0.9235677178148418,0.9973219592052479
47,53,-8.119329880921908,8.538837994304735,0.09011680692031326,9.979249050326159,0.5730617692111011,0.918203749924187,0.9968459500069229
47,54,nan,nan,nan,nan,nan,nan,nan
47,55,nan,nan,nan,nan,nan,nan,nan
47,56,nan,nan,nan,nan,nan,nan,nan
47,57,nan,nan,nan,nan,nan,nan,nan
47,58,nan,nan,nan,nan,nan,nan,nan
47,59,nan,nan,nan,nan,nan,nan,nan
47,60,nan,nan,nan,nan,nan,nan,nan
47,61,-7.135779442680953,8.12896915710372,0.07607437732408251,9.668168294565104,-0.06647230495898152,0.935559031275463,0.9966782446263169
47,62,-7.083451474573795,8.076641188996563,0.07464237703616038,9.52686666839702,-0.05768561791954571,0.9367647552992721,0.99691205382288
47,63,-7.805145656068724,8.676172025850063,0.07891312505356948,9.711961790626491,0.10931902093553265,0.9319468483755875,0.9975657405580697
47,64,-7.64511946267211,8.516145832453448,0.07662913207168866,9.575824212344413,0.25202499192424965,0.9339280770010149,0.9976289157040584
47,65,-8.197047088285588,8.197047088285588,0.0729659660691942,9.273485118211449,0.36753009328690905,0.9314896700646782,0.99867252867879
47,66,-9.116742993716635,9.116742993716635,0.08014404390248231,10.146652537622701,0.435504948747083,0.9251956794338797,0.9986542387912687
47,67,-9.243942590993777,9.243942590993777,0.0800235959410912,10.113228771548997,0.5203285159713406,0.9250934242114209,0.9989110556636639
47,68,-8.959617688436511,8.959617688436511,0.07646019753951255,9.750214786952982,0.5554841984486797,0.9282131178646984,0.9990669620269877
47,69,-9.70090650741751,9.70090650741751,0.08215278780007891,10.352809962000697,0.514379250436252,0.9235447011559247,0.9991877921691995
47,70,-9.18250214800247,9.234802207020147,0.07786958112783257,10.160840321968259,0.2310190114610987,0.9276271770906043,0.9988080842877388
47,71,-9.205303096622318,9.257603155639996,0.07735337063707906,10.412641862234658,0.24573305777114227,0.9275742799078631,0.9985592030571672
47,72,-8.855294013065818,8.907594072083496,0.07383995177894957,10.314869567807694,0.16230696816797432,0.9303796142211146,0.9983196086311072
47,73,-7.735499417640544,8.080593844081779,0.06671392719098616,9.727789185801196,-0.0018979965724017023,0.9386153188392027,0.9978870541429267
47,74,-6.839703535358551,7.184797961799785,0.058777008036717884,8.932596795962894,0.16091895073312606,0.9455786297563641,0.998013191141762
47,75,-7.394460308285106,8.237109920943645,0.06713255127492246,9.890554605430113,-0.021387709178123913,0.9413518884125068,0.9974392122359951
47,76,-7.660489666655009,8.503139279313547,0.06902873612450901,9.990974932370051,-0.004531281280280058,0.939662864260631,0.9975866913008203
47,77,-7.148081311643573,8.388895546743827,0.06802358587649483,10.030655630797868,-0.12025079374254238,0.9430653181952089,0.9970866453740982
47,78,-7.588782259433187,8.934966749551602,0.07246569370591403,10.694502529132304,-0.17760144439530343,0.939541465907521,0.9966802050877341
47,79,-7.337410978608018,9.081760091168148,0.07382288168579305,11.130017116756004,-0.26645456939007006,0.9405895914756447,0.9958815637183771
48,0,-3.4129702840521157,6.073594313654716,0.10643297351683431,6.991202542328442,0.3241645808888489,0.9349090419926727,0.9899187099512087
48,1,-2.75534490161544,5.838060303215912,0.10080520016471121,6.746155152753383,0.20829058437008713,0.9463116110484896,0.9897730141348315
48,2,-3.6180782666701923,6.087461400623879,0.10260161372062465,7.455428323806955,0.34998062066186236,0.9330592795144342,0.989412214972334
48,3,-4.448262083750242,6.304312950057145,0.10373361647537646,8.161235772014898,0.304359176416304,0.921852009809927,0.9891549970260956
48,4,-4.450788989396824,6.251024205729387,0.1007648905620309,7.969837967247086,0.40565733971063084,0.9246312458053124,0.9903685656292045
48,5,-4.748576509354566,5.869205512452538,0.0924448878300021,7.881683935740396,0.4138799930786867,0.92368327216631,0.991712743002466
48,6,-5.699892370090091,6.282590112828505,0.09606268651919324,8.220171287150025,0.25693342729524454,0.9154489319315008,0.9930039229647522
48,7,-5.50278137295684,6.085479115695255,0.09064602436382856,7.631609245859077,0.3371884797819279,0.9207200729116558,0.9946505584017651
48,8,-5.567170243179592,6.1498679859180045,0.0887875257482886,7.242513024139087,0.4212485519426259,0.9220811796837128,0.9961497080157828
48,9,-5.985543460052509,7.017007912165538,0.10046215626212565,8.446392986762396,0.024244617397350374,0.9172267958579422,0.9937081716390969
48,10,nan,nan,nan,nan,nan,nan,nan
48,11,nan,nan,nan,nan,nan,nan,nan
48,12,nan,nan,nan,nan,nan,nan,nan
48,13,nan,nan,nan,nan,nan,nan,nan
48,14,nan,nan,nan,nan,nan,nan,nan
48,15,-6.182170401094863,8.463140133483021,0.11151982702986712,9.81868068820438,0.05746332678624083,0.9178829061625499,0.9913460511175546
48,16,-7.245879514079971,8.370215193490786,0.10961293642774397,9.650457210804623,0.02020050150735941,0.9095302937681775,0.9941412192067042
48,17,nan,nan,nan,nan,nan,nan,nan
48,18,nan,nan,nan,nan,nan,nan,nan
48,19,nan,nan,nan,nan,nan,nan,nan
48,20,nan,nan,nan,nan,nan,nan,nan
48,21,nan,nan,nan,nan,nan,nan,nan
48,22,-7.049097164948855,8.017858279209698,0.10143517457277712,8.817294622514247,0.23071385518947618,0.9149428118174306,0.9962306820052881
48,23,-8.239135905906256,8.379213442717164,0.10624050558866807,9.181387759589757,0.1830832392628909,0.9038077887295667,0.9978066369362867
48,24,nan,nan,nan,nan,nan,nan,nan
48,25,nan,nan,nan,nan,nan,nan,nan
48,26,nan,nan,nan,nan,nan,nan,nan
48,27,nan,nan,nan,nan,nan,nan,nan
48,28,nan,nan,nan,nan,nan,nan,nan
48,29,-4.982379262689154,5.83600936277001,0.07427462856637801,6.9280416669119536,0.2866956935597135,0.9377934533510157,0.9966818212978376
48,30,-5.150437746225598,6.0040678463064525,0.07647450007982927,6.970018065890871,0.26860150686495426,0.9360475669455502,0.9968438355567415
48,31,-5.377864685237905,5.901871741765028,0.07468775292570234,6.80548317231738,0.32995877597272644,0.9346120428636344,0.9975412108630315
48,32,-5.430969116330536,6.071745651177748,0.07686842975597707,7.228078801814911,0.3170938471832396,0.9333346124488465,0.9968096912370776
48,33,-5.485310129661898,6.208595179672324,0.07836355846481764,7.3620446938342745,0.26713991098597395,0.9327301174334257,0.9966420979285378
48,34,-5.186176860064709,5.771185865551891,0.07293270301589358,7.006428883273389,0.30531108437678295,0.9360905220829815,0.9968812240637328
48,35,nan,nan,nan,nan,nan,nan,nan
48,36,nan,nan,nan,nan,nan,nan,nan
48,37,nan,nan,nan,nan,nan,nan,nan
48,38,nan,nan,nan,nan,nan,nan,nan
48,39,nan,nan,nan,nan,nan,nan,nan
48,40,nan,nan,nan,nan,nan,nan,nan
48,41,nan,nan,nan,nan,nan,nan,nan
48,42,nan,nan,nan,nan,nan,nan,nan
48,43,nan,nan,nan,nan,nan,nan,nan
48,44,nan,nan,nan,nan,nan,nan,nan
48,45,nan,nan,nan,nan,nan,nan,nan
48,46,nan,nan,nan,nan,nan,nan,nan
48,47,-7.0816463500188185,7.222051398193787,0.08340802017150477,8.249356244487904,0.2921607053973025,0.9230996729528046,0.9979364455363047
48,48,-6.755154602333176,6.895559650508145,0.07792081307147125,7.967111801314411,0.4918850741797822,0.9273909331585855,0.9980391280103913
48,49,-7.130722748081182,7.130722748081182,0.07965987362440219,8.09059957109479,0.44926525437904286,0.9252517178890703,0.998413250794345
48,50,-6.755082077744605,7.1745901911274315,0.07980293990706194,8.122821242390353,0.20528128812706614,0.929253272598506,0.9977570553364667
48,51,-6.6956846558907905,7.115192769273617,0.07766489577793925,8.09497053591212,0.3801202142266488,0.9307125111315077,0.9978218073842641
48,52,-7.020832482484916,7.440340595867742,0.07992902717269926,8.582181455163752,0.37911543355319777,0.928980857957328,0.9975206380386914
48,53,-7.4447217903735154,7.864229903756342,0.0828735879379969,9.281597109511319,0.5141881933326031,0.925268096872072,0.9970636873279819
48,54,nan,nan,nan,nan,nan,nan,nan
48,55,nan,nan,nan,nan,nan,nan,nan
48,56,nan,nan,nan,nan,nan,nan,nan
48,57,nan,nan,nan,nan,nan,nan,nan
48,58,nan,nan,nan,nan,nan,nan,nan
48,59,nan,nan,nan,nan,nan,nan,nan
48,60,nan,nan,nan,nan,nan,nan,nan
48,61,-7.111343837120293,8.104533551543062,0.07527317600150972,9.426520047929136,0.06777643721275475,0.9361167927515727,0.9970564758514437
48,62,-7.520053118385444,8.513242832808212,0.07839986167845737,9.999591863750492,-0.01134234858342272,0.9335509383761151,0.9967389002301642
48,63,-8.05745444439915,8.928480814180487,0.08100816519486827,10.12491280287975,0.05776135690588333,0.9303783120024197,0.9972725891623364
48,64,-7.6244487593843,8.495475129165635,0.07622786440986426,9.76056372831994,0.19554496887988307,0.9344662067128741,0.9973593398763285
48,65,-8.122312811088761,8.122312811088761,0.0721652687461553,9.441642898176587,0.2354287028383439,0.9325809294477152,0.9983480061771578
48,66,-8.99006626002135,8.99006626002135,0.07850977433281948,10.482011834252908,0.31309162189655704,0.926352020037401,0.9980568078096235
48,67,-9.219105979751856,9.219105979751856,0.07917826952401072,10.484301830938922,0.41942185564138307,0.9254636317231785,0.9984105168394611
48,68,-8.758694333921824,8.758694333921824,0.07424382305503928,9.736001411904484,0.5045543790630915,0.9299512721532125,0.9988717669141612
48,69,-9.427217012793376,9.427217012793376,0.07919654382602986,10.212816384588722,0.4498328185249493,0.925940278512324,0.9990552333050639
48,70,-9.468548894011306,9.520848953028983,0.07961593541603033,10.665064456765581,0.30161826166036587,0.9256254892761301,0.998537857502447
48,71,-9.046783348357513,9.099083407375192,0.07534444965884533,10.325220869035626,0.47224594701662354,0.9288502418666359,0.9985403787946948
48,72,-9.068880384025165,9.121180443042844,0.07504450826519127,10.44665676581718,0.37225911705316445,0.9291270879112115,0.9984273829275871
48,73,-8.604953786833422,8.950048213274655,0.07330794643818861,10.459476707313115,0.18261685660307478,0.9324640743172667,0.9979235171644129
48,74,-7.903525804220959,8.248620230662192,0.06724088979910305,9.96807304132082,0.18242601513401988,0.9377480537016731,0.9978314686862197
48,75,-7.923483708275994,8.766133320934532,0.07131761053489252,10.080959129077527,-0.06889307207202162,0.9378606063337259,0.9977136742674366
48,76,-8.407380460769525,9.250030073428064,0.07500309042864096,10.43461261164253,-0.0662544371031547,0.9346043163059485,0.9977820132944671
48,77,-7.209771232664822,8.450585467765075,0.0683579735193253,9.977410344577123,-0.0589872573360023,0.942713317154758,0.9972181008923491
48,78,-7.006934426999279,8.353118917117694,0.06750458214146166,10.184370335636823,-0.17455679152516085,0.9438831658281296,0.9968069746692881
48,79,-6.366737607124215,8.111086719684346,0.06552329492274098,10.294089610359915,-0.25926505789152793,0.9479175873647935,0.9961524956163468
49,0,-6.719899615868111,8.568640922311285,0.1519385372422135,10.168371850155614,-0.35202573321652403,0.8854449476453934,0.9853090656158892
49,1,-5.253029292573257,7.471614460809543,0.13057120491811042,9.061952954617572,-0.35247240820987247,0.9083992354978558,0.9861111174360652
49,2,-5.51658596814557,7.329828205727007,0.12419982610445489,8.910217666951967,0.05495244678747669,0.9067095032519135,0.9883442484301316
49,3,-5.9263992151524265,7.334298522079017,0.1196095562286919,9.122691094380329,0.3598894539393146,0.9021684354898799,0.9895033855373369
49,4,-5.802641037377024,7.154724694329275,0.1147353590208638,8.907194309614441,0.30518196598988767,0.9070587072301133,0.9903464591785909
49,5,-5.44800009932233,6.308392255223604,0.09898937966727461,8.541246077659842,0.31042688420057507,0.9149591809936276,0.9911361297418083
49,6,-6.590674124073802,7.173371866812214,0.10945325227318502,9.100262853569847,0.16721200186268365,0.9044880363345088,0.9923367644012656
49,7,-5.727305604185483,6.382255992528003,0.0949577386906096,8.187803443785612,0.2373430089868533,0.9180414599115446,0.9935131774117019
49,8,-5.418637601642318,6.073587989984837,0.08738916714911377,7.302046245605842,0.36362456879731686,0.9241942870050784,0.9956992212729374
49,9,-5.445584145855111,6.549301243572249,0.09262493452576816,7.692519736935451,0.03446176837169631,0.9252074797610855,0.9948112755485783
49,10,nan,nan,nan,nan,nan,nan,nan
49,11,nan,nan,nan,nan,nan,nan,nan
49,12,nan,nan,nan,nan,nan,nan,nan
49,13,nan,nan,nan,nan,nan,nan,nan
49,14,nan,nan,nan,nan,nan,nan,nan
49,15,-6.996755958543686,9.036083733309715,0.1182692615268103,10.290924557524978,0.1193949607945795,0.9095639365230164,0.9918144608887388
49,16,-7.659070761177463,8.578840794318229,0.11114218078034241,9.948501773802553,0.25875741795009877,0.9054570635862352,0.9944038248721472
49,17,nan,nan,nan,nan,nan,nan,nan
49,18,nan,nan,nan,nan,nan,nan,nan
49,19,nan,nan,nan,nan,nan,nan,nan
49,20,nan,nan,nan,nan,nan,nan,nan
49,21,nan,nan,nan,nan,nan,nan,nan
49,22,-7.760420395603007,8.03319433932465,0.10124083909771123,9.001085850638653,-0.29053632473413266,0.9093894277037267,0.9971854340078247
49,23,-8.02418121935245,8.298135356736323,0.10492151109915752,9.394078664812561,-0.20874993522677485,0.9060065426420856,0.9967819634393738
49,24,nan,nan,nan,nan,nan,nan,nan
49,25,nan,nan,nan,nan,nan,nan,nan
49,26,nan,nan,nan,nan,nan,nan,nan
49,27,nan,nan,nan,nan,nan,nan,nan
49,28,nan,nan,nan,nan,nan,nan,nan
49,29,nan,nan,nan,nan,nan,nan,nan
49,30,nan,nan,nan,nan,nan,nan,nan
49,31,nan,nan,nan,nan,nan,nan,nan
49,32,-4.753837146238071,5.394613681085284,0.06771348297429243,6.80274619434304,0.3066660776887605,0.9412236131503529,0.9966985654039764
49,33,-5.222992376737367,5.946277426747793,0.0746637145774917,7.201147651585817,0.2593675664541172,0.9360359582363175,0.9965975134393618
49,34,-5.065300911348767,5.650309916835948,0.07115014566217245,7.000272074934876,0.2587607097337722,0.9377168330363052,0.9967360299456853
49,35,nan,nan,nan,nan,nan,nan,nan
49,36,nan,nan,nan,nan,nan,nan,nan
49,37,nan,nan,nan,nan,nan,nan,nan
49,38,nan,nan,nan,nan,nan,nan,nan
49,39,nan,nan,nan,nan,nan,nan,nan
49,40,nan,nan,nan,nan,nan,nan,nan
49,41,nan,nan,nan,nan,nan,nan,nan
49,42,nan,nan,nan,nan,nan,nan,nan
49,43,-7.36220576379813,7.589453426123286,0.09218350191262578,8.97234607337145,0.12936988926551096,0.9166035767401495,0.9966428747997033
49,44,-6.392415747301165,6.817332159291976,0.08141808690251202,8.179639458601981,-0.014895863412159361,0.9276053085574377,0.9967315841520689
49,45,-5.591962173542379,6.016878585533188,0.07051424746310643,7.486920843558275,0.1723037144450576,0.9365825758472831,0.9969832307866601
49,46,-5.661707606757971,6.1979327363152406,0.07199819168697857,7.680357071333611,0.016162052149666657,0.9364401796962061,0.9967740927801566
49,47,-5.653823481478438,6.2593263243453485,0.07210142545044808,7.491797886238924,0.044497742734311854,0.9371723582791137,0.9971435629658987
49,48,-5.836872413872814,6.442375256739724,0.07273111682021431,7.684720171121921,0.31020575408006984,0.9360195265966353,0.997190732715065
49,49,-6.359209338825286,6.767043432026539,0.07525364370295727,7.932709527314152,0.44084153661094483,0.9320790029935991,0.9975718334026271
49,50,-5.979564930291888,6.806907136875968,0.07507974620115082,7.855315922539511,0.29303659994189096,0.9364498132754853,0.9971995801347281
49,51,-6.159292843130864,6.8928264512198005,0.07471686993975157,7.988737249562492,0.39132682297115834,0.9356091904871373,0.9973227776198386
49,52,-7.014563272315468,7.4515715047696105,0.07930564756966764,8.643659254588,0.3057933874694717,0.9291774485236415,0.9974700932098143
49,53,-7.575728444670272,8.012736677124417,0.08357325325991766,9.353998311374331,0.48631225814483875,0.9244867869733935,0.9971988192795145
49,54,-7.783421951851662,8.220430184305808,0.08438390097430526,9.498481891688531,0.534855421024569,0.9240160170184334,0.9973342371026106
49,55,-7.534845701106997,7.68491455372955,0.07751836682796703,9.20385803919149,0.3134029589442376,0.92803940989091,0.9975125643421574
49,56,nan,nan,nan,nan,nan,nan,nan
49,57,nan,nan,nan,nan,nan,nan,nan
49,58,nan,nan,nan,nan,nan,nan,nan
49,59,nan,nan,nan,nan,nan,nan,nan
49,60,nan,nan,nan,nan,nan,nan,nan
49,61,-6.574594718153127,7.5677844325758965,0.06986101950088991,8.75816515280679,0.3003398313509937,0.940882985051781,0.9974411321252031
49,62,-6.339498541438197,7.332688255860965,0.06630920503021913,8.564289031936212,0.4045372802506039,0.9435882252675856,0.9975736385614649
49,63,-7.80274378006624,8.673770149847577,0.0779298412129281,9.9792342672017,0.31707343931630344,0.9323047018821998,0.9972650762004666
49,64,-7.531453860825497,8.402480230606836,0.07454573766044008,9.670149744076545,0.3775315074435718,0.9353200330344501,0.9974595419401153
49,65,-8.041609958873984,8.086199996886101,0.07125127137897959,9.39141580263888,0.13115439726198314,0.9335561914955671,0.9983527060348388
49,66,-8.475560838090393,8.52015087610251,0.07380072607187987,9.999175174882692,0.20116960322126268,0.930695918278021,0.9981353809132176
49,67,-9.351892494097022,9.39648253210914,0.0804535566387032,10.712142986752951,0.23506807887423092,0.9248339915565817,0.9982583653109567
49,68,-8.777626161604783,8.8222161996169,0.07436825088971138,9.969419347218473,0.3522457439238626,0.9299599424358074,0.9986197360904145
49,69,-9.13369656853317,9.178286606545285,0.07663659568133292,10.228215977797019,0.3142197288815816,0.9281103346465771,0.9987185937353402
49,70,-9.9586013772942,10.010901436311878,0.08326379977459698,11.065041595497675,0.16282498607206766,0.9225416627550019,0.9986109441787846
49,71,-9.99825379460325,10.05055385362093,0.08314781744722112,11.186329684983628,0.2705453878831735,0.9223606681825518,0.9985273898761398
49,72,-10.06369672591642,10.1159967849341,0.0831757103589616,11.357093140757485,0.3014443489276443,0.9221396018115624,0.9984046074765828
49,73,-9.25524052025155,9.600334946692787,0.07869200706722676,11.026248686465625,0.12953609060453544,0.9278214920490239,0.9979045769180567
49,74,-8.858286075840333,9.203380502281567,0.07518268892529367,10.783231838147248,0.14555112796750633,0.9309027237343122,0.9977925816550237
49,75,-9.166547191145073,9.776909180842644,0.0795909080494453,10.999828060004432,-0.12001149701090354,0.929282305623412,0.9978418351230091
49,76,-9.581572215889967,10.191934205587538,0.08242797076960003,11.256441783172159,-0.06301730025423047,0.9268065931455728,0.9980031386319898
49,77,-8.2553457036399,8.884692777742327,0.07153020264630462,10.326706193921801,4.3616415189142456e-05,0.9359885268559133,0.9977951997639348
49,78,-8.525057284375563,8.880595075459292,0.07142268002164279,10.603991741241721,-0.18260266089843163,0.9341610448768696,0.9977322254136209
49,79,-8.174510650780457,8.54903352626904,0.06875921134694038,10.661851956791493,-0.31999595255682683,0.9362266573615872,0.9973230479367425
50,0,-7.497774094575641,9.346515401018815,0.16490878839972725,10.806830018845085,-0.4026508171195227,0.8750094139041091,0.9851405706510414
50,1,-6.205234893415191,8.423820061651476,0.14611246486098342,9.947374135070856,-0.3307764104668397,0.8944264385980788,0.9851934641335499
50,2,-6.317070313722569,8.130312551304007,0.13707311526427282,9.649116520977492,0.03177228546033275,0.8958725042880772,0.9877393534606913
50,3,-5.914592361387078,7.322491668313667,0.11905628500125325,8.773207621684014,0.3128531155474647,0.9048285232320976,0.9908908097201945
50,4,-6.0895919627049535,7.356470256203891,0.11634660965699511,8.986638087180326,0.4092300305256789,0.9044865603549693,0.9911087357982838
50,5,-6.269837251887331,7.045024044335289,0.10852861474614965,9.082396519103119,0.39396440867109206,0.9051507990444712,0.9916336437746442
50,6,-7.103844470140965,7.6013368494260645,0.11417952950366969,9.2606406525736,0.20754236223691422,0.8994899881917823,0.9933801241932387
50,7,-6.437394588843845,7.00713961373305,0.10275783646494366,8.602132932682814,0.22643557947881077,0.909961281773817,0.9940603790720218
50,8,-7.013222859589405,7.5829678844786095,0.1092476122866748,8.872612451105358,-0.019344551936809614,0.9052102971168945,0.9948293231856252
50,9,-6.505053099829907,7.526573307373229,0.10631250943719073,8.49044665669215,-0.10765221231860801,0.9132741821417367,0.9948658931634166
50,10,nan,nan,nan,nan,nan,nan,nan
50,11,nan,nan,nan,nan,nan,nan,nan
50,12,nan,nan,nan,nan,nan,nan,nan
50,13,nan,nan,nan,nan,nan,nan,nan
50,14,nan,nan,nan,nan,nan,nan,nan
50,15,-7.084459329206718,9.201307214088079,0.12004732042703789,10.425452669074883,0.08343790593969645,0.9094126212891473,0.991665574651065
50,16,-7.803835394537522,8.801125537793617,0.11326639234276017,10.048164242966482,0.20740351048504443,0.9049404766746589,0.9945046954734633
50,17,nan,nan,nan,nan,nan,nan,nan
50,18,nan,nan,nan,nan,nan,nan,nan
50,19,nan,nan,nan,nan,nan,nan,nan
50,20,nan,nan,nan,nan,nan,nan,nan
50,21,nan,nan,nan,nan,nan,nan,nan
50,22,-7.1385995527301205,7.702490057974467,0.09691336585125233,8.631018187787587,-0.4687595581264669,0.9160457377394008,0.9967661059786453
50,23,-7.560308762430481,8.125379461337058,0.10240438725965789,9.169634706950767,-0.4177700106251232,0.9111541621467398,0.9963303658422087
50,24,-7.180381457067085,7.76712614967246,0.09756549403550048,8.678756109895009,0.02627311984875614,0.9150193383018669,0.9968035151498579
50,25,-6.814730961318565,7.401475653923942,0.09288663367259387,8.311863715497523,0.05595475796860467,0.9190434315594004,0.996936897999037
50,26,-5.99425034505774,6.910618081216849,0.08714758224332049,7.88660220779993,0.06605616015000598,0.9268837294508337,0.9963775034669343
50,27,nan,nan,nan,nan,nan,nan,nan
50,28,nan,nan,nan,nan,nan,nan,nan
50,29,nan,nan,nan,nan,nan,nan,nan
50,30,nan,nan,nan,nan,nan,nan,nan
50,31,nan,nan,nan,nan,nan,nan,nan
50,32,-5.698703324186663,6.339479859033876,0.0796295932158073,7.838470523275707,0.17922891156504114,0.9302966950957178,0.9960352495738638
50,33,-5.502929106780752,6.226214156791177,0.07801298302895283,7.760349054651072,0.16144295692383065,0.9324080009028923,0.9959067762430128
50,34,-5.445502131510836,6.030511136998016,0.07560036100811267,7.638769688904278,0.1604110507242201,0.9330830023895059,0.996065324550503
50,35,nan,nan,nan,nan,nan,nan,nan
50,36,nan,nan,nan,nan,nan,nan,nan
50,37,nan,nan,nan,nan,nan,nan,nan
50,38,nan,nan,nan,nan,nan,nan,nan
50,39,nan,nan,nan,nan,nan,nan,nan
50,40,nan,nan,nan,nan,nan,nan,nan
50,41,nan,nan,nan,nan,nan,nan,nan
50,42,nan,nan,nan,nan,nan,nan,nan
50,43,-7.2819825632930755,7.509230225618231,0.09092592030432418,8.721597802109311,-0.1315458605184669,0.9178872328847593,0.9970559645601984
50,44,-6.5997739010141325,7.024690313004944,0.08387315649446846,8.240441216883815,-0.05175686330765526,0.9256168711894803,0.9969470334967383
50,45,-6.0578049398828675,6.482721351873677,0.07580664471465194,7.774701774071363,0.2700860351192376,0.9319365228516978,0.9971455058179575
50,46,-6.200223566167611,6.73644869572488,0.07788693868587863,8.049947658768694,0.20757055430032492,0.9311993804521915,0.9969023785551918
50,47,-6.360261445644978,6.965764288511889,0.07982274060590042,7.936640509228898,0.21770982172270392,0.9305360897012195,0.997391095549652
50,48,-6.379790696807833,6.985293539674742,0.07861920121324693,8.002213818154097,0.21378504848013466,0.9315765227313091,0.9973988701251171
50,49,-6.48899561304305,6.896829706244305,0.07655820068160017,7.89579022160052,0.24951228764590946,0.9317378633319982,0.9978014960427026
50,50,-5.554673949509761,6.382016156093839,0.07013657952769138,7.305182810990596,0.27745240303377366,0.94137473828723,0.9975630538820608
50,51,-5.624901322432031,6.358434930520969,0.0684434812167296,7.372635308418125,0.47018904230677877,0.9413368690304685,0.9976644188042988
50,52,nan,nan,nan,nan,nan,nan,nan
50,53,nan,nan,nan,nan,nan,nan,nan
50,54,nan,nan,nan,nan,nan,nan,nan
50,55,nan,nan,nan,nan,nan,nan,nan
50,56,nan,nan,nan,nan,nan,nan,nan
50,57,nan,nan,nan,nan,nan,nan,nan
50,58,nan,nan,nan,nan,nan,nan,nan
50,59,nan,nan,nan,nan,nan,nan,nan
50,60,nan,nan,nan,nan,nan,nan,nan
50,61,nan,nan,nan,nan,nan,nan,nan
50,62,-6.243300467692477,7.2364901821152445,0.06514639361004462,8.486935277863378,0.39868207301992536,0.9445914023576508,0.9976017433891845
50,63,-7.3170432542447115,8.188069624026047,0.07325106022178109,9.433643182358516,0.3400863965961021,0.9365425028483484,0.9974982361393978
50,64,-6.95070262345713,7.821728993238469,0.06894027404750724,8.983778586817502,0.4490345369069251,0.9403211937870646,0.9977775149996897
50,65,-7.673826212884408,7.718416250896525,0.06766591810378039,8.84075442834695,0.15065869925213687,0.936798273054643,0.998652567581282
50,66,-7.759813103413469,7.8044031414255866,0.06736581103863967,9.115988326300139,0.2312252194344847,0.9366183009427892,0.9984717893083278
50,67,-8.251140684798818,8.295730722810935,0.07069769766772052,9.585792156868596,0.28153010758314534,0.9333720187124014,0.9984721273483919
50,68,-8.013384142972255,8.05797418098437,0.06762765089088689,9.229049255387398,0.37784668280901657,0.9359697285539023,0.9986977481125782
50,69,-8.22925791348498,8.273847951497096,0.0688048975565017,9.393950744374996,0.362192360341471,0.9351270383293754,0.9987433130749377
50,70,-9.321621568764622,9.321621568764622,0.07721317983326108,10.363401550487788,0.11613924738641174,0.927772896645545,0.9987544870800569
50,71,-9.575886896837387,9.575886896837387,0.07898467611907543,10.692721904919603,0.11877567510981075,0.9260182655375379,0.9986519537510493
50,72,-9.972551492499127,9.972551492499127,0.0817145696341171,11.13637786965526,0.16814107118968716,0.9235138916867355,0.9985700618677837
50,73,-9.828628015630935,9.901391212753007,0.08082209998742956,11.132271302832699,0.20714986092642368,0.9246718112009337,0.9984188304051004
50,74,-10.011716488418331,10.084479685540403,0.08204649833762201,11.425979277554266,0.1843228176857477,0.9235540867791053,0.998259692346769
50,75,-10.292169340302449,10.36493253742452,0.0840999674312002,11.568691844507804,0.04073732049122898,0.9221285626953342,0.9983956359000944
50,76,-10.65444198601168,10.727205183133751,0.08648761118048696,11.658834789196117,0.030351233684112692,0.9202724740313856,0.9987289766637818
50,77,-9.341522255181502,9.414285452303574,0.07560732280949299,10.693085626955972,0.05749242109516926,0.9291258216368544,0.9984737595958687
50,78,-9.069495510271766,9.069495510271766,0.07282819544744708,10.639062223500094,-0.13830022324623412,0.9308798476620914,0.9982517140693532
50,79,-8.494504965574258,8.494504965574258,0.06827182248394333,10.354785944603305,-0.20692198084229443,0.934590846811873,0.9980055948488257
51,0,nan,nan,nan,nan,nan,nan,nan
51,1,nan,nan,nan,nan,nan,nan,nan
51,2,nan,nan,nan,nan,nan,nan,nan
51,3,-6.245594303875773,6.805583471620806,0.10991620082580394,8.227110077229764,0.4428807741231914,0.9034932198731097,0.9938945917718607
51,4,-7.116251738435603,7.244120378175742,0.11374545637157939,8.803890968291299,0.4683549582349877,0.895008469686895,0.9946792632854795
51,5,-7.050634895200982,7.178503534941119,0.10908783310195279,9.087451216203311,0.5450060351518252,0.8972824654823757,0.9938999618324624
51,6,-7.191012196586546,7.720592219191605,0.11483874668938948,9.223737320264307,0.240605542310067,0.8994975298177579,0.9938557979336952
51,7,-7.51494881610572,8.084693840994925,0.11826181907001382,9.558123402322394,0.1569716419737152,0.8982143875761186,0.9937654071019102
51,8,-7.397690959042994,7.967435983932201,0.11463762724150729,9.336575443064694,-0.01468777178848253,0.9013898514343562,0.9943561411275412
51,9,-7.093258050989127,7.663003075878333,0.10807825023857937,8.73638224438845,-0.09106877303085348,0.9074817707132309,0.9955876145718318
51,10,nan,nan,nan,nan,nan,nan,nan
51,11,nan,nan,nan,nan,nan,nan,nan
51,12,nan,nan,nan,nan,nan,nan,nan
51,13,nan,nan,nan,nan,nan,nan,nan
51,14,nan,nan,nan,nan,nan,nan,nan
51,15,-6.400804802585344,8.750332798205307,0.11330159469496735,9.85439432533614,0.25179039280857973,0.9168865149691449,0.9920549874873702
51,16,-8.07992444427091,8.621030757332889,0.11020913921847746,9.87124333869016,0.28619550103068664,0.9033231749261157,0.9956658098032385
51,17,-7.712440382096709,8.153654856472082,0.10354411866040474,9.070807372658606,0.43346380537844714,0.9084902586507381,0.9969537245999602
51,18,-7.7589832021954726,7.967158600040721,0.10067723716051231,8.735502985683558,0.15200570616496314,0.9099370075696729,0.9977679272561782
51,19,-7.346889189305427,7.687760994061407,0.09692229016604481,8.589025432530784,-0.4156618241003823,0.914392598394302,0.9972483946884521
51,20,-6.9718577288085655,7.312729533564547,0.09198081425637666,8.230159850424176,-0.39557508662270324,0.9185289841526667,0.9973407428305757
51,21,-6.995762022818834,7.336633827574815,0.09218880665197698,8.158080982960543,-0.2694219916992798,0.9185628504145509,0.9975442868387129
51,22,-6.503800283977523,7.275866187067115,0.09104801028304645,8.082315497994937,-0.45947262202137584,0.923422195727972,0.9968202123849486
51,23,-7.267786587105552,7.832857286012129,0.09809046607688991,8.787804265125017,-0.29866254085126714,0.9150009717367876,0.9966913671182397
51,24,-6.777697666872384,7.289138891662637,0.0909077698761518,8.19905087263744,-0.25079483910622596,0.9205766322700862,0.9971118932150598
51,25,-7.256023866845001,7.767465091635254,0.09709773891675873,8.768752108913356,-0.2809666720113472,0.915091705979432,0.9967331519611151
51,26,-6.561375468932535,7.40243973727652,0.09274529836487953,8.465103752689755,-0.05008654213730164,0.9212201139848644,0.9961366338913681
51,27,nan,nan,nan,nan,nan,nan,nan
51,28,nan,nan,nan,nan,nan,nan,nan
51,29,nan,nan,nan,nan,nan,nan,nan
51,30,nan,nan,nan,nan,nan,nan,nan
51,31,nan,nan,nan,nan,nan,nan,nan
51,32,-6.189514125684208,6.4130546365918635,0.07984311566300879,7.858664070033497,0.3724628067373152,0.9258334152396243,0.9968806547150476
51,33,-6.072637028888713,6.288421238120235,0.07802244928307318,7.74578424991712,0.3796771396701478,0.9272582132581325,0.9969398980464012
51,34,-5.459486010470894,5.8528313319807,0.07267939389197148,7.2832895793677865,0.3002977576728673,0.9339405072054388,0.9968677218063476
51,35,nan,nan,nan,nan,nan,nan,nan
51,36,nan,nan,nan,nan,nan,nan,nan
51,37,nan,nan,nan,nan,nan,nan,nan
51,38,nan,nan,nan,nan,nan,nan,nan
51,39,nan,nan,nan,nan,nan,nan,nan
51,40,nan,nan,nan,nan,nan,nan,nan
51,41,nan,nan,nan,nan,nan,nan,nan
51,42,nan,nan,nan,nan,nan,nan,nan
51,43,-6.18710380145058,6.80790816227358,0.08198847499392838,8.058419414809238,-0.10250233084499005,0.9292608359680784,0.9965825838065622
51,44,-5.43124194472113,6.249715055209785,0.07388553857987441,7.468933418043565,-0.030080047157475694,0.9378670892439973,0.9967230950581962
51,45,-5.191206193918824,6.00967930440748,0.06939079616409227,7.142873454599767,0.3316354917903647,0.9410419450172844,0.9971441544290268
51,46,-5.5987909508165545,6.22568550462038,0.07136181440299272,7.490857169880898,0.2319200585630506,0.9379554310924771,0.9971031981931971
51,47,-5.635484445855327,6.331656712968793,0.07213087246782711,7.379448291980898,0.16027959530588554,0.9383676659657845,0.9973656827365618
51,48,-5.508720694304536,6.204892961418,0.06937279351496786,7.322653447747114,0.20267721559273044,0.9404478233572331,0.997406958899412
51,49,-5.654995570948946,6.153499088396754,0.06798192981265667,7.35907276880497,0.15968462581708415,0.9398770437982419,0.9975902513739879
51,50,-4.757862714556802,5.675874345387438,0.061974706671326735,6.843035351092508,0.25565733102850674,0.9491936164058712,0.997399448253982
51,51,-5.301767953938345,6.035301562027282,0.06440577477696881,7.486242882081899,0.5226606512514661,0.9438893040894112,0.9971776180807831
51,52,nan,nan,nan,nan,nan,nan,nan
51,53,nan,nan,nan,nan,nan,nan,nan
51,54,nan,nan,nan,nan,nan,nan,nan
51,55,nan,nan,nan,nan,nan,nan,nan
51,56,nan,nan,nan,nan,nan,nan,nan
51,57,nan,nan,nan,nan,nan,nan,nan
51,58,nan,nan,nan,nan,nan,nan,nan
51,59,nan,nan,nan,nan,nan,nan,nan
51,60,nan,nan,nan,nan,nan,nan,nan
51,61,nan,nan,nan,nan,nan,nan,nan
51,62,-6.382018765299721,6.382018765299721,0.057155695745726404,7.578778376199892,0.5044133965527465,0.9450283651876372,0.9987963830035572
51,63,-6.857069322359832,6.857069322359832,0.06097031359907326,8.21470305391795,0.43587808320929217,0.9415983415714834,0.9985520426098754
51,64,-6.933881661385254,6.933881661385254,0.06053622687607372,8.229433808779829,0.5666576267761944,0.9416847591254505,0.998672763695851
51,65,-6.997944526602305,7.042534564614421,0.06123303469983812,8.234296612175898,0.16151508664910982,0.942293528142398,0.9987047259034525
51,66,-7.677392615695579,7.721982653707697,0.06604671681965933,9.36392081854508,0.3664857229885462,0.936898390628767,0.9981455932390988
51,67,-8.090508295857921,8.14146237971408,0.06907372298434102,9.97499514101132,0.27572750203561486,0.9341598921805601,0.9978468409720648
51,68,-8.128423588675245,8.179377672531405,0.06847670453462262,9.903771897229122,0.29463698557897733,0.9346765962987538,0.9980298109559458
51,69,-8.32853980069432,8.37949388455048,0.06954983658186227,10.024891706984274,0.29762514490926234,0.9339718218591843,0.9981140325888276
51,70,-9.810704842642183,9.817068888486226,0.08111211877589483,11.149927200167923,0.012038236382799312,0.9242526290304691,0.99831878223657
51,71,-9.641507829562462,9.647871875406505,0.07929621075089792,10.84350972412201,-0.08816217160241284,0.9260871081386366,0.9985234136170925
51,72,-10.65530897417378,10.65530897417378,0.08710479139013647,11.775451398916566,-0.15178350797368748,0.9193314211508307,0.9985266442818264
51,73,-10.483968090303025,10.556731287425096,0.08591996423056601,11.751290662475961,-0.17295049752058356,0.9207275224201881,0.998362866512711
51,74,-10.858869825082834,10.931633022204906,0.08889988160292989,12.340499384693045,-0.25389485038718734,0.9180544126963479,0.9980193525399499
51,75,-11.178281356238276,11.251044553360348,0.09121969440673378,12.647349677802644,-0.25277023007630606,0.916132645919864,0.997999066516209
51,76,-11.183404064325668,11.25616726144774,0.09074842809782907,12.505433434546827,-0.15022073062783875,0.9164617873969841,0.9982372799550397
51,77,-9.832487257637075,9.905250454759146,0.07946953059812426,11.338650323738486,-0.05602323609130052,0.9256570217181902,0.9982167528119291
51,78,-9.90507457762272,9.90507457762272,0.07955406108651729,11.461958727658965,-0.1540446126041647,0.9250753728377864,0.9981357429569221
51,79,-9.353458625077563,9.353458625077563,0.075041419881607,10.926583302518706,-0.08414956766673784,0.9288411005689272,0.9982114119033142
52,0,nan,nan,nan,nan,nan,nan,nan
52,1,nan,nan,nan,nan,nan,nan,nan
52,2,nan,nan,nan,nan,nan,nan,nan
52,3,-7.064361209142917,7.483329363460296,0.1201535944194836,8.982966918513084,0.38060935098383597,0.8935385168160669,0.9936196959580774
52,4,-7.801764248023212,7.929632887763351,0.12409329778712357,9.6998308737624,0.4058441361901047,0.8859801415607349,0.9935765220630326
52,5,-7.6940182681993,7.821886907939437,0.11866333222495486,9.881294720785283,0.43947783292595854,0.8895218569526196,0.9929747537130046
52,6,-7.183234147312891,7.7128141699179515,0.11451617520777221,9.434736037959777,0.1464558537685361,0.8997279890713415,0.9931434355922677
52,7,-7.486655922654152,8.05640094754336,0.11791321619621922,9.731564342290135,-0.0073515932730103505,0.8990063638457165,0.9930831126872828
52,8,-6.833900123282126,7.403645148171332,0.10634945737910026,8.981098759896797,-0.055117345509167685,0.9085711222038063,0.9940667072229963
52,9,-6.327538978814687,6.897284003703894,0.09657086471558131,8.03275436857278,-0.1011176462706917,0.9167695029982428,0.9958685527933406
52,10,nan,nan,nan,nan,nan,nan,nan
52,11,nan,nan,nan,nan,nan,nan,nan
52,12,nan,nan,nan,nan,nan,nan,nan
52,13,nan,nan,nan,nan,nan,nan,nan
52,14,nan,nan,nan,nan,nan,nan,nan
52,15,-5.707586506562762,7.835515128265549,0.10075859848399375,9.0117203329524,0.2315816150135712,0.9258619315245163,0.9930909507529218
52,16,-6.113093353678419,6.819669499842016,0.08656794657321987,8.093276239505089,0.30377446461675695,0.9248773163588375,0.9961145146357895
52,17,-6.253426013950489,6.694640488325865,0.0845150530938367,7.776464924907801,0.3900083556955078,0.9245640096605601,0.9970889714269777
52,18,-6.774125217757916,6.982300615603163,0.08802524826888274,7.878169707495653,-0.017678253601791555,0.9205186362645289,0.997737326127927
52,19,-5.992899819902117,6.333771624658097,0.07964435056346035,7.1811263551459446,-0.06955158161936932,0.9291689797218775,0.9977898577568584
52,20,-5.4918315945555465,5.8327033993115265,0.07311512686139691,6.589029321532214,-0.02952989711641753,0.9349333049326629,0.99812123605205
52,21,-5.248723445976623,6.109419990862495,0.07658008396913166,6.763236050108873,-0.14554287738380195,0.9372373584569091,0.9974136985378363
52,22,-5.26886381206037,6.560754455279855,0.08190732212307834,7.213322040096897,-0.22685778110586888,0.9363797631215963,0.9965998097038719
52,23,-5.38393676210593,6.546137654632705,0.08146081877665516,7.437105949115259,-0.09750782561671857,0.9346757012181707,0.9963742557665624
52,24,-5.518681359771563,6.6272527781820125,0.08241737231047239,7.475824737615771,-0.20865750197801772,0.9335672016618715,0.9965039593959398
52,25,-6.4047976719961595,7.513369090406609,0.09379215700428979,8.521823397442335,-0.36617544029562976,0.9233122913057848,0.9957049675055271
52,26,-6.618351455169698,7.5367211770039875,0.09425565889534812,8.51277116138624,-0.027578150150092403,0.9206555893838071,0.9961505934639453
52,27,nan,nan,nan,nan,nan,nan,nan
52,28,nan,nan,nan,nan,nan,nan,nan
52,29,nan,nan,nan,nan,nan,nan,nan
52,30,nan,nan,nan,nan,nan,nan,nan
52,31,nan,nan,nan,nan,nan,nan,nan
52,32,-6.510555429368178,6.64214516427565,0.08253284228293474,8.243269133048601,0.05929290813031152,0.9226864862353319,0.9966083154028957
52,33,nan,nan,nan,nan,nan,nan,nan
52,34,nan,nan,nan,nan,nan,nan,nan
52,35,nan,nan,nan,nan,nan,nan,nan
52,36,nan,nan,nan,nan,nan,nan,nan
52,37,nan,nan,nan,nan,nan,nan,nan
52,38,nan,nan,nan,nan,nan,nan,nan
52,39,nan,nan,nan,nan,nan,nan,nan
52,40,nan,nan,nan,nan,nan,nan,nan
52,41,nan,nan,nan,nan,nan,nan,nan
52,42,nan,nan,nan,nan,nan,nan,nan
52,43,-5.474246443156252,6.451363059698228,0.07750407338453737,7.587472237969283,0.01608596754195301,0.9365504625117348,0.9964298293079341
52,44,-5.2850959995666695,6.459881365774303,0.07593872411683025,7.586086219631629,0.12907062553512408,0.9389759834430108,0.996340251797193
52,45,-5.458670760088927,6.63345612629656,0.07645815345440464,7.637047814994512,0.22106941230240149,0.9380757241338118,0.9966410760996307
52,46,-5.446589281174706,6.429796090697507,0.07339777853322219,7.445708825703064,0.2394157710794548,0.9395849540428951,0.9970045268769657
52,47,-5.6993702952222645,6.395542562335731,0.07260205434471233,7.293225450819873,0.21114003388886732,0.9380465339072867,0.9976120205849933
52,48,-5.404366619527566,6.100538886641029,0.06788526542546217,6.996173808120002,0.24145297361282242,0.9421078647481582,0.9978115652843574
52,49,-5.114712079625164,5.613215597072972,0.06144748530874294,6.577276856606572,0.39191293820694084,0.9456894243096211,0.9981627387990493
52,50,-4.553792048763085,5.052295566210892,0.05447890096167335,5.88143655993527,0.5700204536420113,0.9520825564513621,0.9985460810739452
52,51,-5.619630346070212,5.933655840776326,0.06302343299799149,7.289901423008094,0.6241088736636652,0.9414827027872279,0.9978635913630574
52,52,nan,nan,nan,nan,nan,nan,nan
52,53,nan,nan,nan,nan,nan,nan,nan
52,54,nan,nan,nan,nan,nan,nan,nan
52,55,nan,nan,nan,nan,nan,nan,nan
52,56,nan,nan,nan,nan,nan,nan,nan
52,57,nan,nan,nan,nan,nan,nan,nan
52,58,nan,nan,nan,nan,nan,nan,nan
52,59,nan,nan,nan,nan,nan,nan,nan
52,60,nan,nan,nan,nan,nan,nan,nan
52,61,nan,nan,nan,nan,nan,nan,nan
52,62,-6.093582209147007,6.185376016490404,0.05530906114228482,7.454569236151001,0.36050945899223846,0.9474601032913725,0.9986640659999048
52,63,-6.548042559652719,6.639836366996114,0.05889386114961357,7.9613815329596775,0.36404707244125784,0.9442540310183005,0.9985453451646416
52,64,-6.6654131648158,6.757206972159197,0.05884185918297742,7.993258803570054,0.5613627739821588,0.9439352596468197,0.9986844445783372
52,65,-7.007026116033451,7.143409961388963,0.061756124053030055,8.336374937516915,0.28121838736090615,0.9422196629055073,0.9986254766607188
52,66,-7.649783974538354,7.786167819893867,0.06614687294654557,9.40816941630439,0.37497668459947725,0.9372712229200953,0.9980957057174658
52,67,-7.856880613754253,7.9078346976104115,0.06657267838931508,9.655164164753051,0.25599527694924484,0.9364040076611485,0.9980317658290292
52,68,-8.426022748454534,8.476976832310692,0.07063156606337882,10.159880479510267,0.20326836140783172,0.9328090121378947,0.9980421097768771
52,69,-8.454575558611722,8.505529642467883,0.07030989089658503,10.134018475250773,0.18513576137294432,0.9333266942100407,0.998125306727636
52,70,-9.796216276206763,9.802580322050805,0.08063688321282086,11.126429550495004,-0.023746482543278262,0.9245198948248644,0.9983550932405523
52,71,-9.467561947078138,9.473925992922181,0.07743651417329503,10.570699211120916,0.031057405636890245,0.9276195553660836,0.9986918600135843
52,72,-10.393647897661921,10.393647897661921,0.08461671916591508,11.307485591854434,-0.002835028878497248,0.9215664887818986,0.998840077364932
52,73,-10.190217401212792,10.190217401212792,0.0824527299995878,11.031535556397381,0.05180773995987534,0.9234386032661848,0.9989660952784568
52,74,-11.255900162100072,11.255900162100072,0.09097081388406317,12.128516855426207,0.030036792110108547,0.9161657234786227,0.9988359766405123
52,75,-11.113949279076184,11.113949279076184,0.08946295965703603,12.152845166670012,-0.0804314160964908,0.9173354716945409,0.998632787676099
52,76,-11.045178665930221,11.045178665930221,0.08858653467380904,12.094102237875864,-0.09510587867138581,0.9180544090424448,0.998636798801844
52,77,-9.683654886322202,9.683654886322202,0.0773489096289516,10.917062749181587,-0.011834832912713046,0.9273344033785483,0.9985803719883837
52,78,-8.954520455349206,8.954520455349206,0.07154654866971934,10.404152026789081,-0.05767562578979554,0.9322419139744242,0.9984195896378205
52,79,-7.420614206866297,7.420614206866297,0.059147371738444185,8.742689310772443,0.07210273582775942,0.9432899816796722,0.9987810566881584
53,0,nan,nan,nan,nan,nan,nan,nan
53,1,nan,nan,nan,nan,nan,nan,nan
53,2,nan,nan,nan,nan,nan,nan,nan
53,3,-6.891256861629468,7.3975187904030255,0.11813169593833123,8.999780855314109,0.3241053562843555,0.8958204183861325,0.9931035572283355
53,4,-8.498572950692955,8.626441590433092,0.1349790431872758,10.255298247858349,0.3364279756617051,0.8779863450136809,0.9937100426102583
53,5,-8.810938366403388,8.938807006143525,0.13573886905872393,10.71010947353511,0.4205378524668904,0.8765747563023045,0.9934029410119577
53,6,-8.429281889444901,8.69667081100375,0.12990900082785437,10.24074032820787,0.16173929338262374,0.8852001412699313,0.993900920169401
53,7,-8.625230823635079,8.932784747478074,0.13065497708921442,10.399888729629398,0.0739098124723055,0.8862323012763842,0.9940718836499445
53,8,-7.591205459889142,7.985045282737647,0.11513953183592482,9.447977417674904,-0.02561300128643356,0.9001570839513883,0.9944701032935934
53,9,-6.815334736590666,7.20917455943917,0.10113719692217199,8.358638132847606,0.0097466073962534,0.9111823088593295,0.9960739384432649
53,10,-6.2692921013296745,6.663131924178178,0.09149707711968462,7.574005510795756,0.35443861546059574,0.918935115739817,0.9970938186576589
53,11,-6.714392697832702,7.561795183375034,0.10201515832456211,8.5592190100564,0.33402950762407224,0.9138585285526106,0.9956542781113141
53,12,-5.8493398815875,6.88985139331395,0.09234357620937912,8.023235798997538,0.22708955575142703,0.9248577620957641,0.995289404857166
53,13,-6.589152808340001,7.575222370834462,0.10013001111726286,8.99111163133694,0.20383288337613625,0.9166376480508336,0.9944394673546338
53,14,-6.39125155663397,7.37732111912843,0.09591103006611142,8.896026000074286,0.2036884321301048,0.919591493953746,0.9945007397044195
53,15,-6.874051765598397,7.860121328092857,0.10103423497584182,9.415386790183291,0.22845356017185262,0.9145262349553578,0.9942628115090091
53,16,-6.855744791989198,7.152950413550941,0.09079177731496285,8.71604856483049,0.17714401045914666,0.9169468308490815,0.9960399361217971
53,17,-6.980820963004184,7.243969488250141,0.0913759354298005,8.631787029975644,0.07751216282228744,0.9168720370869172,0.9964883110280418
53,18,-6.472138249035749,6.911618222353431,0.08694217065774211,7.863996045021916,-0.16207495236103991,0.9235025572638299,0.9972179437767262
53,19,-6.0919662781310215,6.664142658359437,0.08362595200660054,7.593447968520825,-0.2492975619919132,0.9278248986699562,0.9971275793982773
53,20,-5.566221893388973,6.138398273617389,0.07668194805844725,6.941055320827324,-0.18277541307998635,0.9339393301829344,0.9975926363130819
53,21,-5.067572498132864,6.159573618491172,0.07679154125419839,6.923906099118441,-0.2254068021615057,0.9391383037712717,0.9968795461531955
53,22,-5.6529756973969825,6.944866340616468,0.08627532246362099,7.72582158082356,-0.15663310104901304,0.9320244936407882,0.9962018148489166
53,23,-5.646077154289221,6.808278046815997,0.08419179837174498,7.793088587211437,-0.028985909204555946,0.9317699697999478,0.9961120595176477
53,24,-5.674116998774249,6.782688417184699,0.08382602375764035,7.754189122407475,-0.09044839675679871,0.9317674119155794,0.996238176032902
53,25,-5.82109393914916,6.9296653575596086,0.08578734674432324,8.091819856722323,-0.21892824718784293,0.9298635480654903,0.9957496904324099
53,26,-6.571764646309651,7.160511324590208,0.08889593601095083,8.249168052256499,-0.0918207544535204,0.9222044872706823,0.9966857076098263
53,27,nan,nan,nan,nan,nan,nan,nan
53,28,nan,nan,nan,nan,nan,nan,nan
53,29,nan,nan,nan,nan,nan,nan,nan
53,30,nan,nan,nan,nan,nan,nan,nan
53,31,nan,nan,nan,nan,nan,nan,nan
53,32,-6.884150419343631,7.0157401542511035,0.08691401369365431,8.502517368228963,0.01523066657118169,0.919058683742365,0.9967368757979153
53,33,nan,nan,nan,nan,nan,nan,nan
53,34,nan,nan,nan,nan,nan,nan,nan
53,35,nan,nan,nan,nan,nan,nan,nan
53,36,nan,nan,nan,nan,nan,nan,nan
53,37,nan,nan,nan,nan,nan,nan,nan
53,38,-6.086174237707561,7.080966145771227,0.08686714923304915,8.551019302596643,-0.12819451267031856,0.9267953042454972,0.9952921835539713
53,39,-7.192744901356664,7.73050356193454,0.09497798854598345,9.06542445697414,-0.1348433331824307,0.9158737057754698,0.9960873091909753
53,40,-6.496019328632681,6.987721131777716,0.08548254869033783,8.004452563388629,0.04481000844389553,0.9242877971247406,0.9971615968903528
53,41,-5.684643348192644,6.5699018498355235,0.07992536074333706,7.6040953871317525,0.016801727533624213,0.9330007954728711,0.996654631760434
53,42,-4.426809132805609,5.964114907313087,0.07201403077453869,7.226681277833571,-0.05458684843949991,0.9467464645953358,0.9956831392170418
53,43,-4.987319852255339,6.032923823617782,0.07216406877137967,7.1857392230805734,0.08940595921532132,0.9418410861708398,0.9965437864794184
53,44,-5.036468098003112,6.27974081903121,0.07383578618349591,7.468880917966388,0.16220316976430288,0.9414426162008042,0.996224758195207
53,45,-5.73991940477805,6.983192125806149,0.08068136042206958,8.09293850098139,0.1487611013891541,0.934786457284746,0.9961723570482929
53,46,-5.258137980760983,6.309832145104251,0.07178016845602497,7.47182798895834,0.23383482249390095,0.9412108002108719,0.9967469919858998
53,47,-5.849444138220506,6.545616405333972,0.07405115629856347,7.548774456664944,0.20146835386119133,0.9366400825900559,0.9974041981503765
53,48,-5.386388471534694,6.082560738648158,0.06783281625581085,7.173030525193251,0.1975488468725169,0.9420932103715275,0.9975051098215149
53,49,-4.604713309363177,5.514334024608734,0.06017309168656728,6.666936740552654,0.21850676787041007,0.9505220337448493,0.9974730956345348
53,50,-3.8133738310020466,4.722994546247604,0.05051881159066389,5.634969377928306,0.47030001887051176,0.9592020604820864,0.9981802668750621
53,51,-4.927986391616273,5.653129084120135,0.0596328458125297,7.111662264998161,0.5617133236113113,0.947781046690905,0.9973673600107691
53,52,nan,nan,nan,nan,nan,nan,nan
53,53,nan,nan,nan,nan,nan,nan,nan
53,54,nan,nan,nan,nan,nan,nan,nan
53,55,nan,nan,nan,nan,nan,nan,nan
53,56,nan,nan,nan,nan,nan,nan,nan
53,57,nan,nan,nan,nan,nan,nan,nan
53,58,nan,nan,nan,nan,nan,nan,nan
53,59,nan,nan,nan,nan,nan,nan,nan
53,60,nan,nan,nan,nan,nan,nan,nan
53,61,nan,nan,nan,nan,nan,nan,nan
53,62,-6.660997808645404,6.752791615988801,0.0599959568524588,8.505956251592206,0.37007765511358853,0.9424782474014379,0.9980300199753103
53,63,-6.8816951280353384,6.973488935378734,0.061380320965757525,8.808957016667028,0.3480394562919331,0.9411140429984199,0.9979174981743129
53,64,-7.098090348435797,7.189884155779193,0.06236263590668401,8.9441230563739,0.493192512004092,0.9401007773350618,0.998030852170274
53,65,-7.61829357516612,7.754677420521632,0.0668885817216936,9.30805356411094,0.25664796249144023,0.9370816710818122,0.9981137734661892
53,66,-7.927005641670286,8.063389487025798,0.06869822103699076,9.853127741561003,0.25497560784274254,0.9351238250880415,0.997812798945127
53,67,-7.252510898323376,7.303464982179535,0.06140615992197736,8.772119283635412,0.31792290465648176,0.941349459387771,0.9984652899354575
53,68,-7.956456288970487,8.007410372826646,0.06649238853183956,9.511501905175749,0.28385395361675064,0.9366002873763182,0.9983512381695973
53,69,-8.171639616072046,8.222593699928204,0.06765165450290712,9.734355600081443,0.3674880426884428,0.9355593643494888,0.9983377277976833
53,70,-8.905392951618996,8.911756997463037,0.07295730749748464,10.058911631049456,0.18531139028086874,0.9312907298970475,0.9987055449167488
53,71,-8.651201512682292,8.657565558526334,0.07047161155482469,9.632984761429292,0.14860720487809345,0.9338612640533563,0.998929855177213
53,72,-9.655501312606896,9.655501312606896,0.07821781526652155,10.517181688841179,0.04729213059371842,0.9271734214095613,0.9989789356148004
53,73,-9.562888911139126,9.562888911139126,0.0771060085676319,10.398158841038363,0.1374410676849504,0.9280240430076658,0.99903605940581
53,74,-10.268451516781623,10.268451516781623,0.08269034168689073,11.221695484821934,0.002248349766973297,0.9232380317307243,0.9988228771064674
53,75,-10.137531785257158,10.354521147226261,0.08313731649009864,11.648521943172994,-0.2496238692726551,0.9239261706743266,0.9981326414645196
53,76,-10.339381751325318,10.556371113294421,0.0845273657965382,11.804057814347495,-0.25268645256221345,0.9228054994681347,0.9981700440834113
53,77,-9.474599035461035,9.69158839743014,0.077232525108998,11.109168905473343,-0.14394884030601648,0.9286822972256771,0.9981223403420022
53,78,-8.960398797069313,9.177388159038417,0.07292934962848857,10.794772258973614,-0.11712699098481656,0.9321607468026817,0.9979857989311828
53,79,-8.11552056285248,8.332509924821585,0.06608885191369428,9.94919034554134,0.08162004623752599,0.9380242393010891,0.9981535679563376
54,0,nan,nan,nan,nan,nan,nan,nan
54,1,nan,nan,nan,nan,nan,nan,nan
54,2,nan,nan,nan,nan,nan,nan,nan
54,3,-5.775682933058425,6.814484850821165,0.10888687481410873,8.2616319762416,0.12560311995988804,0.9110078960204974,0.9925297014251053
54,4,-7.620730440284226,8.281139069013543,0.1288280005383836,9.830187371964373,0.2519361676871595,0.8884857956403233,0.9925268941556079
54,5,-8.451392986479766,8.71577628191385,0.1318729908665739,10.392416067892624,0.39246608074430095,0.8814985917229994,0.9934297544716669
54,6,-7.605245435804608,8.104930009477583,0.12037582767566284,9.702103157160604,0.19406870611543064,0.8948610903719523,0.9934631801102404
54,7,-8.610559918863858,9.078156849216871,0.13194541525482345,10.383480690835476,0.1876835484865129,0.8862999318330046,0.9942396765768913
54,8,-8.199208024604735,8.52079520184913,0.12234140222047829,9.848761728218204,-0.07795061991709817,0.8939684623196245,0.9948493061639319
54,9,-7.109660012424083,7.43124718966848,0.10350232122023342,8.561507249897916,0.10352957560578105,0.9081336217076098,0.9962788903732663
54,10,-6.30840855093769,6.906144752454775,0.09419284809385245,7.803511214441318,0.32851687446296857,0.91819004020055,0.9966656754757055
54,11,-6.571122273661287,7.6224211378722,0.10252301605526211,8.710336102765957,0.2319566854295417,0.9153660800666837,0.99497029364899
54,12,-4.994995528253347,6.311656064252482,0.0838885554395803,7.584434620701149,0.21526836904978544,0.9346413638013598,0.9949460940983001
54,13,-6.242632831530564,7.47300746852419,0.09815161423092261,8.893020649061194,0.1570916129890931,0.9206454918920567,0.994097865263099
54,14,-5.61325323929726,6.843627876290887,0.088797720433685,8.32230313949307,0.1367799715264866,0.9284487215161891,0.994526270474417
54,15,-6.155526826864588,7.109752439585529,0.09115761368405514,8.69267851965909,0.11459468737446027,0.9231936979681108,0.9947189247560755
54,16,-6.274921805113588,6.540283476901811,0.08301577172746093,7.971375207441037,-0.06276975459769532,0.9241897255818928,0.9966276079820116
54,17,-6.12378891237554,6.679471297506214,0.08435881530064142,7.984709880359992,-0.28512630044205806,0.9267536607132255,0.996303003342042
54,18,-5.162032317719145,5.9258901006950655,0.07450691527018169,6.886085589745156,-0.13017767130564617,0.9382285215832021,0.9970254898164633
54,19,-5.428384805522626,6.192242588498545,0.07747300622242269,7.137853930469107,-0.2619575737174863,0.9355135259194942,0.9969694778560358
54,20,-4.9227368285899376,5.686594611565859,0.07061141828109921,6.413890346838683,-0.10885500675368788,0.9415388959437391,0.9976238907932061
54,21,-4.303457413152446,5.587139936258261,0.06897359794474432,6.173198894352862,-0.038671428881017905,0.9483549847288673,0.9972656753411263
54,22,-5.562774705644144,6.721968941952896,0.0829148693526882,7.3759581341272495,0.07322829184771983,0.9338602056988834,0.9968251573684834
54,23,-6.470119830495507,7.498444122449317,0.09218741325666654,8.55810897428498,0.086331848008514,0.9230342781129753,0.9959064101635469
54,24,-6.255256621370536,7.362647846118753,0.090107198659812,8.508527760748176,-0.009087650344591695,0.9255008959847212,0.9956832690534351
54,25,-6.739743669521186,7.847134894269405,0.09642382110084993,9.118127545205732,-0.210716698892366,0.9200475625413264,0.9951109008916958
54,26,-8.103914774013912,8.691481258632237,0.10724329370128588,9.901393680267425,-0.0956875941538958,0.9060104723474294,0.9958881908941583
54,27,-7.981976352382577,8.275218548045986,0.10278096689861195,9.728440385021083,0.0004743008268092521,0.9070481211248563,0.9960172437648122
54,28,-7.342910175839447,7.649111734851899,0.09523331831957295,9.060823539309158,-0.09457187591612606,0.9139820618984924,0.9962872329597598
54,29,-7.451519183045504,8.024692757371124,0.099890980266517,9.488223617554034,-0.14782075996980917,0.9122004499020285,0.9954510516577673
54,30,-6.908133051471486,7.481306625797106,0.0927409644144181,8.856914836276088,-0.01931366247386367,0.9181527160045062,0.9959477870076054
54,31,-6.575143491923609,7.148317066249229,0.08832167260893796,8.494461808263818,0.10259491551615786,0.9219418452409767,0.9961885687984188
54,32,-6.314734916107244,6.792363599122292,0.0837457802309053,8.296828861479844,0.04660955840972438,0.9247399271288549,0.9961784784326969
54,33,nan,nan,nan,nan,nan,nan,nan
54,34,nan,nan,nan,nan,nan,nan,nan
54,35,nan,nan,nan,nan,nan,nan,nan
54,36,nan,nan,nan,nan,nan,nan,nan
54,37,nan,nan,nan,nan,nan,nan,nan
54,38,nan,nan,nan,nan,nan,nan,nan
54,39,nan,nan,nan,nan,nan,nan,nan
54,40,nan,nan,nan,nan,nan,nan,nan
54,41,-6.022973646220948,6.908232147863828,0.08421378744232838,8.141252660645769,-0.03551782891746591,0.9291995997352155,0.9960799428918008
54,42,-5.239511299386975,6.667041886929744,0.08006975592629569,8.172995627338592,0.028683480656183823,0.9372406905375366,0.9949527877044955
54,43,-5.84903127150414,6.7848600559018735,0.0808557361999301,8.156554466655997,0.11629794578481287,0.932152226805175,0.9959481502799227
54,44,-5.91423686215802,6.850065646555754,0.08014792197196594,8.192630947178682,0.3177064434535218,0.9318623353618221,0.996141970879516
54,45,-6.56865742258148,7.565889738100798,0.0873082046450032,8.808604386840445,0.2435976360217178,0.926190874632037,0.9960364132743343
54,46,-6.527454491110076,7.221799532378104,0.08234185208138348,8.57241842797243,0.18411409252384855,0.928504880647597,0.9965007695962699
54,47,-6.777880834543522,6.929953789911662,0.07844499715238404,8.08264339338231,0.14895377928737663,0.928264238879426,0.9977857099277585
54,48,-6.530018761940605,6.682091717308745,0.07465393652021614,7.977115665390695,-0.03751257786342033,0.9315850179032396,0.9976596041093018
54,49,-4.989014940309714,5.552205093475602,0.060546701215490654,6.853261897441356,0.044920213115846014,0.9472015385734008,0.9976038707354266
54,50,-4.217523367212524,4.719309989256828,0.0504712877346395,5.8015977369480245,0.3024608850996552,0.9557273301357225,0.9983192449267089
54,51,-5.641447004083873,6.052564201881621,0.06383748207422896,7.479424587729972,0.4603370452855631,0.9415229060373648,0.997603121056199
54,52,nan,nan,nan,nan,nan,nan,nan
54,53,nan,nan,nan,nan,nan,nan,nan
54,54,nan,nan,nan,nan,nan,nan,nan
54,55,nan,nan,nan,nan,nan,nan,nan
54,56,nan,nan,nan,nan,nan,nan,nan
54,57,nan,nan,nan,nan,nan,nan,nan
54,58,nan,nan,nan,nan,nan,nan,nan
54,59,nan,nan,nan,nan,nan,nan,nan
54,60,nan,nan,nan,nan,nan,nan,nan
54,61,nan,nan,nan,nan,nan,nan,nan
54,62,-7.175858069648286,7.267651876991682,0.06477786613622863,8.988251859610854,0.3529880850586401,0.9384428863358885,0.99793507306261
54,63,-7.4009236552026145,7.492717462546011,0.06598290394768772,9.286937355252363,0.2558874009267907,0.9372394237034086,0.9978415137730938
54,64,-7.267342815470182,7.359136622813579,0.06376355695192372,9.13092046216825,0.44924116210790305,0.9389079166109899,0.997975537959926
54,65,-7.778583817043893,7.870377624387288,0.06759850817219769,9.456015681121821,0.38032608266716605,0.9358510886635204,0.9981242628086148
54,66,-8.64020106395769,8.731994871301085,0.07406129452539367,10.404192965547132,0.34358059548116227,0.9300213299944525,0.9979004250360468
54,67,-7.7202774781308445,7.726641523974888,0.06462629528096477,9.008103453373254,0.4580789586496828,0.9381497011325017,0.9986713145495901
54,68,-8.139082433090405,8.145446478934447,0.06729848704524281,9.371310853767696,0.39639067494078667,0.9357712133497492,0.9987099572626645
54,69,-8.720456810086352,8.726820855930391,0.07143566821493658,9.953017913711419,0.4343796584792732,0.9320903058578445,0.9986613803223734
54,70,-8.724885758317466,8.731249804161507,0.0710703668003738,9.921040293630154,0.15839073211374627,0.9328056620082908,0.9986972905352667
54,71,-7.843041515683135,7.849405561527177,0.06342100412329009,8.93396888449101,0.16798341628359337,0.9397610631277389,0.9989288214215392
54,72,-8.662281659349757,8.662281659349757,0.06965244789662417,9.631614635436053,0.09593242290758104,0.9343416269449513,0.9989775559640237
54,73,-8.743682094274845,8.743682094274845,0.07005754818940431,9.777467947090837,0.0753873776377933,0.9338861326161676,0.9989084369127309
54,74,-9.45128794549537,9.45128794549537,0.07564387841809163,10.686556958114078,-0.052592471948544585,0.9288735957470852,0.9985978041003671
54,75,-9.083640767601254,9.478003945514256,0.07569847385175174,11.019449397002534,-0.3798227452180577,0.9311093152146148,0.9978068102002998
54,76,-9.43121305405147,9.82557623196447,0.07849587906708333,11.243807478183498,-0.3895098578448635,0.9289111925198819,0.9978854283098927
54,77,-9.077029900567487,9.471393078480487,0.07555026573029691,11.020271683428271,-0.333682553434402,0.9312521621704702,0.9978037097263186
54,78,-8.911487064370386,9.305850242283386,0.07408853930830833,10.93479812495466,-0.30476701474096257,0.9323850691718281,0.9977513003602314
54,79,-7.976539888554878,8.370903066467879,0.06652533677407577,9.915989587414355,-0.16028039895957666,0.9390467290660436,0.9980440723543831
55,0,nan,nan,nan,nan,nan,nan,nan
55,1,nan,nan,nan,nan,nan,nan,nan
55,2,nan,nan,nan,nan,nan,nan,nan
55,3,-4.994390807652902,6.232336753719815,0.0994889626041307,7.9413773099978835,0.1191628096918755,0.9209617641342139,0.9917181632766849
55,4,-6.365244047079172,7.224796704112664,0.11266039523565118,9.0403733449425,0.10994919060725027,0.9043703074128853,0.9916987941467628
55,5,-6.697878948659237,7.161406272397494,0.10779457414920189,8.993195201670378,0.3929080335158871,0.9028708789264726,0.9932960255403132
55,6,-6.462050534038001,7.134582814595699,0.10546634700844962,8.69804855044529,0.26337960935731675,0.9093459696192641,0.993810391301301
55,7,-7.5924436727228315,8.060040603075844,0.11616676472208301,9.309640585774249,0.3608624575308303,0.8988775705784382,0.995044523366405
55,8,-7.704268395733994,8.025855572978392,0.11409452366287633,9.351517305256216,0.1141819186628344,0.8998793795513987,0.9952473416030125
55,9,nan,nan,nan,nan,nan,nan,nan
55,10,nan,nan,nan,nan,nan,nan,nan
55,11,nan,nan,nan,nan,nan,nan,nan
55,12,nan,nan,nan,nan,nan,nan,nan
55,13,nan,nan,nan,nan,nan,nan,nan
55,14,-5.356989178157428,6.487471976464449,0.08393550912584197,8.21248527071209,0.1875102206685447,0.9308139210577918,0.994397473928479
55,15,-6.389358061837253,7.243691835871589,0.09236399155301171,8.985708356452044,0.24065123593965504,0.9202207533844537,0.9945141805662728
55,16,-6.335929928420246,6.501399761521866,0.08260926414710701,8.251177301709486,0.07719890998344413,0.9230880246542923,0.9961208984990516
55,17,-6.244767369068091,6.800449754198765,0.08601782842500542,8.410595217642967,-0.20090353636303365,0.9249996232178689,0.9955606691359947
55,18,-5.553843410030695,6.3177011930066165,0.07913915046797183,7.580363218339708,0.04044217147433539,0.9335006812129242,0.9962848543242837
55,19,-5.461579383976957,6.225437166952877,0.07721283311329588,7.275256865068772,0.02261897036921243,0.9350836595216085,0.9968257422164303
55,20,-4.8608578556139825,5.624715638589903,0.06938149467538651,6.418296369795418,0.06857430485976068,0.9421714036312973,0.9975764700007382
55,21,-4.5067052340250475,5.790387757130861,0.07113003812356357,6.474430124463484,0.05855802581396177,0.9458724693044283,0.9970372322376051
55,22,-6.167403821592009,6.89540395956715,0.08463420848262826,7.594989710194646,0.22596761449247393,0.9278876265398687,0.9974052804247647
55,23,-6.53133785672672,7.213266814193166,0.08862473611681843,8.386708103006004,0.11215147559880262,0.9228640687618831,0.9964019502188997
55,24,-6.588253485865334,7.349249376126188,0.09026380566554851,8.563223590218069,0.042255178183401035,0.9223413333469999,0.9961102358775955
55,25,-6.691975425599323,7.452971315860177,0.09174020688104909,8.860551294337709,-0.07254042174186896,0.9208378602434787,0.9956095773006481
55,26,-8.01331608398592,8.254487234116882,0.10186312570146619,9.62410149955499,0.021536523840641357,0.907399700744666,0.9963856304649867
55,27,-6.844224447800022,7.2222654073096795,0.08922199126526469,8.827014517360245,0.06311741490504136,0.9190172369829476,0.9959582838147566
55,28,-6.462925173429646,6.769126732442101,0.08362269140112788,8.208786690360066,0.013627695181013671,0.923766415358032,0.9966281445084488
55,29,-6.023608090777584,6.990614681294814,0.08604761124907241,8.547203186911787,-0.1888891159959826,0.9274533262252058,0.9951393913607446
55,30,-5.604447293175766,6.7884815869041235,0.08310179855514395,8.14527818748868,-0.13961475824015115,0.9326406737953575,0.9953660593660295
55,31,-5.28345196344241,6.467486257170767,0.07885172623537703,7.708311799776839,0.03284912120853733,0.9363178956720893,0.9958255034274
55,32,-5.417126612477419,6.505616014895203,0.07943938051383562,7.932042928120714,-0.04706373045887958,0.9346921556285025,0.9955492080027422
55,33,nan,nan,nan,nan,nan,nan,nan
55,34,nan,nan,nan,nan,nan,nan,nan
55,35,nan,nan,nan,nan,nan,nan,nan
55,36,nan,nan,nan,nan,nan,nan,nan
55,37,nan,nan,nan,nan,nan,nan,nan
55,38,nan,nan,nan,nan,nan,nan,nan
55,39,nan,nan,nan,nan,nan,nan,nan
55,40,nan,nan,nan,nan,nan,nan,nan
55,41,-6.4093271038355555,7.2941810837597565,0.08848175627217564,8.285405757296482,0.08346034051042704,0.9257860547380374,0.9964498710169382
55,42,-5.829247068945628,7.25637313476972,0.08670305506953756,8.446532014164042,0.06340357888288792,0.9315915717453668,0.9953026900777617
55,43,-5.937700775741145,6.873529560138878,0.08130924280742552,8.117675561816112,0.21529095140120927,0.931816509269394,0.9962225128756943
55,44,-5.281893219764242,6.695866620405567,0.07777030539048131,7.867204841999651,0.23220983304538503,0.9388126951739704,0.9958966415763497
55,45,-5.809377213117825,7.284754144880735,0.08383930605298685,8.381507323296429,0.07734528660650962,0.9341932674292869,0.9957314488956803
55,46,-5.5561303460312566,6.728620003542878,0.07649401344797158,7.938151724081835,0.0018676603152568538,0.9383972465735313,0.9963066410786044
55,47,-5.584098668616204,6.2143162402279355,0.06987880754898074,7.297628304331148,0.005826363329430865,0.9398459373349916,0.9974914306733869
55,48,-5.540597192037978,6.17081476364971,0.06873613763654583,7.369588357837076,-0.030913719793426876,0.940790575385535,0.9973748148121064
55,49,-4.927934481335218,5.491124634501107,0.0597870814420623,6.608468335120162,0.10407433964341183,0.9479328836712797,0.9978943261621265
55,50,-4.47419665722174,4.975983279266045,0.053275196843154,5.940649541200028,0.33058406842686694,0.9533068654472293,0.9983828350903723
55,51,-5.779029084496355,6.190146282294106,0.06541299575922963,7.509445385334152,0.431916278850937,0.9405654909362737,0.9977041166466095
55,52,-5.690768047814317,6.101885245612066,0.06348946010249729,7.369656439878908,0.46238121349053357,0.9422456289964495,0.9978767925720282
55,53,nan,nan,nan,nan,nan,nan,nan
55,54,nan,nan,nan,nan,nan,nan,nan
55,55,nan,nan,nan,nan,nan,nan,nan
55,56,nan,nan,nan,nan,nan,nan,nan
55,57,nan,nan,nan,nan,nan,nan,nan
55,58,-8.302378912563075,8.325866360060939,0.07893759415177486,9.21261079941174,0.4902873687184543,0.9264790641610998,0.9987362132491621
55,59,-8.160601741298555,8.184089188796419,0.07661091475109286,9.07627735577004,0.5544925479615143,0.9290937871201373,0.9987419617166805
55,60,-6.655242596104845,6.678730043602709,0.06148349652660753,7.608915933326158,0.56997880018394,0.9424429375345101,0.9989309286073642
55,61,-6.410996679902902,6.410996679902902,0.05818151057710724,7.3436967605713495,0.49901262665412394,0.9454373271155261,0.9990067808450354
55,62,nan,nan,nan,nan,nan,nan,nan
55,63,nan,nan,nan,nan,nan,nan,nan
55,64,nan,nan,nan,nan,nan,nan,nan
55,65,nan,nan,nan,nan,nan,nan,nan
55,66,nan,nan,nan,nan,nan,nan,nan
55,67,nan,nan,nan,nan,nan,nan,nan
55,68,nan,nan,nan,nan,nan,nan,nan
55,69,nan,nan,nan,nan,nan,nan,nan
55,70,-9.265721053529763,9.272085099373804,0.07556467436213304,10.447155864905287,0.07625309159050124,0.928903925660475,0.9986442786682126
55,71,-8.341710407250565,8.348074453094604,0.06749712526593316,9.517710945246922,0.03479943661201859,0.9360726739356675,0.9987777000665163
55,72,-9.305190822147058,9.305190822147058,0.07492914606355075,10.385213930154954,-0.05537778011199422,0.9296125333682101,0.9987828419015703
55,73,-9.40556592905996,9.40556592905996,0.0754860750815372,10.394982188479172,-0.11751329171903645,0.9292449522361844,0.9988828630194682
55,74,-9.877398154436491,9.877398154436491,0.07904486044428616,11.024556590434772,-0.25618996629781754,0.9261158052284975,0.9986460173447289
55,75,-9.027368659909335,9.63623821920341,0.07695184435084662,11.07729979142657,-0.4518722285848604,0.9315489955262615,0.9976677852540938
55,76,-8.866794724516,9.475664283810076,0.07553728354233982,10.879670037700198,-0.4862141447358917,0.9329312001761864,0.997749639079665
55,77,-8.72941010489724,9.338279664191317,0.07427399506729734,10.723068829644067,-0.4302896834658524,0.9339264127694186,0.9978150686866608
55,78,-9.175175080879347,9.784044640173423,0.0777047700627899,11.14228312464577,-0.4450174065402161,0.9308345962312454,0.9977690929062419
55,79,-8.785348784433555,9.394218343727632,0.07455672247926372,10.630798281372654,-0.3399811426809934,0.9335930776618374,0.9979948444267647
56,0,-7.817932102380147,8.30125121013156,0.1415206587228043,9.372226310571378,-0.012275886598652346,0.8794674455290361,0.9936773508526775
56,1,-6.779204731217,7.539568509275182,0.1263785423903379,8.887497050286777,0.0019182754225456492,0.8945236087999506,0.9922921009764606
56,2,-5.846390761727889,6.779602246670797,0.111417364402784,8.203165620306278,-0.006142187558648719,0.9094855575542686,0.9924106550545466
56,3,-5.098022515631175,6.263529652688205,0.09935561018456339,7.843434909561664,0.04858937884951121,0.9206948688836776,0.9923396424364513
56,4,-6.182081495166337,7.26029485776719,0.11259447518797183,8.836731545688682,0.12092032031503713,0.9073777285224454,0.992013424972447
56,5,-6.371250261743115,7.0534382910487325,0.10592097655640986,8.616295965069718,0.33452458752974334,0.90792801614945,0.9937026850041556
56,6,-6.655335482740644,7.295780119978382,0.10753695126869026,8.550923083648172,0.303996428645254,0.9075590441041783,0.9947715526703312
56,7,-7.543909660207983,8.011506590560996,0.1152696060819036,9.124146847773183,0.3479972674850493,0.8992431876998576,0.9955370827074485
56,8,-7.900955877661597,8.222543054905996,0.1166769742364391,9.31211501779057,0.10209440690232881,0.8976055266547598,0.9959212797780924
56,9,nan,nan,nan,nan,nan,nan,nan
56,10,nan,nan,nan,nan,nan,nan,nan
56,11,nan,nan,nan,nan,nan,nan,nan
56,12,nan,nan,nan,nan,nan,nan,nan
56,13,nan,nan,nan,nan,nan,nan,nan
56,14,nan,nan,nan,nan,nan,nan,nan
56,15,nan,nan,nan,nan,nan,nan,nan
56,16,-5.300282280053787,5.587576388455423,0.07088499076305585,7.321086402263641,0.09019169508412359,0.9347117910543906,0.9964002258073531
56,17,-5.043987855124386,5.721494515555076,0.0722333350990148,7.414731869944228,-0.12219230077097011,0.9380867692657778,0.9958168767871369
56,18,-5.236981177110144,5.7926635622408185,0.07241908324736658,6.992299220735031,0.16115336768453972,0.9372344246022372,0.9969963161095122
56,19,-5.74678992902086,6.302472314151533,0.07786582777184485,7.52073758846214,0.18510795950941408,0.9316057286849673,0.9968313500415075
56,20,-5.400187720856294,5.955870105986968,0.07353706627730766,7.141219551572732,0.14882750497987246,0.9354740075778066,0.9970413859730636
56,21,-4.815529245184778,6.1563742775890775,0.0756655325897923,7.25983232989702,0.02331031378085904,0.9414955389625286,0.9959938108238263
56,22,-6.631792842425325,7.4169554896989505,0.09101674887666804,8.410371014875436,0.17117826348914938,0.9222210843614422,0.9965152991149404
56,23,-6.558242043031268,7.505508907641447,0.09205491604026904,8.961468285962125,0.053533811647165544,0.9217427956877736,0.9951728146935523
56,24,-6.350747052213985,7.298013916824163,0.08948226039351802,8.504239108798442,0.0340027821617891,0.9247556065267251,0.9958305759814068
56,25,-6.381790949142496,7.329057813752675,0.0898957735196434,8.55797816910819,-0.03582985874530316,0.9244245878208142,0.9957606896996183
56,26,-8.244898207180754,8.407002424517307,0.10330036147156024,9.640650648605884,0.2072277566615003,0.9055382119995152,0.9968801990174855
56,27,-6.9543970966507205,7.178655071464575,0.08826533547190421,8.709788254640912,0.14855538923861164,0.918591185096572,0.9964575338542321
56,28,-7.032018719234318,7.094172476711618,0.08733295632305088,8.34504821462637,0.10134713477166866,0.9185987608481874,0.9973777950360334
56,29,-5.823007939827368,6.6474853673702095,0.08163655546415065,8.218537224509758,-0.22068221635183238,0.9303704255752261,0.995541616209289
56,30,-5.798083768606613,6.83958889936058,0.08385366219644469,8.39026797850906,-0.2673568339654459,0.930882319439515,0.9951220985177069
56,31,-5.039494272255346,6.0809994030093115,0.0744627194552407,7.422835421861745,-0.18609013219625412,0.939722136124498,0.9960000962002717
56,32,-5.405565473335405,6.426241764680197,0.07904170494126844,7.987469368820449,-0.21359242788886196,0.9350949534538806,0.995350035922511
56,33,nan,nan,nan,nan,nan,nan,nan
56,34,nan,nan,nan,nan,nan,nan,nan
56,35,nan,nan,nan,nan,nan,nan,nan
56,36,nan,nan,nan,nan,nan,nan,nan
56,37,nan,nan,nan,nan,nan,nan,nan
56,38,nan,nan,nan,nan,nan,nan,nan
56,39,nan,nan,nan,nan,nan,nan,nan
56,40,nan,nan,nan,nan,nan,nan,nan
56,41,-6.3654408865154615,6.8846286485701285,0.08313019236846016,7.899170057900873,0.279164036477857,0.9268591992002019,0.9972227065952767
56,42,-5.561723499408745,6.623183347363299,0.07880138455455443,7.946900919787024,0.15398000039064896,0.9349890524033355,0.9959732676035772
56,43,-6.33863587699461,6.90879844352281,0.0814521078338176,8.452543731158691,0.2303437759355756,0.9276966011543671,0.9962149018201854
56,44,-6.33139249800075,7.351809200144231,0.08555481379862781,8.726480516997595,0.2054839492536429,0.9279133486327997,0.9957221222667672
56,45,-6.470582303128233,7.552402536393299,0.08721232455265637,8.997874290735606,-0.04849213683506647,0.9275000350910684,0.9954464232372819
56,46,-5.851731982329942,6.933552215595007,0.07909164892588079,8.451508715105543,-0.0550597332394257,0.9348645661979047,0.9957383722031932
56,47,-6.635047605748241,7.174595753113417,0.0808929863925913,8.406235717742293,0.018953738308580614,0.9290995718085204,0.9970164202053955
56,48,-6.613751994545485,7.153300141910661,0.07945754414783761,8.223370514497502,0.16807209449486868,0.9303409200911237,0.9974054473690347
56,49,-6.102501330116447,6.575022059035781,0.07114405274551765,7.48226196525374,0.33953585447418466,0.9366841982490394,0.9980335680633261
56,50,-5.692371249003483,6.103488446801233,0.06522851135153607,6.966320174930096,0.32693102677029273,0.9416827590778905,0.9983287225545839
56,51,-6.195284280864009,6.60640147866176,0.06990257330778774,7.343204226023779,0.33641575653512823,0.9378287801131675,0.9984230848141148
56,52,-5.966975108665546,6.378092306463294,0.06639248735479511,7.2237546707677085,0.3929607545558542,0.9404325398800412,0.9983868251127901
56,53,nan,nan,nan,nan,nan,nan,nan
56,54,nan,nan,nan,nan,nan,nan,nan
56,55,nan,nan,nan,nan,nan,nan,nan
56,56,nan,nan,nan,nan,nan,nan,nan
56,57,nan,nan,nan,nan,nan,nan,nan
56,58,-7.541559940877813,7.565047388375677,0.07178772372956774,8.395723058891264,0.5267651220088424,0.9328420538076642,0.9989017544134118
56,59,-7.948456847154103,7.9719442946519665,0.07447334930311196,9.080770282290942,0.5715597397517715,0.9302612486934142,0.9985098361638052
56,60,-7.238823110314836,7.2623105578127,0.06659974368965024,8.472697316869844,0.5468161249775443,0.9371053775349818,0.9985418966089793
56,61,-7.676091278885629,7.676091278885629,0.06947588238601629,8.842710568283671,0.4517054941350764,0.934669336668243,0.9985803789895951
56,62,nan,nan,nan,nan,nan,nan,nan
56,63,nan,nan,nan,nan,nan,nan,nan
56,64,nan,nan,nan,nan,nan,nan,nan
56,65,nan,nan,nan,nan,nan,nan,nan
56,66,nan,nan,nan,nan,nan,nan,nan
56,67,nan,nan,nan,nan,nan,nan,nan
56,68,nan,nan,nan,nan,nan,nan,nan
56,69,nan,nan,nan,nan,nan,nan,nan
56,70,-8.267805719785725,8.37412102424017,0.06817545810217447,9.416235889610308,0.06613563900326945,0.9362156945498747,0.998798659645651
56,71,-8.373581705409357,8.479897009863803,0.06855599634551178,9.564905878377491,0.024705360822288542,0.9358206062377411,0.9987565072262579
56,72,-8.768936841352847,8.768936841352847,0.07045925461946022,9.792626251875134,0.1507099822608238,0.93347165771938,0.998914784672735
56,73,-8.694531545454826,8.694531545454826,0.06950824904431734,9.662738124899338,0.102063919773335,0.9343560505114427,0.9989929480672427
56,74,-8.772259027070593,8.772259027070593,0.0697450923157641,9.764616543226637,0.06731880220117206,0.9341019456407686,0.9989714043236383
56,75,-7.347322094666322,8.048286448577876,0.0638123111603642,9.206201252149077,-0.44541886947205195,0.9439459768671297,0.9982470702601992
56,76,-6.611907407085303,7.417140226218456,0.05867473289554279,8.661323697806443,-0.502231623613815,0.9492891095293251,0.9982116874691582
56,77,-7.543680921269405,8.348913740402558,0.06615355006047019,9.90662031402736,-0.5560621586674782,0.9422280313967296,0.9976710291684816
56,78,-8.532664815814364,9.337897634947518,0.07399800281094221,11.068817975654731,-0.6257581851614059,0.9349772945948408,0.9972310793194124
56,79,-9.078221198680302,9.883454017813456,0.0785251223772932,11.761137773555049,-0.6211465782874974,0.9308559955281566,0.9968933899836872
57,0,nan,nan,nan,nan,nan,nan,nan
57,1,nan,nan,nan,nan,nan,nan,nan
57,2,nan,nan,nan,nan,nan,nan,nan
57,3,nan,nan,nan,nan,nan,nan,nan
57,4,-5.8930294170577575,6.97124277965861,0.10734095735061083,8.5136119790376,0.2424759745864077,0.911331723675655,0.9925027739284369
57,5,-6.403515167040326,7.085703196345944,0.1060576784355398,8.55033784391296,0.3915222447038836,0.9076054709726511,0.9940428525327956
57,6,-7.072595239435138,7.713039876672877,0.11321995601045909,8.918953960068524,0.4041982693686225,0.9022659505604139,0.9947686926434081
57,7,-7.529398185437532,8.007168677388357,0.11434146733644375,9.241033077599036,0.4860736131542933,0.8985868728638842,0.9952887593465364
57,8,-7.679820198629834,8.011580937472042,0.11311368421989036,9.160719589756438,0.31323603376147263,0.8993384880290402,0.9959233124798107
57,9,nan,nan,nan,nan,nan,nan,nan
57,10,nan,nan,nan,nan,nan,nan,nan
57,11,nan,nan,nan,nan,nan,nan,nan
57,12,nan,nan,nan,nan,nan,nan,nan
57,13,nan,nan,nan,nan,nan,nan,nan
57,14,nan,nan,nan,nan,nan,nan,nan
57,15,nan,nan,nan,nan,nan,nan,nan
57,16,-5.76500528910881,6.2709835487475445,0.07939296284606968,7.794615752755765,0.09780544686619905,0.9294596817743243,0.9961558993893171
57,17,-5.411157055220713,6.472817699990121,0.08133015315339129,7.95642194199978,-0.09693921015356934,0.9335530488369257,0.9952638197221675
57,18,-5.531292553122273,6.4711289225916655,0.0802416247610232,7.543117087061189,0.06711839525975752,0.9336917648098321,0.9964229070415876
57,19,-6.00180441025714,6.941640779726532,0.08528469516746869,7.978894010403618,0.0292787317843082,0.9286656144165751,0.9963552614476385
57,20,-5.91424968216746,6.854086051636853,0.08401603313948616,7.952125059388098,0.018058186779866377,0.929522795916749,0.9962901816675724
57,21,-6.148034417069222,6.969054709343628,0.08504660764822104,8.028895474780235,-0.17309127622325124,0.928012711944551,0.9965134654309658
57,22,-7.54712429129802,7.812462198441753,0.09536831194420273,8.75826335424421,-0.04858973795431516,0.9140955892833948,0.9974799096506591
57,23,-7.57505888391138,7.92519555490136,0.09695935805311111,9.271627973565362,-0.0847301972027183,0.9126437407256304,0.9963743788758191
57,24,-7.017621570201695,7.3677582411916775,0.09006193218665638,8.628627913494148,-0.02252452168304692,0.9189232823030327,0.9967612042247702
57,25,-6.389167840925932,6.739304511915913,0.08242970904901069,8.078007003842748,0.0038655721428095626,0.9254211618273634,0.9968223616771339
57,26,-7.558971614788765,7.643770378635015,0.09366695963419741,9.126695465669716,0.09216839379688316,0.9127406707618103,0.9966916823876791
57,27,-6.701329008757675,6.848281530081224,0.08424121832174176,8.74564520714761,-0.031843183425617136,0.9210746726848378,0.9959047057143539
57,28,-6.12401677173707,6.186170529214371,0.07605281981097306,7.76437766174591,-0.06909895738670388,0.9281923005551913,0.9969968415066756
57,29,-5.213446807335435,6.037924234878276,0.07395077863926826,7.820148383218466,-0.3087999769962879,0.937131738692547,0.995482585924973
57,30,-5.5949904904079055,6.636495621161871,0.08145771043521606,8.320963457787094,-0.3637153973280336,0.9332197801265688,0.9949532930515408
57,31,-5.2333171914193395,6.274822322173305,0.07708419232231696,7.596752679140317,-0.3428927610544036,0.9378815500647681,0.9959033510267344
57,32,-5.491622548982885,6.470973922259551,0.07948689581940079,7.711318988638092,-0.24578092232166712,0.9350490139294321,0.9960494699715534
57,33,-5.59120829114637,6.641592403879636,0.0817724399915887,7.78806053403155,-0.19971280787833834,0.933785014580071,0.996021507108936
57,34,-5.520442279531178,6.425563781297515,0.07933960114037826,7.477189457540158,-0.09878518531125302,0.9344119154886423,0.9965455041799551
57,35,nan,nan,nan,nan,nan,nan,nan
57,36,nan,nan,nan,nan,nan,nan,nan
57,37,nan,nan,nan,nan,nan,nan,nan
57,38,nan,nan,nan,nan,nan,nan,nan
57,39,nan,nan,nan,nan,nan,nan,nan
57,40,nan,nan,nan,nan,nan,nan,nan
57,41,-7.2748909725298425,7.38364260356371,0.08871917956217353,8.439371632260423,0.3038129799035479,0.918327680335854,0.9977307322413544
57,42,-6.564736651049364,6.741975636903699,0.07993126449871638,8.122461366257426,0.19479678187995828,0.925868278190524,0.9972168480898101
57,43,-7.014533409615515,7.110911245064292,0.08357791645770739,8.67316456620908,0.07518228119846176,0.9218316715183866,0.9969059160051531
57,44,-6.529603691292002,7.076235662356059,0.08234030987029403,8.527768401800877,0.008528860030667681,0.9269567018389295,0.9964346638285995
57,45,-6.781321455854818,7.389356958040462,0.08535158221892468,9.117856570677304,-0.00675320286475116,0.924599334795939,0.9956946171846772
57,46,-5.786103810023269,6.394139312208913,0.07292379089289307,8.384163532933586,0.05184177682108346,0.9357498198422858,0.9957797504165833
57,47,-6.017451861693316,6.557000009058493,0.0738010379487752,8.215719454114412,0.0738185782931757,0.934867113576693,0.9965022996220725
57,48,-6.01214176959791,6.551689916963086,0.07270164184618945,7.99988550789561,0.13689445078994358,0.9359659271999469,0.9969684973155415
57,49,-6.002492021807193,6.475012750726528,0.07001805823013067,7.782781932551948,0.24133846845887352,0.9373080247562422,0.9974351047123228
57,50,-5.508537184398271,5.919654382196021,0.06312552981218295,6.995083214326289,0.305976410252319,0.943189152469112,0.9980874084604997
57,51,-6.306358882201778,6.717476079999526,0.07094936576219554,7.595103049873673,0.37270822559099254,0.9364509707492682,0.9982101278798089
57,52,-6.43680058130602,6.847917779103771,0.07136785496901149,7.8210687099120255,0.3702234582727235,0.9357993993043267,0.9980950606556706
57,53,nan,nan,nan,nan,nan,nan,nan
57,54,nan,nan,nan,nan,nan,nan,nan
57,55,nan,nan,nan,nan,nan,nan,nan
57,56,nan,nan,nan,nan,nan,nan,nan
57,57,nan,nan,nan,nan,nan,nan,nan
57,58,-7.99888807917366,8.022375526671524,0.07575445779914186,8.814059224766254,0.431898616784131,0.9295635840560325,0.9988995477561492
57,59,-8.352069469224622,8.375556916722486,0.0778729945315577,9.467104423992176,0.4610541484034925,0.9273672037382791,0.9984810905147676
57,60,-7.493494910582,7.516982358079864,0.06872666877090451,8.735130806883866,0.4598153345132471,0.9354068397894972,0.9984889984634555
57,61,-7.851944406177337,7.851944406177337,0.07086207437142816,9.037205155927655,0.4287741908908381,0.9335513475346087,0.9985318707859469
57,62,nan,nan,nan,nan,nan,nan,nan
57,63,nan,nan,nan,nan,nan,nan,nan
57,64,nan,nan,nan,nan,nan,nan,nan
57,65,nan,nan,nan,nan,nan,nan,nan
57,66,nan,nan,nan,nan,nan,nan,nan
57,67,nan,nan,nan,nan,nan,nan,nan
57,68,nan,nan,nan,nan,nan,nan,nan
57,69,nan,nan,nan,nan,nan,nan,nan
57,70,-8.415190487741683,8.820724071854132,0.07189695867148571,10.213827597261181,-0.03679626624257407,0.9346518801853774,0.9980253395654112
57,71,-8.086142084321136,8.491675668433587,0.06862707628176067,9.874791658914148,-0.07634595398274377,0.9373756559288259,0.9981371733742688
57,72,-7.962018500174326,8.261236779832332,0.06619901180379234,9.361882554230892,0.18837194793728437,0.9389209377245455,0.9986203278682375
57,73,-8.587710327795888,8.886928607453893,0.07100494221731105,9.9182602747732,0.11288627087328164,0.9347289962701109,0.9986173531272677
57,74,-7.865213431889283,8.164431711547287,0.06497730962745102,9.335736557181134,0.14219723470173834,0.9399700727777098,0.9985782649500372
57,75,-7.303993583738636,8.00495793765019,0.06357222693008274,9.284379591737085,-0.501273492088251,0.9441199247067182,0.9981226872964246
57,76,nan,nan,nan,nan,nan,nan,nan
57,77,nan,nan,nan,nan,nan,nan,nan
57,78,nan,nan,nan,nan,nan,nan,nan
57,79,nan,nan,nan,nan,nan,nan,nan
58,0,nan,nan,nan,nan,nan,nan,nan
58,1,nan,nan,nan,nan,nan,nan,nan
58,2,nan,nan,nan,nan,nan,nan,nan
58,3,nan,nan,nan,nan,nan,nan,nan
58,4,-6.342699541602302,7.4209129042031545,0.11329246438791093,8.98731212067321,0.28598991616581054,0.905329434731471,0.9921924308263055
58,5,-7.078300694193848,7.760488723499467,0.11588193912561927,9.144589998135757,0.3578755307559628,0.8994118160089372,0.9939121506746408
58,6,-7.899392669096485,8.304536028095333,0.12110549065397688,9.431732320144778,0.5099206412616334,0.893213561400611,0.995475440220957
58,7,-8.058082684319064,8.310725459628813,0.11865818846323511,9.644079968669185,0.5000275101469475,0.8926355213329356,0.9954629697940893
58,8,-7.74619440738418,7.766541530579804,0.10920091932652808,8.964304319936474,0.5179660433838953,0.898791544587638,0.9967587409666309
58,9,nan,nan,nan,nan,nan,nan,nan
58,10,nan,nan,nan,nan,nan,nan,nan
58,11,nan,nan,nan,nan,nan,nan,nan
58,12,nan,nan,nan,nan,nan,nan,nan
58,13,nan,nan,nan,nan,nan,nan,nan
58,14,nan,nan,nan,nan,nan,nan,nan
58,15,nan,nan,nan,nan,nan,nan,nan
58,16,-5.048425116259562,5.9385573602370165,0.07503220903980017,6.861514255295156,0.26658684367601665,0.9378762957700942,0.9969373374611595
58,17,-4.952561574103774,6.1670716277394675,0.07706948871005882,7.113695968319796,0.18263650557655287,0.9391275181950537,0.996368223475872
58,18,-5.682130024320531,6.7748158026562075,0.08371603073474322,7.63611502514673,0.19253742624624753,0.9319699562079671,0.9965122676978663
58,19,-6.007333857967113,7.100019636302792,0.08712930439701863,7.915362096320181,0.1764478239950076,0.9285218716450971,0.9965227195923813
58,20,-6.1617052771275125,7.25439105546319,0.08864509598542697,8.247719021820465,0.17935139063232516,0.926587196002284,0.9961244016779093
58,21,-6.758930602600109,7.3486463194020795,0.08935915914203901,8.336481286178518,-0.10494569112048226,0.9220065287703633,0.9969440649735678
58,22,-7.432834066937698,7.69817197408143,0.09367038299406354,8.571064340883575,0.0185151563953126,0.9154963497556992,0.9976919596601745
58,23,-7.238587173055181,7.588723844045161,0.09255781528152936,8.9644496971031,0.025807487604417763,0.9161274375127706,0.9964630780924135
58,24,-6.4823409300805315,6.832477601070513,0.08320973622081704,8.179566259412779,0.0711935238583875,0.9245160513202633,0.9968053900357621
58,25,-5.8338045872004765,6.183941258190458,0.07559519312814421,7.533940665840226,0.07452126156085476,0.931373255205059,0.9970178074190978
58,26,-6.822860931690975,6.907659695537222,0.08465563662945012,8.548029413998515,0.09770006346038483,0.9202512429226057,0.9965978981169854
58,27,-6.815521472703417,6.962473994026966,0.08584796312002517,9.086877744245854,-0.11527578822971786,0.9194849472907906,0.9953114970160649
58,28,-6.201834153815626,6.263987911292927,0.07722362205497918,8.104992297632286,-0.19517101325308694,0.9271043415838655,0.9964013389159692
58,29,-5.2522938369689225,6.07677126451176,0.07448928796035803,7.942966591303545,-0.3360741743480482,0.9367691414532318,0.9952845271012037
58,30,-5.844015610090213,6.885520740844178,0.08474323096204012,8.650689233076292,-0.4313602807292087,0.9306040109203111,0.9945943489873321
58,31,-5.706977776819482,6.748482907573449,0.08323095350134004,8.103060801037852,-0.4056231958020297,0.9327689334609626,0.9955310212325285
58,32,-5.388886700108226,6.368238073384891,0.07838431165699809,7.524111978817348,-0.18360745061668401,0.9363392929723345,0.9962523909397296
58,33,-5.766480719519922,6.816864832253189,0.08424491888109213,7.799763544916706,-0.12140837354985676,0.9319688377530844,0.9962305110387379
58,34,-5.960154466656508,6.919466551405531,0.08584000067094394,7.909848467520207,-0.10860234313187675,0.929358886527164,0.9963099356308516
58,35,nan,nan,nan,nan,nan,nan,nan
58,36,nan,nan,nan,nan,nan,nan,nan
58,37,nan,nan,nan,nan,nan,nan,nan
58,38,nan,nan,nan,nan,nan,nan,nan
58,39,nan,nan,nan,nan,nan,nan,nan
58,40,nan,nan,nan,nan,nan,nan,nan
58,41,-6.90634314804212,7.095955929481547,0.08449555763519459,8.278908198404283,0.3795238071379139,0.9220539399953446,0.9974752216872376
58,42,-6.201186264890005,6.390799046329432,0.07505521416410571,7.78576836594357,0.4240580012775505,0.9295661514358244,0.9973647737450305
58,43,-6.700139588930697,6.728030069559006,0.07878739737186982,8.339204921293055,0.01967960773782094,0.925166792713651,0.9970793479212329
58,44,-5.858092000362017,6.336236616605609,0.0732963989644864,7.888409670137129,-0.02674097403103752,0.9340299710739647,0.9966943835168437
58,45,-6.23102173438129,6.770569881746467,0.07775620898244416,8.776252187942857,0.089297626169856,0.929784082685122,0.9955942093762491
58,46,-5.331639675292552,5.871187822657728,0.06681141211790101,8.222260449975375,0.18028570470265343,0.9400793073630623,0.9955110808188053
58,47,-5.453904489920965,5.993452637286141,0.06728091398881338,8.048945072612746,0.1480897494989265,0.9399098801064066,0.9960894804988766
58,48,-5.970421248158673,6.509969395523849,0.07200646484370915,8.142006834161426,0.07472540408454881,0.9363890721568522,0.9966919201176276
58,49,-6.974486419700582,7.035889950822166,0.0761211114656358,8.495572579502596,0.3161193630946712,0.9281838421366785,0.9976066014031159
58,50,-6.59054873302238,6.59054873302238,0.07039018936957056,7.677806014711431,0.41392369258872197,0.9331086365542723,0.9984455981787399
58,51,-7.566255860366272,7.566255860366272,0.08010765006371472,8.34622362364479,0.5345529899413762,0.9251106943388933,0.9987875886101155
58,52,-7.818055397535719,7.818055397535719,0.08168657042032197,8.661124318601702,0.36459263733313585,0.9237693357781369,0.9986763807643778
58,53,-7.480229263392015,7.683880230289227,0.07919237098347262,8.88717256619359,0.36197857436809866,0.9268404274887252,0.9978776788200048
58,54,-6.957202206453299,7.16085317335051,0.07252302300585814,8.33100099032622,0.556130184464619,0.9326586251891532,0.9981191968619073
58,55,-7.844157759418968,8.04780872631618,0.07973793810864929,9.107570553934998,0.6502353083926413,0.9260047878016786,0.9982159981835783
58,56,-7.516931747957719,7.744070162352796,0.0752923058821595,8.967826780029103,0.6571903544682499,0.9300268054961629,0.9980563499514064
58,57,-6.845728734812751,7.072867149207827,0.06765547914748252,8.575148151240628,0.5044911646520566,0.9373131233748364,0.9978431991044577
58,58,-7.592890523374479,7.6163779708723425,0.0717544207397478,8.568487774805606,0.4404869351387078,0.9329840770892509,0.9987380932366244
58,59,-7.969751909308051,7.993239356805915,0.07413931971427927,9.250058855071735,0.3754355982613924,0.9305728882702944,0.9983141112194591
58,60,-7.305455529753795,7.328942977251659,0.06678747246232715,8.612163534858674,0.39271790734120926,0.9369173876473327,0.9984551304559194
58,61,-7.603240349093545,7.603240349093545,0.06849223993752146,8.856842222239658,0.36971770277877264,0.9354417451188777,0.9984971334242869
58,62,nan,nan,nan,nan,nan,nan,nan
58,63,nan,nan,nan,nan,nan,nan,nan
58,64,nan,nan,nan,nan,nan,nan,nan
58,65,nan,nan,nan,nan,nan,nan,nan
58,66,nan,nan,nan,nan,nan,nan,nan
58,67,nan,nan,nan,nan,nan,nan,nan
58,68,nan,nan,nan,nan,nan,nan,nan
58,69,nan,nan,nan,nan,nan,nan,nan
58,70,-8.431631907778371,9.136383771548825,0.07472671468509724,10.809692093946502,-0.1464188561338485,0.9339340908304117,0.9972950114678586
58,71,-7.823836032226523,8.528587895996978,0.06895480162160425,10.15271710505346,-0.1652629297378175,0.9386831473046324,0.9975730425497935
58,72,-7.2886805401841634,7.887117099500174,0.06321848574946026,8.967419045975893,0.2717297575106841,0.9433961028516595,0.9984393103274035
58,73,-8.142980641422575,8.741417200738585,0.06980570833798658,9.637503459358836,0.33677376333071213,0.9375511180365147,0.998513565967813
58,74,-7.341494677934166,7.939931237250176,0.0631952466596565,9.13636716755828,0.34048143195619357,0.9432164902664252,0.9983372039217309
58,75,-7.770568812223559,8.254543804166012,0.06553730785317899,9.483084800710442,-0.42197872257071556,0.9408473564060408,0.9983234291996833
58,76,nan,nan,nan,nan,nan,nan,nan
58,77,nan,nan,nan,nan,nan,nan,nan
58,78,nan,nan,nan,nan,nan,nan,nan
58,79,nan,nan,nan,nan,nan,nan,nan
59,0,nan,nan,nan,nan,nan,nan,nan
59,1,nan,nan,nan,nan,nan,nan,nan
59,2,nan,nan,nan,nan,nan,nan,nan
59,3,nan,nan,nan,nan,nan,nan,nan
59,4,-7.60029180726935,8.050184184460845,0.12301570870206145,9.683965176595438,0.31074775924164166,0.8906445845183388,0.9932581647967365
59,5,-8.475571435444476,8.92546381263597,0.1336057741201256,10.18670051761924,0.3498106961200792,0.882707012731232,0.9943904034395363
59,6,-9.284835357395723,9.457683064280447,0.13820861419813668,10.416907009479697,0.5797187419604738,0.8777860939660891,0.9963089765981376
59,7,-8.681176328471295,8.711697013264732,0.12477572210524274,10.122486928895777,0.5083230400282398,0.8854177717340036,0.9956589874316263
59,8,-7.4941944181782425,7.52471510297168,0.1059255358840773,8.821670878326357,0.6127115478086118,0.9008520631085494,0.9965625979097272
59,9,nan,nan,nan,nan,nan,nan,nan
59,10,nan,nan,nan,nan,nan,nan,nan
59,11,nan,nan,nan,nan,nan,nan,nan
59,12,nan,nan,nan,nan,nan,nan,nan
59,13,nan,nan,nan,nan,nan,nan,nan
59,14,nan,nan,nan,nan,nan,nan,nan
59,15,nan,nan,nan,nan,nan,nan,nan
59,16,-4.931707926256606,6.205994154572779,0.07847933466341701,7.116060322266576,0.22505293223548864,0.9384371320526727,0.996253751460176
59,17,-5.349480626326562,6.623766854642736,0.08274222715215183,7.525859060050062,0.2702180816431603,0.9341456780886669,0.9961607104903826
59,18,-6.475774542171041,7.6282364951872,0.0943442187253753,8.31262438462882,0.24127020950507813,0.9229195944561529,0.996444465131668
59,19,-6.705637547466694,7.858099500482852,0.09676442628934583,8.486472551544276,0.3511972482573562,0.9204426178651234,0.9965240936631208
59,20,-6.956140352645161,8.108602305661318,0.099238523183433,8.968034745858533,0.47230732238103107,0.9174839159823812,0.9959721804223862
59,21,-8.01414150373823,8.279479410881963,0.10083834738429141,9.101457233593354,0.060569740810437284,0.9092774465055445,0.9976805575071577
59,22,-8.073126515696305,8.338464422840039,0.10162976266691444,9.087381943211378,0.09390128564337244,0.9087042943371789,0.997831478221364
59,23,-6.888998565968148,7.239135236958129,0.08825560191331533,8.350114930851104,0.186964175088402,0.9200784948971277,0.9971712279495356
59,24,-5.768250370104286,6.118387041094265,0.07456066514014047,7.192153251003127,0.19640751624915673,0.9324631162776226,0.9975901413801491
59,25,-4.56436134234734,4.914498013337321,0.060133190577469166,5.770793103968996,0.19181200134131093,0.946040964986836,0.9983056733252457
59,26,-4.915650240517605,5.000449004363854,0.06132368860579711,6.23202871210318,0.18713005823499956,0.9417782760928881,0.9980282868088862
59,27,-5.390157407823783,5.537109929147332,0.06848763043291548,7.690732395573357,-0.18924518497044843,0.9352581088504143,0.995961248237943
59,28,-5.604954104059775,5.667107861537077,0.07004876613855773,7.7205993083436075,-0.38727948913364557,0.9336270662630627,0.9962233162550769
59,29,-5.401003411573103,5.879441891008367,0.0721203248713529,7.860137788832492,-0.3580692575606744,0.9355604279616708,0.9956918214176977
59,30,-6.4134270155908055,7.108893198237196,0.0877365108000263,8.880784784959332,-0.4983829374903847,0.9250620004714251,0.9949989706967668
59,31,-6.715892986769984,7.411359169416374,0.09186156554409212,8.817164022512248,-0.46320294208366336,0.922180330339651,0.9956064437035272
59,32,-6.156397703667974,6.789710128837064,0.08391499447418671,7.753938787405807,-0.18519635366755988,0.928673466553841,0.996961762164186
59,33,-6.42481831649292,7.12916348111861,0.08860863214209842,7.986122948449408,-0.039182794373095006,0.9251363039145787,0.9969036262837604
59,34,-5.716842174419296,6.916135291082205,0.0864061242922995,7.872286637290046,-0.3093580502176906,0.9316245802749799,0.9959196863362243
59,35,-5.658436036404507,7.0223902449632964,0.08765951097122084,7.93556294415854,-0.456656295141456,0.93163462646136,0.9957200613849737
59,36,-5.519267468891769,6.883221677450559,0.0852177955874172,7.827650402029984,-0.11166701461311125,0.9335150522180786,0.9958179401863267
59,37,-5.931766360558664,7.295720569117453,0.0896499447026453,8.227643745475824,0.016221580720986995,0.9290568857334603,0.9957027885822191
59,38,-5.267664635016681,6.803169555335544,0.08300944047939975,8.002877714595103,0.024258925716247277,0.9359160367773718,0.9952364807044134
59,39,-6.976722882683367,7.628885609635358,0.09256209784704605,8.75777575976408,0.17455072363859797,0.9192891164298438,0.9964829805554211
59,40,-6.432936073608621,6.7034100054536045,0.0796778472539515,7.749223957513805,0.48334371027356265,0.9268449637449985,0.9977418157831026
59,41,-6.828345315269848,7.098819247114834,0.0840923423758933,8.078858888827122,0.5295714451827016,0.9230051413770572,0.9977851181904642
59,42,-5.518671873513622,5.789145805358606,0.06796652870778877,6.782332670697179,0.5841323138950859,0.9371400465662615,0.9981355611837445
59,43,-6.1020349559839655,6.129925436612277,0.07171912600907354,7.410536443939283,0.09160319465629253,0.9318557442053849,0.997878661419762
59,44,-4.988186428220429,5.46633104446402,0.06321143296820925,6.765791557417254,-0.02164819691021123,0.9436737643162247,0.9974746299722925
59,45,-6.082509419221447,6.5606540354650384,0.07525209977900889,8.457889559722622,0.23001912733757662,0.9313218965043911,0.9960170891496546
59,46,-5.041495487888047,5.519640104131638,0.06258620671924103,7.7601395601674055,0.3597750849806687,0.94314865381834,0.9960106597929599
59,47,-5.684671933555567,6.1628165497991585,0.06907524855406705,8.17540913951932,0.25936007095364133,0.937561526112773,0.9961714968614693
59,48,-5.771324235446571,6.249468851690162,0.06896673516463815,7.831000249590424,0.16878430460731186,0.9386752195272334,0.996975608442546
59,49,-7.503892371113434,7.503892371113434,0.08126194607048604,8.9770994574514,0.26516652026444026,0.9234968612070263,0.9975312578160346
59,50,-6.696796703012227,6.696796703012227,0.07137305421001412,7.757684102037851,0.4825811646494242,0.9321018680700452,0.9984808135889678
59,51,-7.662234519386559,7.662234519386559,0.0809275337591448,8.457001599957113,0.6172427569299923,0.9240737664628925,0.9987777404902207
59,52,-8.22440053950337,8.22440053950337,0.08559072917157652,8.950281284377066,0.424190159369969,0.9203958905199959,0.998836642911471
59,53,-8.938394703171564,9.059581947261268,0.09323745221550662,9.995259699301336,0.44745310092699925,0.9144491390254935,0.9982064527215483
59,54,-8.131758960034137,8.252946204123841,0.08364074761586568,9.204317241986816,0.5408184442806939,0.9228052303572281,0.9983513075419803
59,55,-8.874879496687617,8.996066740777321,0.08900897370389811,9.864264276561851,0.5892587521263043,0.9179560341923624,0.9984729467263335
59,56,-8.487284156088844,8.631958847676412,0.08384850579242896,9.675553106289867,0.5800655964070486,0.9227342071219339,0.9982466668222464
59,57,-7.016568941746602,7.16124363333417,0.06847681718953473,8.7438442920217,0.4068453341238202,0.9365144822711865,0.997781877449083
59,58,-7.202857248941268,7.226344696439132,0.06778611121696843,8.303856276066517,0.4162942174291248,0.9364357181784018,0.9986412942439378
59,59,-7.372152370449666,7.395639817947531,0.06822212667125775,8.783792393576087,0.284061237313574,0.9357441311804758,0.9982623018763199
59,60,-6.428120154420539,6.451607601918404,0.0583079002410663,7.828154352973606,0.38983099794880915,0.9443218619564893,0.998529764015879
59,61,-6.9867467499878595,6.9867467499878595,0.06243380958929742,8.2885572232589,0.415254466441288,0.940560437499625,0.998573708573893
59,62,nan,nan,nan,nan,nan,nan,nan
59,63,nan,nan,nan,nan,nan,nan,nan
59,64,nan,nan,nan,nan,nan,nan,nan
59,65,nan,nan,nan,nan,nan,nan,nan
59,66,nan,nan,nan,nan,nan,nan,nan
59,67,nan,nan,nan,nan,nan,nan,nan
59,68,nan,nan,nan,nan,nan,nan,nan
59,69,nan,nan,nan,nan,nan,nan,nan
59,70,-8.403116462368162,9.407086605796623,0.07711271016895464,11.267642502220976,-0.10450919899772591,0.9335693950405953,0.9966659417057676
59,71,-7.828567378024966,8.832537521453425,0.07133667992812381,10.525226630450492,-0.0924551662183402,0.9382383770711142,0.9971455638065393
59,72,-7.0148340770302475,7.912488916004263,0.06335464533001428,8.867330610238117,0.3890163178453057,0.9451713419827841,0.9983198102154578
59,73,-8.40673357731863,9.304388416292646,0.07427700344336886,9.964368728433044,0.499689723678745,0.9354774796032338,0.9984157887498311
59,74,-7.092925058586479,7.990579897560495,0.06366343236525637,9.063827238668996,0.39010249458095986,0.9447707225417772,0.9982027283416017
59,75,-8.340664090745252,8.647265266743805,0.06871978992520834,9.760033426586434,-0.44393824107454266,0.9369851844186572,0.998546487286157
59,76,nan,nan,nan,nan,nan,nan,nan
59,77,nan,nan,nan,nan,nan,nan,nan
59,78,nan,nan,nan,nan,nan,nan,nan
59,79,nan,nan,nan,nan,nan,nan,nan
