row,column,reference,comparison_a,comparison_b,comparison_c
0,0,32.046845415396554,47.032721141310724,18.674331329737832,41.56752168945608
0,1,38.84018667694376,38.34433767751064,21.909892568106095,46.19396784909881
0,2,37.9292425049184,41.91874056191954,30.57911911433509,53.216238122839755
0,3,41.206108987396426,44.958730909423714,31.62626063856425,49.82616037274782
0,4,43.89284054332095,45.98836531394921,32.50074415457528,47.083283626896765
0,5,40.25740007573207,55.6394119844345,37.35576539419051,54.83076793122426
0,6,42.5049142747806,53.43580985123109,42.46776528016137,53.24914229895707
0,7,46.68217187215067,64.49564799243372,44.266693502220335,54.3558580205218
0,8,46.95173044758979,45.81795714289544,40.278570718580404,62.181987990881
0,9,49.13602069839718,54.056737708943466,39.79863057679287,56.36617132882427
0,10,50.417851811274424,61.1862256397127,44.12176200599947,64.00049203834477
0,11,52.160848044827894,52.96537674375304,39.92482883525139,65.26160593407363
0,12,52.66981141081155,53.56929896764781,37.45119337801616,63.25478056184794
0,13,53.13215630975726,59.178285218799616,42.5733039631583,69.34720473512573
0,14,53.20610114067236,62.52830262042387,45.592863066542094,74.28771906037299
0,15,53.750600515889914,56.34608241117712,41.78330703836058,76.97837906332671
0,16,55.02811901487076,71.81949042892508,50.57713600869921,72.92129729598331
0,17,54.16886825970104,58.81358539339802,54.80964742232479,75.38190035812941
0,18,nan,nan,nan,nan
0,19,55.21181082061971,63.117459045749015,55.29067260190409,78.79352698117994
0,20,58.75136520038692,67.49293523583073,52.00804726309283,70.79025958529857
0,21,56.36513402162154,55.14249610579694,42.73793990175893,80.3039515485003
0,22,57.24314804731104,66.58527673834095,62.01621570617902,74.12567209481621
0,23,56.088767143899865,63.55503560737234,52.35334254859991,74.28400428309347
0,24,53.07891928746421,55.476600810672714,52.058364183421446,71.18968722318952
0,25,58.55173230509441,66.24350829708216,44.707490004624404,83.32924124880114
0,26,60.254968683195706,55.868138974252375,48.36533303454492,73.65628259115657
0,27,53.415193306225675,67.12465715703931,55.69014007102997,74.6929201375596
0,28,60.31385966959102,63.92097153352114,49.35576787459637,71.1272093322014
0,29,55.73032315774173,60.07411589014809,51.94955833056474,73.82071120281051
0,30,59.92466757461933,68.40493257052064,57.202124214548235,74.10959759025751
0,31,59.00997025830196,53.791714302077864,70.21255757306628,68.70385695767209
0,32,56.91495049657291,72.94140604318955,52.093764763287254,76.74658535856585
0,33,57.98581215933549,71.09363466347381,39.64500535402666,71.0955243138324
0,34,59.21217229737195,61.52283145903983,58.80467119094263,77.67809489469819
0,35,57.09305242453815,54.6939579689967,63.26265113988614,74.02650715112567
0,36,58.623355294626435,62.2189520725113,64.4789265084507,72.4047368529425
0,37,59.449439692831255,62.84864523477191,40.18045087703727,74.7169299674528
0,38,55.39948134421597,64.8307190454181,61.77231274739498,73.5033013333915
0,39,59.74704004324338,68.0473765045516,56.23249647141242,68.65784476000132
0,40,57.55645639748935,60.67405287518312,58.75436713724627,70.37870676172466
0,41,61.66943131092341,70.80331828810256,50.476799206195025,68.16187938936267
0,42,61.79524934697406,72.18577739469877,48.37083253731984,77.54199064599777
0,43,62.59738380432338,68.41142980804783,45.3857868297637,67.26204271674278
0,44,61.87245160478702,74.09698617978405,49.18880103587364,80.77696930164494
0,45,63.34312098143299,70.81453017021909,58.642075589639255,75.99561763708934
0,46,65.71880261306954,74.48586886996785,54.52543094196001,76.86972300209905
0,47,64.30223408377267,72.91700920604488,59.739864009243455,66.84822397366042
0,48,69.34404291576985,72.35115415859015,60.01310016673975,78.43946080926403
0,49,65.26449405313376,73.11881875665817,51.563596016264796,79.17696476660521
0,50,68.79848705499418,78.95794344989632,66.61845526742928,75.82340996653568
0,51,68.56975497635247,82.51079041726537,49.76917264698554,79.85881907312233
0,52,73.12078810404029,77.10564814351306,56.56677573638555,80.15563082988815
0,53,72.60688662402882,81.95150348219633,66.36297640593607,78.99857184040228
0,54,75.54139672450167,79.90872514806506,54.93164184761256,84.59758359519738
0,55,80.9660214503495,84.16525110326201,64.72014987289761,87.06271491485595
0,56,77.05713984325537,86.14251742996446,77.43348946574913,77.58493236115702
0,57,81.62014530997541,85.93031934687599,82.64738765871287,78.89969246530744
0,58,81.79951702158854,84.21165999633446,62.41630180155215,85.3668247519996
0,59,84.54311796398751,86.50276504304878,75.90653478643435,91.41278689342285
0,60,85.69491612979706,90.00618512461286,83.19940810998231,102.68191127874934
0,61,88.6418392621566,96.950387365625,73.49531915117176,93.05440942033503
0,62,88.23354280861449,105.16692418267344,78.94160137080974,93.68292393537443
0,63,90.01876307127421,93.49147951326576,84.86707439330115,92.76038645334256
0,64,90.04993585752715,87.90609172166887,83.36395286145225,92.26475072562324
0,65,92.9236481171296,102.84416775491127,82.22837005463856,94.0985673658664
0,66,97.22901769962061,104.29992238321098,84.51399355745995,105.76170428330757
0,67,91.78913631422631,107.3702684635169,86.32402808993993,91.28643271467645
0,68,96.45347282144611,100.24811979455735,90.85420071611715,100.28612518669429
0,69,99.94449974070103,106.2988746005452,76.92899405961458,99.15822815614979
0,70,96.29730386192222,102.49456929911896,80.91163391139226,107.34735891221067
0,71,98.36285120959434,100.94692418782633,91.54956141121811,104.16770555519625
0,72,97.7517694078084,105.7152744949825,99.0655292900129,104.03154607992582
0,73,103.97894846710255,113.43557876616907,86.23245088354686,102.91156071609488
0,74,101.21940185518625,109.12343847104283,99.37464248338242,110.75242334728506
0,75,104.36745956163439,108.89450841423896,96.64517518060299,105.44461373857283
0,76,104.56643327273093,110.64999967614312,93.28048543473841,99.68961056591826
0,77,104.22120506813663,109.37268021015944,97.5265099297995,112.103207842236
0,78,104.40155314083775,108.00519007117235,83.94017289402318,108.50936075087243
0,79,104.61745029529334,115.73524748137369,88.70022341485983,111.77837917018103
1,0,32.73386981948684,44.48972228112682,27.66501083104372,47.65455541733211
1,1,39.0757163801447,39.74891042886231,33.89802947417269,33.3359540471623
1,2,43.79228540791555,43.968878800202134,30.46334373646612,50.60319660183976
1,3,40.798968210308935,49.45155132307621,39.90374645265697,46.308967579481546
1,4,46.258526302408015,48.89699559303342,32.52948416638127,57.35510824744603
1,5,44.26309170871141,50.57429170300696,37.98322226569957,57.37479396981845
1,6,45.75515252356137,53.0457682549426,49.78308123070707,54.29291409758821
1,7,49.17395174728746,49.34665744763591,37.85015979211174,59.426539485558486
1,8,48.35464273890527,48.86800417551669,43.94030800421101,54.211530409060416
1,9,49.85340116957568,54.291339666087026,39.82534854295149,63.05806821234935
1,10,49.908179372774576,51.51461530056449,41.59766154854593,67.27763104928874
1,11,53.067050322614946,54.09344352695533,48.00534108720754,60.855466614625904
1,12,48.38794132905585,66.95665409570915,47.88799193128148,66.79160385021113
1,13,55.390215568615744,64.2528834170477,63.680219014877096,71.75928998010355
1,14,58.3064233975653,53.193034731325724,49.31195614869786,71.06016553458595
1,15,57.900344254586194,56.00766933683518,45.066548924008956,77.39738010804783
1,16,57.23135086931271,55.798655538170806,61.33766745911019,65.92306585924754
1,17,58.33694754187999,64.45943035022589,52.03020684933691,78.77903490510151
1,18,57.89369214672995,53.32951555025639,43.95745100863518,74.63504733802769
1,19,54.84161274302338,61.46821445278133,40.361278569396895,77.78510860350663
1,20,56.00016803549781,59.8331911638778,48.932812533686146,82.15729085394528
1,21,58.83204066319076,63.185385055596036,48.63204070642348,66.60875059530008
1,22,58.14406827755098,59.51463115942973,53.830739974590045,72.5329019638482
1,23,55.178332686422436,64.9639796815574,56.86046391512576,81.31651551295491
1,24,58.186099872837936,66.06072974278707,47.92640738026304,83.15411098035888
1,25,55.371667410545676,64.64774996808018,57.40675899878652,68.85405535561654
1,26,60.26665889290652,67.06736027756841,50.827390679545864,74.83359392372492
1,27,58.116977602121544,58.9662680740859,54.14820069370959,74.69344808677666
1,28,55.92358773104678,59.94150211127614,62.719538359920314,73.7608443360179
1,29,57.93161872106362,54.035894867540875,60.27815069048616,74.91487056245512
1,30,58.31680929646073,65.28720889167703,46.03726401447077,67.92846506091429
1,31,54.69769191945808,62.180718311434006,48.82823755424891,74.71105950132528
1,32,59.13008642223919,68.39165872055236,52.9943252146628,69.13138672438194
1,33,56.727065321102174,60.307571379698814,47.24385411023376,73.5975744458129
1,34,56.888506690732925,62.05301974512079,55.60720065734536,65.26463692907343
1,35,57.03154148712554,67.4051038576452,58.54301320930064,72.99371165937951
1,36,58.41869292113762,63.88081181408189,47.93369241843456,71.53434644608494
1,37,58.20216662812906,59.368005936394844,41.98355818451191,67.17953202716288
1,38,59.3154864503688,65.16418724662314,55.12964586062672,74.9702107222738
1,39,57.78212263023339,58.31947246136879,43.20891633290217,70.49752146348493
1,40,60.56536704957747,62.57887230947777,41.159707754361214,65.54660857060149
1,41,59.48419463072142,66.23781485184821,48.30334329208885,65.24951491447123
1,42,60.33648128523522,64.78828304696513,56.673580475419946,67.74770442418573
1,43,60.32270160199598,71.31994486156391,63.538551134304385,65.89885511084248
1,44,61.806640007194794,67.57424343252592,71.5399485753309,79.30551165818063
1,45,61.35832542417065,66.25025714412294,51.60213287677541,70.51057588155892
1,46,64.95878935313961,68.57977448724097,57.272989907530224,75.37362720475076
1,47,65.62744041406249,73.45512349510669,58.6911846828662,78.72019651940334
1,48,70.94490820067256,71.41214444306476,63.69212932643121,74.77761662788774
1,49,71.10054880326318,70.3417108089708,57.812210533413136,83.51046978845136
1,50,70.00243590790907,70.30515315525292,64.72083587089068,73.11003089335999
1,51,70.23309222867543,80.43107652648095,58.90685812312456,79.38417748004633
1,52,74.67049004478794,79.03957310940716,61.367314048715414,71.07022575636556
1,53,74.45134390692635,84.15416837514032,58.50915481359897,80.32289858002483
1,54,nan,nan,nan,nan
1,55,76.5002915305868,82.40725687126765,67.48236862899363,79.05031448451194
1,56,83.80902378847829,87.38880316124255,75.31674466462394,85.29990058625486
1,57,80.10244436676724,85.28405095719184,66.27205521695419,88.75997000373886
1,58,81.38934157504026,97.69202659226748,55.83820979861909,85.75952258041691
1,59,83.34661640898123,94.81987153880155,77.11880901036604,87.02308691845136
1,60,84.5062976711882,89.10224020831875,71.62555288099273,86.64053233810137
1,61,90.78907370311262,96.73295721477943,79.0886746105045,92.59221180046313
1,62,89.53078832014197,100.62013344824769,81.53064161622655,85.15291144619181
1,63,92.2361314201631,101.3461352198965,73.35401326513332,91.9241499652511
1,64,90.28308063422297,96.87404970660498,79.8524971765445,96.6892993083545
1,65,93.57611116745305,100.97371860053096,92.86265520628666,93.60647080035491
1,66,91.26619562856781,100.75893333950769,83.98060941328556,96.22626305181113
1,67,95.57436958646552,99.85453059206954,88.17328140855726,97.01773285262973
1,68,98.67793925099487,111.49004216725288,93.09584853954325,104.13099368240216
1,69,98.7700072396111,104.54839078590433,95.14164875496463,104.09374246100022
1,70,96.86864282018894,111.49106256604671,93.10457105026319,107.59010241260866
1,71,99.6618678349775,106.63532918119253,100.42673709088186,104.88890281400579
1,72,100.6904902105213,115.41007413530468,89.72873506857172,105.27524611085754
1,73,97.71598239774188,109.69136705826106,92.62251018648642,109.39292336922412
1,74,101.03396755937777,106.44681272359684,101.33735478255043,110.49882891991732
1,75,99.4633615110199,107.0253096283713,90.03876872142617,104.9714142928229
1,76,99.28885579939147,106.82386332101856,91.07237930729049,111.17811481962805
1,77,102.80271569656156,113.02418327471578,94.34664172573233,104.18984356096566
1,78,101.8322076716864,112.27377137316294,107.94995180587956,103.54668855600544
1,79,103.35645970332838,111.8985546696194,89.58599663826033,106.116711480541
2,0,36.048164173056136,37.67960018887714,38.38637216371155,46.0604886963627
2,1,38.14692382323627,50.982499170740915,31.52079692076439,40.679535268416394
2,2,38.00404404163112,34.66288382790181,37.30905092046113,37.157419242185355
2,3,39.99041689611614,48.20640739374684,50.4374477616304,49.09718727086706
2,4,43.52282984565908,40.73829401658591,29.21733801800168,59.33650848327012
2,5,44.52271103004586,35.308186340223116,33.28899776806157,50.80615080883813
2,6,45.44498909171661,39.58093515498803,51.482902257882614,63.580616313109694
2,7,51.55167187752753,52.73645441453204,39.71991007624335,54.94796010955286
2,8,50.510908759889546,57.05298472180089,51.5224016912607,57.101117878504695
2,9,47.74222028832392,51.58687383155422,43.90156252740786,66.81101549423605
2,10,nan,nan,nan,nan
2,11,53.02876016089938,63.23927047703901,52.906266878966875,65.5098790405168
2,12,54.98176978235989,53.721153049817765,48.459657375588506,62.69088594556237
2,13,nan,nan,nan,nan
2,14,55.2525726338275,50.47439440114673,52.43185110970613,75.74175011587076
2,15,54.912583590812446,59.04890754330982,56.41278746370262,76.79580661845583
2,16,51.612089704725044,57.13112335913077,54.00709529532948,71.79451099139789
2,17,58.44596217789648,62.428640778797735,42.77013482874075,72.37192906617103
2,18,56.83479135634878,65.79711436590306,55.59542095087516,75.59356065684165
2,19,56.82366773093259,63.885008441409916,50.90507864039611,80.47190553382207
2,20,58.56954209949035,64.96937472599707,52.187342523688606,80.38542059333267
2,21,55.49775586343175,65.45588814669367,59.06922313727882,73.5592896061622
2,22,58.76206948643598,68.3617148549431,37.8161320992544,67.79376484039501
2,23,57.04442964369448,60.21475279457513,57.53542196573762,75.83430349504604
2,24,56.84334496215363,66.51779650670288,42.024174401832454,75.38542545141875
2,25,62.38244837581756,74.9488999306629,38.90268027345299,75.1168417079486
2,26,58.33069881739938,65.28051093230434,59.26848101218863,77.11312172676548
2,27,61.05435362021245,61.49723920430893,53.180324106815455,77.60505582896543
2,28,58.490525070691426,59.52869990503513,48.38562375215608,78.65002901055223
2,29,57.90067796487709,61.4610259451025,53.325085000735655,76.84888249538677
2,30,56.320523325300506,61.394514295590206,54.93377662679576,75.99561791394574
2,31,55.03655345510603,70.33642825111654,53.7020648742259,66.12018241687544
2,32,58.00554870265313,62.61579683887796,49.145027333923046,69.3170415114763
2,33,55.95614285197652,62.474327713417665,55.263523227408065,69.89926893605909
2,34,61.67019071377256,64.40562468930023,57.53447951702452,77.26462789792448
2,35,56.87272881984795,56.83235008643646,48.493098116589316,77.2268961348567
2,36,62.01691678727567,66.20806452558548,52.20929176696113,70.67595551678056
2,37,60.20025855548614,66.56453937523341,42.981009419340246,67.22509177826484
2,38,60.53965542846535,52.93364358101454,55.061025938257366,77.61464217834317
2,39,62.18770361124317,62.74386292871416,52.87464746345957,69.98128875353812
2,40,58.817914434220086,69.05702737805663,50.024478915736175,80.54527854853893
2,41,62.54570364151147,68.7736633159217,52.475052930293444,71.88949212331028
2,42,58.13745411113952,66.64925703110082,40.73356485106464,65.53285057170646
2,43,63.727071287251896,67.58247574408698,57.00380899041221,72.58970774309631
2,44,60.11067891445915,73.21389743915347,49.760176664034056,77.00927786958135
2,45,62.94048974590628,64.12620203474899,63.946602101065324,69.48153840284844
2,46,68.61843563628878,66.48187171334456,54.39350434706016,75.7655890277162
2,47,63.7945284176178,71.87957806402721,52.39068275290385,75.32800533415396
2,48,66.46660945893005,77.40893770165368,52.9342541766518,75.29235187956368
2,49,71.16683395485606,72.51277047533505,65.08433270243944,74.02435636328303
2,50,68.3296457106499,75.51235643426303,63.83288899096622,70.23268392738274
2,51,72.28825510436532,70.82704510522198,64.73209289661514,81.45448728824041
2,52,75.99907359827291,86.19043199741402,52.21483854505113,78.29574739209377
2,53,74.59221809529373,78.48249504980217,72.06508265464178,78.23995408687422
2,54,72.67865804014792,92.4088886960825,57.834677050429335,77.65696729143666
2,55,81.68413688731026,84.189354160637,69.35268891622849,84.73337328964769
2,56,77.96369976946642,90.26520853105959,70.94822483885652,84.35324130168212
2,57,82.705516789398,89.88287811981922,66.01260328824881,84.05062487358903
2,58,85.9170307055457,82.50308509111184,74.84063560867197,90.01950390412031
2,59,85.90330635630882,90.1796586596541,73.98601604282443,88.23430691708916
2,60,82.8504833181028,90.6207279923095,81.97252352399887,93.822009246996
2,61,90.42343231149164,102.11071193401119,88.30838783393143,85.45495127402506
2,62,89.13971072243055,95.60876667722091,89.95305436378001,90.46710050482582
2,63,91.7295772032046,102.29802552145327,68.06741893932247,101.86774799239771
2,64,93.29629426896187,94.33007577176319,81.70979338511471,86.82315898008656
2,65,98.2399308136736,102.58582830231082,70.39607297069442,104.27306387804546
2,66,92.45543739241737,102.03118112723755,88.92977355626307,105.89119821981303
2,67,96.05570985598197,102.00636866073057,78.22664872489355,98.809767083514
2,68,98.21017072669167,104.44815168543218,93.5900669657152,98.25085111127495
2,69,100.92567387143036,100.92466907847498,92.10415883677575,97.4871931940697
2,70,99.91367900703717,100.01112732620898,79.48793943881458,101.91799420550196
2,71,102.27556535851919,111.17370776882048,95.31752122342277,110.18743777357483
2,72,98.07451221447768,107.85596745965785,81.89510797315518,103.22776872459356
2,73,98.15557989799393,114.87530284307255,90.80839872695807,104.40822722673857
2,74,103.17831072432648,104.85948652910385,89.77490400160248,102.5284180160495
2,75,103.47689384511735,110.67348043122784,87.56369207585611,110.60773409333069
2,76,104.70886960587781,111.56050578526153,100.91406761356761,107.5094782206898
2,77,103.05531401905485,116.19879674094265,93.47930885060752,109.82477349865772
2,78,104.54318865486296,110.91839563997948,95.4392925863929,109.99289060038564
2,79,102.87057006678654,111.51050307761528,76.52870486029886,108.07222997649173
3,0,37.5730415880293,34.24620575776892,45.277426407414715,39.36755910926847
3,1,36.344116788165046,42.978634079798056,28.73074582066972,44.82477643078688
3,2,40.69437972174175,44.442687119444464,43.8094504526933,44.399731509807715
3,3,41.534956555609874,44.10831909388928,34.9424250634316,47.2366768910111
3,4,nan,nan,nan,nan
3,5,42.90849211850926,46.053074724737336,36.336130789303674,47.37638069314471
3,6,43.88529541025572,53.99435079924123,44.028721216760985,55.621768452718264
3,7,44.63770113413192,49.998822629876976,40.1705614706727,62.11503147121895
3,8,49.15289438380382,60.94644674204175,47.212892697309385,60.06399453577436
3,9,47.71781990634142,53.50841458884359,40.98170856896816,64.47711209282423
3,10,51.94697085891337,54.43744427155025,41.41979055497085,71.27226028841329
3,11,48.81808664744381,55.582215074968836,52.380967072483294,62.42676531071382
3,12,54.88637411521545,54.22569004842056,36.33697176403542,71.27218951344108
3,13,54.77620893946208,71.81307192618499,42.80967540522639,71.67291029599117
3,14,51.525730502814994,59.219046509807804,60.29400211494628,73.9588667661099
3,15,57.00661467731428,61.3438411060531,50.95186705660814,72.25358935809965
3,16,54.26202309238267,64.70027972177176,49.1014013007049,77.53488193394764
3,17,58.303714482598885,62.883260149695914,46.53415039468651,76.11872880844624
3,18,55.2757069810756,65.61045727249551,52.6169555847369,72.84749958581422
3,19,58.91117067665137,55.76360086477014,57.370945621786284,71.3299417805235
3,20,58.38153071087472,64.72485772921615,52.01065888002738,71.58127943378848
3,21,60.81100103920091,64.5782638398822,52.44241798271999,80.15344233327743
3,22,56.87514969884661,64.44501152276854,45.646640525835885,77.15706236184502
3,23,58.64243196805383,61.10489160241753,48.008167815872234,80.92844283953329
3,24,58.81885152930092,62.537321848571054,49.911163694003434,82.96916040274395
3,25,58.82697271870753,64.9190214143205,49.43958659538988,74.67693272822049
3,26,60.86339989000143,71.5908782501526,47.684347816193906,80.94010226723877
3,27,59.591897822244974,55.14889904172355,54.46998479681,71.99848920542166
3,28,58.46969179694578,65.6274668460226,45.642485570133104,75.75657316169877
3,29,60.83367255020785,68.82130996726264,57.05187674046447,70.65525084309441
3,30,59.38364482817754,67.41369752405791,50.48334649262044,72.47975849804743
3,31,58.711120938223196,60.584664498506214,58.08802620323164,70.3579242826048
3,32,55.34068991142888,61.037538634532474,51.794920497383025,67.83206405997905
3,33,60.535567025992016,60.63881082922671,55.25473888882685,69.84807140309823
3,34,60.516241625085584,62.320679714063004,49.184371679409395,71.49116109337803
3,35,56.2576742831692,73.9959939166109,48.09377160245141,74.07016412519057
3,36,61.33197124724281,65.99086558906862,53.24109889532568,65.67217777792798
3,37,55.82171379860123,67.70845382418244,60.13206974259407,64.6503382293407
3,38,58.155123549817006,71.48327492775994,62.3068620962996,66.31491587968699
3,39,59.778945032494384,67.99549696025612,57.736251083155125,70.1111525229647
3,40,59.61818350287782,61.817713976066194,61.83199962781406,75.01858980574698
3,41,61.354956396042404,69.95356929570931,48.65009592776444,73.31197261598042
3,42,63.260118584348646,68.42355072460018,55.165622443961716,68.10841869829932
3,43,59.13490641048024,66.52766872756963,58.95395137892236,70.2400856961811
3,44,65.08883987990906,66.20682922590866,52.376886257249566,72.26868370954875
3,45,62.714183136742676,72.81675263430536,60.66804083050897,76.79839225453756
3,46,69.95629161797869,65.78488302955175,61.147415327897725,73.7183958185262
3,47,66.49941037195431,83.56765157239673,56.615102117170814,74.70963932899656
3,48,68.17152821688958,71.65178361760752,61.44775620912905,73.65052611231248
3,49,69.11145909851321,72.29858029303848,53.26357180739183,78.40473002979476
3,50,66.53632248717116,66.11784479255641,58.271035189150545,73.53688186809163
3,51,nan,nan,nan,nan
3,52,73.53589020767735,89.4925207590816,73.65537639318927,79.16295230277302
3,53,72.83181430683253,82.07666801766399,69.2038778107275,82.60219353184452
3,54,76.31026767287617,82.75031017307295,60.29464534032101,74.38062878991194
3,55,78.00448532382582,83.57067522525269,65.97875102148832,83.42773937198952
3,56,82.7256571773102,85.95875144407304,70.00792588838777,78.07456785081429
3,57,83.77714578899852,88.27193244943189,74.95369359668831,83.7534301566032
3,58,86.71333037324632,86.14663401562822,74.69413460976462,88.77319443034435
3,59,90.73961169545751,85.17443560081637,73.06378874500292,82.81830660201564
3,60,84.95782195954408,90.38479059300968,69.68016046411616,90.58495648279542
3,61,92.6878469623422,94.83819749664913,73.11662451122318,90.90360883053428
3,62,89.926216390859,96.86115310284457,80.4977202159771,99.45367171082147
3,63,94.42311453507793,92.17373099160494,74.6425894857089,94.54591434772034
3,64,92.1844512368492,111.8000067387112,72.9032748902123,95.10050617709426
3,65,93.82622241481124,101.80985033586678,87.23050932899282,87.62042451267722
3,66,94.93341796649314,102.1721795140283,89.78037054102977,100.55218182817393
3,67,100.19068783987184,102.57567853491481,89.13420606585478,106.67970373910025
3,68,98.43970862793401,104.91483513903432,76.36673802047395,87.9672261790342
3,69,96.85174891848132,111.82286995222174,83.1387197039604,99.13147475057842
3,70,98.7088970169017,106.4447718404511,102.77672118072819,101.463717995297
3,71,96.08809861104174,113.71076772098418,77.85905976043213,97.97960258696742
3,72,102.87825710728603,110.65725583503279,91.12745934829253,114.36669533244181
3,73,107.22777828655009,102.99579780182388,95.7472450369019,106.7160472595723
3,74,102.22660058804875,113.38233544476104,82.59308133677956,110.10060921522783
3,75,101.85530684655141,114.40644799809847,88.07158231200535,107.44098245979907
3,76,105.53825046509968,100.8639951247606,82.59009790515958,100.3180516130863
3,77,104.75457592052962,111.9704633805535,93.08734600124494,112.29536307354235
3,78,104.40338309062186,104.80415470970594,98.41393742840894,102.02251338618791
3,79,104.05072864186879,113.97534093182014,88.42106687613966,107.67579145542722
4,0,35.66923467739341,39.76159319781933,31.74642703022872,44.480799263944505
4,1,39.781045150548344,47.098258578178495,24.981258313205302,39.079118095045715
4,2,41.349578567028296,34.35029318973645,29.48434469051278,49.557901395704285
4,3,43.53807209550051,47.56129785320176,37.59051592670652,51.57778361722082
4,4,40.23920807871765,40.32308179202985,36.51609091690486,50.899834429924596
4,5,42.04033528666726,50.973658546403485,37.214825532580775,55.083063960767646
4,6,44.439419934296325,51.52883090930381,44.9468290856069,57.11432598874365
4,7,47.36106081849825,46.472214524116126,35.761169118810436,64.08889829269363
4,8,49.69674881102346,51.076273883792275,31.206835797508866,65.77830932734413
4,9,50.098746726833625,66.05397758210634,51.674174236652476,69.65583943189526
4,10,51.742721132916984,51.160599222809694,42.39031619191991,70.37226139517868
4,11,51.44794635523129,59.58330704390835,55.437492656860286,65.00792597430005
4,12,nan,nan,nan,nan
4,13,55.00041772807976,58.61272852076733,44.07190122717277,71.66834910573142
4,14,58.85504768877204,59.32201082820171,48.90607781063685,75.99067948315839
4,15,54.955791123756136,64.01576623268006,59.13935111320427,72.15269447253088
4,16,57.525296391386185,61.2649973601826,60.14401311731547,74.37043588469724
4,17,61.27017133097116,70.5543999912849,50.624984906398595,74.05508282500263
4,18,59.05666282029687,65.02613045870315,53.951796403755,75.6684832378806
4,19,58.60320678895216,65.34634015287263,61.465076881106285,70.67244452006233
4,20,57.201689776572856,68.31578361821876,40.52155423860128,79.58921135489369
4,21,62.55009229381086,60.431398733123245,54.390897091394,68.5561761885666
4,22,60.64803937334396,72.56314993628735,42.19842749317872,71.25684079297805
4,23,59.072385786404496,65.51112113704549,62.3598858212798,78.01704635044776
4,24,58.958125938622544,68.78101615932971,74.4282862489421,79.65323027319707
4,25,58.603474234008125,61.86808540824637,42.222470897046776,75.44112332778545
4,26,60.67245496258543,64.50930291117038,57.98717248562164,70.09676556136365
4,27,61.899409497624035,58.80919254478027,62.22261779333971,72.55853530337043
4,28,58.165504419607196,62.18997994923561,60.72905654799638,71.31984926295465
4,29,58.64788622595032,74.01424399892018,50.73470159731468,78.52976247046212
4,30,57.5321592882393,73.37436754584365,59.045498332436516,79.63333718614017
4,31,61.29868843911766,51.56615561451218,48.16610342308616,77.78423050687806
4,32,61.964324531473316,63.19976617998674,52.274045062030225,66.03163160629407
4,33,59.26446733816211,64.80884204676924,47.28918873041539,66.77634816576573
4,34,62.07998995566204,66.95367738968791,47.607482544664386,67.6231162975492
4,35,59.9834228073105,65.20462235780747,51.17967507830467,74.80381271509586
4,36,59.18288816872974,64.32681758269712,46.908856483520765,72.92630083284241
4,37,56.54341883615513,57.4869774087016,56.87609499707497,74.49920432889702
4,38,61.95626762788475,58.828006135079164,44.46757483215241,65.91955496600679
4,39,58.2417117912037,62.62370406404196,44.16747809241066,76.38419008176555
4,40,60.037411538050904,68.80923006953998,60.24208697781058,68.41495771769931
4,41,59.11592970487224,67.77023212639807,47.11853651451146,69.01611321934656
4,42,64.95880517651688,66.46951566708923,64.08051863909364,72.98374957841055
4,43,61.681045039847604,70.75749634300244,50.93567249112344,75.28154305099723
4,44,63.181432921900345,68.13770954306909,66.07635129047114,74.70830998379544
4,45,68.02844447887547,70.20784597383485,52.99875544939658,71.06017456529698
4,46,66.35967148520021,66.80054653443253,55.771721059128495,71.30227898647519
4,47,66.1760660313003,63.74100535339818,48.764879079959506,69.37209890845652
4,48,67.13987363688909,77.81460308041646,59.35815882567136,82.47912587627265
4,49,67.71594481564492,69.89107362636138,71.08181389151939,76.76024380715059
4,50,69.73051003060984,78.23088962300805,64.06778123188339,75.764583788133
4,51,68.92331184707332,74.47218144672615,59.683560870198875,79.92748760968037
4,52,78.07580512529333,81.90127868168722,65.92224167548686,78.4489604008273
4,53,74.06949243088859,87.89125081984105,69.1691229194342,84.15456923173723
4,54,76.8605141215884,79.5327012477555,62.79425267509566,77.59898384775697
4,55,80.46843304695952,75.96506282316345,70.29811609732833,82.42378535169678
4,56,79.58728331487858,83.85087593691672,62.47331528743977,83.0094610890584
4,57,82.71632004210379,92.95176266087388,86.6338689178914,92.61246846084411
4,58,83.90777245648992,98.95274477852504,70.98996174411803,86.61035375477421
4,59,85.99515564077414,90.45754575174112,62.568265147572674,90.19031218166668
4,60,85.33595886551728,94.11529323284836,75.31811960179529,93.69728724599906
4,61,90.8337470572846,87.6875775666899,81.70097218492657,87.4959681938324
4,62,87.22150358886327,100.51393679930348,68.1469181129147,91.78919660049804
4,63,92.57635365315106,108.69137680203919,88.88617095087395,95.24888180310342
4,64,93.7059997367126,91.89358935521973,82.08329590068276,105.14191757138948
4,65,97.34637115515551,101.88362425908478,83.78184510464624,96.65186168840522
4,66,97.52669029226816,106.12594889436255,90.74111759282677,99.5712946014193
4,67,100.1500566576156,115.6545985851574,95.02353780190185,106.9762503319555
4,68,101.68105892648474,98.91789623678463,87.78066481370712,101.3136585180834
4,69,97.6076546129634,109.02237909107532,85.51510832222522,99.23716003469676
4,70,99.03374473825053,104.58607110600451,99.67342040179075,101.82600576744002
4,71,104.13894334293929,103.89680603267827,81.89431762228031,101.78338377099102
4,72,103.13876108530191,105.02530617163288,93.8623383458652,107.11510255380705
4,73,107.38032578463492,108.18584938506491,92.3573794487647,107.11986603693168
4,74,100.50948817524397,109.33572052526772,95.25876894879217,108.85773938013224
4,75,101.64638171695218,110.09053070675655,87.02060742602787,111.60883778791364
4,76,105.30007370192688,107.82424890168116,82.31160615842849,111.38237451151277
4,77,103.23203244009034,104.46275794545768,96.98775148387898,110.3303728815662
4,78,105.29346133010768,110.91668717975797,109.83530720953591,105.77597504525822
4,79,104.68714612627454,117.00978343333426,94.06300217144657,118.38253484357989
5,0,35.956310406531166,34.28450301921871,27.927347993967555,47.262205717528296
5,1,38.83389437709987,40.344084534895174,36.52931868454837,45.88524204196384
5,2,40.542004501102696,48.656301545862426,43.3148677524876,51.51110439948735
5,3,42.01742642620229,45.7292940431064,30.435611835096243,62.16921213143992
5,4,41.17242710698555,47.48589974623991,29.19211199095117,55.78523819420193
5,5,44.60589768261778,41.6252883266452,46.64628443887545,60.94537605350038
5,6,46.08804329646296,53.84195385519222,37.032735211291794,54.045510615375065
5,7,48.636079168273724,46.11904305462155,45.57173490215118,60.5509627515113
5,8,49.7003478405422,59.83976873983121,49.749494709773145,61.46246279133093
5,9,49.309202752799585,52.12844361360473,51.65551562042723,68.82858064798504
5,10,48.89888663730626,63.209287315660106,42.78852985024059,69.21627418806344
5,11,47.23998838643973,55.63099254089597,41.27061181991463,76.87559624709769
5,12,51.75518447693834,59.68442482550232,35.095105455520034,72.75547199832445
5,13,53.65178137146497,57.84231766226937,48.31251759045812,75.06853875472855
5,14,51.46934168506288,60.63093599168191,58.33964833016193,74.41127564895142
5,15,53.587621689784555,62.885811302147765,54.038153771185854,73.32017202994359
5,16,58.251227900203496,62.713777761980026,37.78320360648003,81.63649114908587
5,17,59.11391943432366,66.28848111551919,45.760804569713756,73.11122302841567
5,18,59.50967001175753,64.71075029789448,35.025101239200154,74.99046310156642
5,19,59.89703818299277,60.862885155058926,52.81185709768935,78.6661550811596
5,20,57.99114372181658,60.212280287497144,52.138565712107905,81.84688327205947
5,21,59.35693607887365,58.7187421397695,48.13201962608533,78.6226630900479
5,22,56.35898838141061,61.88716215645414,57.43168752178057,81.51545611866871
5,23,61.15887920656858,58.289975874205275,54.94312238224278,71.80327410773991
5,24,55.39323114992522,65.60935365804647,45.694131934729704,77.74751289700225
5,25,61.2422822080379,61.54689082576762,52.901102557085444,74.38415301248041
5,26,58.403553150145704,59.917684891442114,56.48870573973426,76.44755867627134
5,27,59.372301297009,68.64038253318496,48.471107805089495,74.45230154958477
5,28,58.182075910457456,68.18383265698237,55.760690613725096,64.14667529937901
5,29,59.9159965794996,63.09093528539424,48.98345218258934,72.25286346696126
5,30,57.031694055419166,67.98079590562756,48.21294141736372,74.79549905318648
5,31,61.015645444004186,57.89613828972669,55.63286570667107,71.56712413518419
5,32,60.304296129584344,57.580585868280586,47.9065891659704,73.80354674232345
5,33,58.84508928949274,65.97365975234405,54.25607611441597,70.37835962467359
5,34,55.474962934367625,64.93946609153623,46.27894269040761,71.70662749032488
5,35,61.36527923505589,56.52957380277973,55.4819354414762,66.26377633216792
5,36,59.1052213983292,59.590738007663646,54.72192119410096,76.90018811228308
5,37,55.913736798821894,66.1349299155479,41.414353392952364,69.66168272676421
5,38,63.01264283248138,68.63680530396782,58.479678268709655,72.05664754822077
5,39,61.29826471032458,70.14786517130815,47.38787242925331,68.0725690967114
5,40,59.337143245397186,62.09358573863025,48.33771874728933,69.555059512106
5,41,58.951426143275555,70.98236359993946,65.5419796578174,71.83025603218884
5,42,61.74969840792944,65.69546750157537,57.129759537831475,73.9541749425389
5,43,63.88492140789144,74.74111194234848,64.36469526411076,73.49218599077973
5,44,63.74720585088102,62.886252156332155,69.25412193934606,70.0384737574007
5,45,64.35730679874275,68.53712542552947,53.652750160707264,72.30905624064047
5,46,68.01777208161268,74.35222024535966,63.41655096583894,66.86060403159067
5,47,69.99218959912656,80.13168696387477,57.50354347827069,66.35625254648868
5,48,68.70791715210193,71.56232222558218,55.247380844583965,74.19588401260958
5,49,69.45744398477578,70.58931635049505,63.67920739554756,73.6094712314245
5,50,68.1293951503331,70.54073212822178,58.06817868610061,77.6140988170243
5,51,73.73241061746006,76.01534309298543,67.90172779909385,68.66402110890881
5,52,74.11264342255399,85.2395892175918,69.3949258890028,75.25263412165623
5,53,77.39084036364375,80.68388386588374,57.02944114920814,78.95442330138877
5,54,77.28562207395753,77.9915843514813,75.78930774749794,76.72356886577948
5,55,76.84804113285935,83.3762853483134,61.807648567486375,85.25833780973213
5,56,84.32966231191597,83.90782058031739,73.24830226192375,86.27223002859567
5,57,83.3598805138738,90.54175714090745,74.79790642577035,85.13518051503677
5,58,83.06419148622732,86.06205033863863,73.74617390352888,82.44961549806999
5,59,88.5027106302969,96.38414858348764,92.31083403363206,86.7799002074358
5,60,85.9170582423448,89.42405653465852,84.03486064477273,88.76305062076791
5,61,87.98321862951678,93.66270646208298,77.12382919693925,99.30987698957412
5,62,88.56895822499202,102.71356187602834,67.40319648888217,96.87027037767815
5,63,90.53962374519824,103.09843020609692,79.1211934082716,97.52690202743902
5,64,93.60281534287779,88.10295739989766,82.93366656074313,98.90810736944692
5,65,93.8169633550681,99.24068865848182,80.03289580984901,108.95105246601223
5,66,96.51052268283118,114.6334716504038,74.93172181861937,93.34825043887868
5,67,98.95925525671194,107.28478762059243,93.00899440892215,98.76515670617343
5,68,102.84061081755587,98.45954504743146,86.20609704675137,101.16462892426851
5,69,101.44586210191133,97.08623928505287,81.64676461447614,109.7584120674342
5,70,101.68815451179894,107.33396928337005,89.38408302986365,109.5805071783677
5,71,104.2713411265466,103.43920027800894,93.44788892146907,105.80483672952427
5,72,104.05905434816665,106.30631356904011,93.41735333746578,99.66077979690864
5,73,100.46704033628384,105.57236867271727,102.45786764165767,105.07363764375363
5,74,102.09598373871067,98.7302619409339,90.89226104157326,105.6061766449233
5,75,103.86178331751138,120.92429599237161,90.53122886977026,112.34380544748673
5,76,103.54370139105163,112.13873176801044,91.18758963668807,114.16109746867455
5,77,108.84187628174622,116.67403159740458,93.688529468509,107.21469364100479
5,78,105.9485813447139,115.31041709272037,95.66980830279165,111.85997693576557
5,79,101.43313299400343,120.75042883520537,100.38397132763022,116.80582445384199
6,0,33.35588525588479,37.90315454263602,28.05525178562014,52.58488779967886
6,1,39.549687703636074,39.66913747318836,39.80701326607227,39.22353576192828
6,2,38.900067297785,47.16342751404335,31.261873404570334,51.81893570432003
6,3,42.95450234882323,43.74247204232281,24.995833218273198,47.013999338610134
6,4,nan,nan,nan,nan
6,5,44.55671037304971,50.0477264530339,38.96098361716683,52.08032950498621
6,6,45.70213748201774,55.54336226424128,50.45922721874503,63.62943925275322
6,7,46.64325141040211,52.3038804702814,39.2815231314138,61.97614559679595
6,8,48.07319862192214,46.715546450080446,54.78330937842149,70.18349953724129
6,9,48.483677038606764,57.59000483682348,45.66841395373876,60.361125511048414
6,10,52.116498441181506,61.94746802056586,38.03277775512918,70.35239752104641
6,11,52.997574554415394,47.42459663215059,39.72622726004368,62.31447663465022
6,12,54.931779170528394,55.130015293617895,55.83506573274913,68.03553688747088
6,13,54.85903576217364,55.91062753179711,62.080500786661986,72.21075790040442
6,14,56.15365564343993,49.613053573086546,47.55732718666428,72.69364657929516
6,15,59.27053743650596,59.59778933059585,45.74304396438078,71.23537246118522
6,16,58.29394652427958,64.24089520020263,46.83713639514605,79.17883222007596
6,17,56.66112827392462,66.28321854747149,48.547598024744445,76.3155878872905
6,18,59.013118590195724,65.76925992972573,49.5595439683075,71.71439240904803
6,19,59.06103762752727,62.947974568206575,58.48515336746596,79.96270281917835
6,20,57.49000942628007,68.67114093358028,50.65698507084328,77.03493437760325
6,21,55.91875777454481,70.30857592479654,47.347120184058355,74.00079540457011
6,22,60.30528233098378,58.803258426924955,50.177930456245754,79.27501946860545
6,23,57.08529656925633,61.54062815970749,54.78189842889948,75.09289340633298
6,24,56.83731448225776,67.81594532299576,55.24662437402788,71.24513421995059
6,25,60.41789670859068,65.85002718622432,53.81999882899843,78.67002388215191
6,26,61.208171299222634,67.57763682834403,45.596746539652365,71.93088264612722
6,27,60.49455356572856,59.96358044894794,44.994939633774536,70.02781110580293
6,28,59.32690251781349,55.758033653852756,44.05480879527048,74.9986382696377
6,29,62.30051463678251,69.25810506095902,49.02705426074855,70.31727298343567
6,30,55.584597261040976,68.977441843158,64.23959450341519,74.37117744663101
6,31,55.06935839977425,51.550307979843836,46.64338126197543,67.38626699098762
6,32,56.73336546420737,65.6503500895283,51.60233728854157,73.40966706153593
6,33,57.57892066977536,67.1986982753833,58.65551518733529,71.57343483546896
6,34,59.78908043293588,64.98470660574048,61.67200998772349,68.99808521803531
6,35,56.75418416670675,69.56274529625287,53.17136978495994,65.32785861678683
6,36,nan,nan,nan,nan
6,37,55.814530229711,63.2074569075719,47.27991391225945,72.87560092634706
6,38,58.116852952869834,65.61711588644492,56.552451006481895,64.90822889292116
6,39,58.98560451897837,63.92986337228474,50.62764688154252,71.27355596166393
6,40,61.208572806152006,67.39833763437063,42.5511828490246,75.09749715915044
6,41,60.358804643489144,66.89794593258664,52.798132074855545,69.35004454316169
6,42,63.542042846408066,66.0156216883241,47.56528182012506,70.62895172870272
6,43,64.33498117533598,62.987532325714014,51.74026460324156,69.64402721916535
6,44,65.24381182221202,57.827416676598084,66.12538204420966,70.04772955326936
6,45,64.63441809835514,69.03989881002418,62.14692596378494,69.94343905333103
6,46,67.3663954441357,70.66127081195373,52.51311076963823,72.74714495919724
6,47,67.19163111989982,71.31223754859244,73.33155735703187,71.38136409679777
6,48,65.31722449816506,77.48371432031799,67.3284445807646,73.37262269402696
6,49,68.4198703485561,72.8552059687969,64.07685668474561,63.34959448641871
6,50,73.6531678940583,76.39313241702743,73.31061910321624,77.07780600946839
6,51,72.32122703013577,79.01257452543601,58.62714278896774,81.15974073935311
6,52,75.63466828643784,82.82454680223685,59.33274901693754,76.19380057166445
6,53,73.70367470395047,87.43232988202257,71.52095308002681,75.7380690384737
6,54,79.90768027997342,89.23074417827634,70.97863392632526,79.7189483103973
6,55,81.63325646261539,89.41932511015558,72.20503847354433,84.52274949579831
6,56,83.00951184610766,89.93367230666757,85.6310699201891,85.79063215789975
6,57,83.81916111483454,86.23399283423674,66.6733869656467,91.61867056472047
6,58,79.60241859243693,91.27692844809866,78.91725811210344,92.66488990921674
6,59,91.22188921999228,87.51452078317622,71.1624775976236,88.8203327495576
6,60,85.82301119234737,89.54543114537039,57.317604611072774,81.24652414379078
6,61,88.81894722083453,93.19598165749511,87.35910191585337,92.45954680113309
6,62,92.74970836601365,108.95384824734533,76.00743431177665,87.63858935184977
6,63,89.62316745650863,102.47923633177011,87.85138823218253,99.46644324180086
6,64,95.48193537871201,99.4760917444149,85.51261724939798,94.43792793774715
6,65,95.34588238592544,96.57302217519297,84.5624346584689,99.59768785581866
6,66,95.40061975167028,103.65858361895314,80.98237398107936,102.70695783582876
6,67,98.70039063363056,110.07030407405146,77.2200625465685,96.55518342918171
6,68,101.42353909838258,93.50171805413503,85.0925325147446,97.93934227409939
6,69,100.52212064822126,107.11468453243029,94.8038541446519,107.67439624438553
6,70,100.10504941618458,105.71970376490187,86.2124471251018,92.25749263575688
6,71,100.0633969526818,116.37671774433241,101.4106268029002,105.77229195235535
6,72,103.60579937848607,115.11482780865886,98.07710305364003,106.74299866291489
6,73,104.79343881533947,95.59698013113535,87.47379506891457,109.75275948881824
6,74,104.09122080521541,112.04907628572542,75.77135878430353,114.06682622608977
6,75,103.51569437947339,116.94120317902367,86.95199145443897,109.82709944570482
6,76,104.11362757855818,111.99869010413205,93.34158943736001,115.05727787167977
6,77,102.56572760528827,104.6632366009294,93.60941360672767,112.65129761920028
6,78,103.65055354678839,111.00860541845991,78.62078474869283,111.73251090660276
6,79,102.43740678668513,111.87377974601496,95.77171555952943,112.58963568265395
7,0,36.065548908169376,35.09332396389135,36.49476620571324,48.10931012365242
7,1,38.76598307201977,43.38154865521547,35.52745820843652,44.87791508166672
7,2,39.05570085062255,42.79851966046293,30.373563412587075,42.96865830450392
7,3,40.95960275967899,38.700588700170826,31.191390642559778,58.1335528796144
7,4,44.02420646389395,41.73074308855386,29.242133358658087,60.947980470431574
7,5,44.364536095232495,49.70018663302458,43.909005847142915,49.340979307262195
7,6,49.99894964314849,54.01510359704231,43.15306070841277,63.69172865722696
7,7,46.80283203877544,49.86104791352688,41.29111495225036,68.03324020738557
7,8,52.83355049371363,50.75198523258443,45.69227289046646,66.76868035389597
7,9,49.58023911752337,59.315327591277274,46.3044389318741,65.59046669236527
7,10,49.78825044978951,57.4729335502005,39.80260844555285,72.94677796112184
7,11,50.3977052691326,54.1205213505387,44.50264309753228,73.67726975158654
7,12,52.26031632060023,57.369215246997705,32.03912067594238,72.67063171607806
7,13,56.563779118433104,69.63287541629731,42.71011731378451,72.48919884129653
7,14,58.248710129826975,62.95053836205661,50.79250572946913,77.70741823615457
7,15,55.89301305760592,52.86814446056904,49.64811451340604,70.0089427532544
7,16,57.5911416248758,65.27637823882743,48.50990750431303,78.91965795896311
7,17,54.840469819028925,69.13384644497106,54.944817336618215,66.30004644252809
7,18,57.576221898516465,57.81854534707514,50.23146809043196,68.06710213701511
7,19,56.4766015915834,59.70002177056453,46.50114821804853,70.33591732768865
7,20,61.32699875665487,65.80254102993726,42.613974208571726,78.538523307439
7,21,59.87126900172615,58.9049769489561,53.79570532292843,81.86740656799415
7,22,59.16287308377712,58.344179578693705,45.79921469856983,75.66573831067745
7,23,56.66896441629661,66.30307209881,62.32901508054806,72.62319258338121
7,24,62.06340317874201,66.9773119480794,51.41830753644676,79.12987903956794
7,25,59.957010338730946,71.77195983382313,64.3874753646723,76.0114465199444
7,26,56.83714866534292,61.23352221877501,58.15322555438299,69.42078305837136
7,27,58.13623595259346,64.94957606476326,48.72193653813563,73.6379069975301
7,28,56.271377088042755,66.20658381709016,53.77339729147173,64.65956742514093
7,29,55.88459825245186,63.98596843174244,64.36251750161225,74.70174038402786
7,30,58.90226655511394,65.36111563713136,60.76570781062913,74.17545523028262
7,31,58.19902907075931,65.09098632771676,54.765700077708544,73.22279834201679
7,32,59.434653589601524,70.09483456304817,50.722853265620685,78.97420244153838
7,33,59.09200941836494,67.2638821449957,56.810893729832195,75.83808057313713
7,34,63.44062318637294,57.59375818838854,57.508602316827854,72.00648661831146
7,35,61.3076559642435,68.04004820809733,49.5373968730004,71.46842617206214
7,36,63.9243947066377,57.62395920524318,53.52645202501554,70.70337874488102
7,37,57.976860243234654,70.48976371396111,54.5390465302363,70.57230566795077
7,38,58.080704485621304,66.73121237335718,46.54603209051486,61.04429889195185
7,39,62.36960349474936,61.66391506009506,57.60254438059914,60.59805746430541
7,40,58.03698940742825,70.86936509771083,59.683586847190114,70.17366497950843
7,41,61.83023084790802,61.932877723052044,60.552518592499354,66.60139490324548
7,42,60.08003619396587,62.22070309807939,49.753468054966824,64.9275899537568
7,43,61.78369683147134,70.88311215432361,48.533181350114646,62.18552400981046
7,44,63.6702445763075,63.202026394362534,47.468339687781544,69.77219684222727
7,45,64.18150720693977,66.33668028444683,53.58837058666133,67.94885789052758
7,46,63.61612744915435,72.46572960113546,61.14077841543978,66.17918644696294
7,47,66.4466121965435,74.34512328877132,66.56705475385955,70.92064735681973
7,48,70.58798760424062,65.98725102900639,58.461143602914454,68.62544197895411
7,49,70.21314952100737,83.36890907675297,67.59235795164119,71.57329302497253
7,50,72.32572652616938,87.49538398423469,55.888812126968936,77.64232066916725
7,51,70.15873633146829,76.78369427566841,67.28106355110842,74.29877472458381
7,52,75.68401163545701,66.18516925858626,74.48909120365819,69.89332664464021
7,53,73.4606465450205,81.52064564613089,71.80906408173652,85.2238286598047
7,54,75.67474369166443,83.27935543208719,73.16163099310054,74.32089118777475
7,55,79.68884889221157,88.09544567050449,57.22016978487204,71.9413243141103
7,56,81.31523776589239,95.20436350884955,74.93358519750123,88.88912672967189
7,57,78.71287509294338,87.98838631604613,78.51610014300313,84.07619689476364
7,58,nan,nan,nan,nan
7,59,87.10967391184329,83.35905174154381,87.398041234894,85.21683078216142
7,60,85.04080572419659,102.65328400537926,85.86320038265241,96.18159829403807
7,61,87.08869241082324,95.36138598338468,80.33164848621338,92.15197462183481
7,62,92.12897934581449,89.9103198709745,72.19819549913004,100.5849553904616
7,63,94.86826989349605,99.21889118745982,90.84918368941469,92.77712454023609
7,64,94.3268575437619,102.0028761101112,83.84631259116507,90.00656556618397
7,65,92.26842795689231,98.83496451317004,91.16959258461688,101.14535259996752
7,66,92.6660158730624,100.83982849492114,73.62883824975162,102.03420841346386
7,67,95.96303075190995,109.01217335162005,89.03582553985547,101.40895402665372
7,68,98.21801676097864,109.86634859777995,95.44097530400745,103.32654177947242
7,69,100.93667135338941,109.47141474369094,88.97887218796913,98.4061632545701
7,70,102.47792410003284,107.9399795490542,84.50076657451802,95.74156485903156
7,71,100.6566040394433,105.66245366794342,97.00669128863143,108.84575594617459
7,72,103.55283225210825,106.44835508405356,99.03278077281664,111.29556861914993
7,73,100.29027902005103,111.28189512459025,98.30192089509895,107.07400282913714
7,74,100.12246963017222,107.35503902574999,92.95844769708158,106.24807084308124
7,75,105.64795266858137,117.74944945172786,94.29641657028274,108.24215368057727
7,76,103.12356754416805,105.31743903430923,97.99097805486345,111.58719944148315
7,77,nan,nan,nan,nan
7,78,108.1053163610888,111.01552837887913,99.0468999107824,112.94471370096294
7,79,103.21832041488409,105.9192836705603,86.12028853327121,116.71984877374786
8,0,38.47463184705661,41.14265571999123,30.841354569809447,44.236835206919906
8,1,39.63010146058409,34.96459103964934,32.53688413410184,46.01950575516174
8,2,35.630009033444004,50.24217618273204,33.34720196092127,51.66274426667435
8,3,39.40426758276796,39.01020287242773,41.87322571674234,49.52555564699432
8,4,45.79597739943344,46.622291235198134,41.960458455578106,61.51011764921429
8,5,45.87188673043398,42.489815950862464,26.612378508104594,56.46853447554572
8,6,48.62961273557887,52.91627522909703,46.741923151285015,57.03457385446515
8,7,46.345071132878054,44.66021967186455,34.472745722105074,62.105856635711675
8,8,47.38026144838406,58.84858671957377,41.77217867285389,66.32639921103394
8,9,46.27836867990184,52.859989499830704,57.16180327888799,66.28976608274222
8,10,50.35756290866853,50.66362017173834,35.572978447016986,67.61145758682694
8,11,50.55881433834844,59.077554099331735,37.225884710823074,65.60440322777494
8,12,56.26410739703968,54.699443524062424,50.32579231786455,77.55791866092056
8,13,54.467868094609,64.85997258562077,50.92706207025704,73.54977600693421
8,14,55.882242210775466,63.571989756083525,51.395565236394255,73.62756223859773
8,15,58.84582125451013,59.32487501175682,46.2011715631084,72.20207511100735
8,16,53.73200702141783,69.38670573100345,44.044410696603435,79.53628698435101
8,17,57.17721473065058,59.13314147027524,47.917013592410015,73.31554534750381
8,18,58.702689798417836,53.127330252833524,61.61086957451751,69.62873936661217
8,19,57.60383700385046,55.28888659805271,48.96467379519252,79.6675129210993
8,20,60.48855346921883,57.72971466734553,38.72862969010781,76.77288532219958
8,21,54.50977772964756,55.53863385425774,36.79849693559478,70.2553763048783
8,22,60.89380007024354,60.874814612472115,54.269266216019126,77.90129308222615
8,23,58.48412818930983,64.65579711162047,53.48418934479311,73.87745051724401
8,24,62.9535832340744,66.24968519781189,48.80172341574262,82.35467503000524
8,25,59.02449513821767,59.14969936913852,47.16736182433683,71.02216154136325
8,26,58.11570224764467,58.629212377146416,51.75304927382049,68.49116106704217
8,27,59.0650955384356,68.97259252219963,65.7036820148455,80.62555828918389
8,28,59.13197839533397,61.67602110604143,52.413003742049554,73.15312257849827
8,29,55.87536184047745,57.53692729733568,51.41770782776373,76.2667114306935
8,30,57.09588958923075,63.359707249770494,57.72359187212668,73.238631313983
8,31,57.2018888379844,62.307858005168164,57.0094857627972,71.9563935182043
8,32,57.77257338152279,67.17366487963743,55.56961627359989,62.48002481630726
8,33,58.13012974373126,67.82572862916355,49.549323139587806,66.77307449217325
8,34,57.59225993508716,63.38009685533767,48.37441083598921,72.78422504534373
8,35,60.203683216766684,57.30024340689243,53.48218952994614,77.58181589405632
8,36,57.91128659795235,58.40785349058652,50.23339874656228,66.33594009457524
8,37,65.13347111959553,63.846926748771104,47.81959951182601,71.38024325633724
8,38,56.66531528952465,62.271456294485944,47.230718874536876,73.15776661890484
8,39,58.43679146445717,64.22798132180722,53.739023273969245,70.9813182470032
8,40,63.4086437716516,63.891506133660315,61.8429892826112,71.09249027882444
8,41,60.91503864136636,63.123569508944755,67.32026024370042,76.02723945270962
8,42,61.545644541738476,61.417346218391984,53.709734053176255,67.22816933821079
8,43,62.90988764564169,61.87078391338394,50.43483968639663,73.2945065510022
8,44,64.55533071980186,64.2292090878385,57.0190709814189,71.3762756725751
8,45,64.04885799396178,77.99437652188138,45.41384901625271,70.8312597327557
8,46,64.61321417978367,73.14808780134447,59.6836818053835,66.8362956357468
8,47,61.6436988640162,66.01602776797385,65.8169531575969,68.1231986834146
8,48,66.56722190014096,81.66621495016422,56.034092000055075,70.89818893818385
8,49,69.38281118689271,77.19330980608268,60.927671944044256,70.55184067766861
8,50,70.91239667524309,72.85199971169632,69.34206739977593,76.14844874583727
8,51,73.53776802840343,88.6402778780153,57.96533442672048,68.35352350719906
8,52,75.25168514276395,76.84356441353536,72.51628741713907,84.52325387840149
8,53,73.72656403721463,76.50928469933476,70.17837182560376,79.8384266267989
8,54,81.46670447464214,85.57253542440849,63.75889895181107,85.4301696310288
8,55,75.08776210382509,93.9340650817711,73.61198677027507,86.07983881977353
8,56,80.05070886737109,92.47776413095673,70.58259346553307,84.11212522190169
8,57,80.84618375168355,95.51201454842193,79.42524174816357,82.40968379145045
8,58,83.05567097590603,87.32999189985607,69.9917098279492,87.28092774340082
8,59,85.12570385032497,86.4833184311404,75.22330227363916,84.1167706342423
8,60,85.87732656783729,102.16104620703601,63.116516519018326,83.52699409730714
8,61,88.86974043450836,93.8540554845692,84.04524687654857,87.67034887620582
8,62,90.6416858255776,103.76708882017792,77.77610503106634,97.07265096324674
8,63,93.5050050535371,95.99258215786556,91.21163720845914,91.31977134461606
8,64,89.15502495729979,100.38461976533111,87.1662901830085,92.19701869657325
8,65,92.86233278421784,100.815360754658,80.78605518216636,100.71440561459896
8,66,94.52955428261266,91.63241375124736,77.13692889319225,99.70839767874698
8,67,98.20543096036089,103.63634069778783,83.26517933730682,103.37156512043846
8,68,99.23387771434079,97.35343840148873,95.60214355901032,100.37336890088739
8,69,97.57446964302558,98.10969304830854,83.81788000614964,102.75637252800476
8,70,100.05686878764867,106.64570184822979,97.47541738824971,98.93349347624698
8,71,101.60696341497741,98.45249617852974,99.17427601848446,101.39931240061281
8,72,99.71251225484627,110.1094063026286,95.54935921979919,111.19045099043397
8,73,102.51849666668042,103.29093149315995,97.26169588120496,108.69881410321311
8,74,98.85767320960943,111.61015248417343,98.09180341679743,102.7270869022363
8,75,103.9806300113651,105.24342421686556,93.57367763314217,110.78591122857087
8,76,103.0371869852561,117.15505569406238,90.19149525495703,108.82622876602903
8,77,103.93950553368458,109.04798037735263,91.8005100040333,105.88756558144247
8,78,102.70476401396016,110.640637742091,89.47432786875723,111.65922748801923
8,79,nan,nan,nan,nan
9,0,35.601486091251516,38.66410009522289,24.432397557126873,51.85318669858467
9,1,37.903199815878224,33.623672480369734,33.226530001525006,49.14477841587797
9,2,38.49264870324299,45.091235667023604,37.79940509941993,54.45743716760508
9,3,41.85882444312591,52.979368427311684,23.837909577332987,50.547023563788386
9,4,39.73594101571172,45.23348521394551,33.84906030911309,62.260190687673145
9,5,44.883326207931354,56.34348586256836,47.45729897663578,56.99020383692445
9,6,46.70802754920621,39.160187163279204,48.76212715859686,63.494146864560236
9,7,49.28698516754997,46.99183513232726,42.3233900281225,61.10254096262294
9,8,45.991094351098816,51.885261836869006,44.38589348000167,69.9088622478354
9,9,49.400136042103334,56.04510490748189,40.37717932270642,67.18784263697621
9,10,52.08056948782414,60.74643955029831,41.93138231119302,64.80935457350577
9,11,53.374050406269646,56.54105518505969,48.73115973085286,67.39189592481564
9,12,52.47361868173286,64.33184917584937,45.56362877450012,69.6311304622312
9,13,54.58884966412138,67.14116195251619,52.89888204735496,69.29077503175868
9,14,52.81688483967604,59.27212490979355,34.50705181033772,68.03193637240891
9,15,53.14446754748758,67.98024429313156,52.88625087936259,76.54486079014366
9,16,56.82120975986181,56.49284905929433,45.95386992406554,78.48020630164865
9,17,59.88873329508664,61.24150175983079,60.91171732718634,72.0618635035316
9,18,59.042466535484884,60.93066457732844,46.05892080524099,67.09137578013863
9,19,57.564990423987524,59.851628671742525,58.817843700979424,78.20589096496273
9,20,58.514576768208585,59.31241525312495,63.410299892930524,75.32159867574087
9,21,60.22382955423365,68.21182951695224,55.97687134443969,67.65433160422496
9,22,62.02287778017177,65.84932089856493,46.3342065519501,78.16009237438071
9,23,59.28566495037667,62.693730147309196,45.77879662214836,74.71126303610917
9,24,60.727021770114305,63.07546153328874,49.1052547528425,71.69932446587997
9,25,59.59278515798631,58.03677662877455,44.65068672478193,67.33610243708547
9,26,59.33989543371144,59.122816168076405,49.72047288887941,83.71144963709531
9,27,57.74192229827982,65.31741481704141,53.83292862299965,64.69634668522627
9,28,56.59887180303891,61.7430238011691,51.682193465572944,81.75031288203758
9,29,59.104880416255185,62.59430661213101,53.73496834409515,70.45420001781288
9,30,56.90230326254341,65.37132334966783,50.415979683442764,73.35199159416794
9,31,59.513639217522446,69.86309663566661,57.475407443667216,69.93041338346038
9,32,58.18374792692994,61.30564523857339,48.880796194638684,70.4377865562436
9,33,58.02683402626196,58.384379581583325,52.8906259555448,72.25407109219151
9,34,58.48123934848632,66.3194163645985,63.46019474392381,71.43501026680609
9,35,61.497183112082574,71.17775569144433,62.93984659730544,73.58286198864286
9,36,58.38446840445943,58.659438340458074,61.148603168280886,68.67088068804243
9,37,58.740977808608,51.718268227288995,56.751543545905754,65.91075701633869
9,38,60.731817533664874,67.88858814277434,34.49370606192427,71.74110410750511
9,39,58.830050156131655,67.47257190955918,55.74591401346814,64.93405325216642
9,40,59.12730927518787,65.72373346736536,51.04217623391536,69.12167973185366
9,41,63.57505065469662,56.8763138550099,50.186821367100194,69.80160392111429
9,42,65.37916157063157,61.367069284537564,47.467311146804605,61.63884242789837
9,43,62.02026494151064,58.03854145522612,52.43074593583507,61.863965147834655
9,44,63.97473329459117,69.87676777074127,51.41197251453199,63.60864682856336
9,45,65.85014290329282,63.92442764989072,49.80138519768041,75.56071319665891
9,46,67.45987798435235,67.93444663499106,56.219558418765,73.77156208292658
9,47,64.38267143199826,77.60566730138707,48.394926023196156,74.14150145952844
9,48,66.94642470364194,71.68574904627731,65.29004012892263,60.82338367090343
9,49,70.69470328146349,77.66858374292951,66.35141812018158,70.78097108275676
9,50,69.99158307006077,86.38256255246979,62.33071608378654,71.75307157035394
9,51,73.08456126486273,68.72395605218023,61.55820841328736,68.75098750114492
9,52,75.5883369001347,83.0662911411226,74.66938614091679,75.76692887538175
9,53,75.10269695695122,83.29765606437694,73.34029732023434,78.97192651214378
9,54,79.57305506950772,81.2621053580318,75.8251579063408,81.21778955434837
9,55,82.51623759598567,77.75381042328462,64.23167269428657,81.55710115890037
9,56,77.11597336938564,85.9278811055847,75.0477034563722,83.33091213974788
9,57,82.34884702813221,87.15135629225611,77.81163234621393,84.30932900500073
9,58,83.9497123569598,95.75842445019644,81.33972003095997,82.22410283166717
9,59,82.39775295154999,92.25632208300166,77.89461845589484,80.71588575963523
9,60,88.3275447984284,92.29101769402995,79.46900199073457,87.43508831466788
9,61,86.66661569349337,103.73997492758942,70.42651356345303,89.33180032459117
9,62,90.88607804265175,97.70976422854773,70.4138508307872,91.58415820973313
9,63,93.46984054742641,101.01701139729114,85.01117287664883,87.40768902017146
9,64,96.87916161262413,105.9897935970329,83.49833822739159,90.45067187034437
9,65,92.87439769862331,96.59115105985114,81.54924663689394,103.15681566411322
9,66,97.94988458869058,104.76802348006866,90.03451438965371,95.82178548300507
9,67,96.2368747086165,106.54699202718173,95.39598581281356,101.47387968569767
9,68,99.17533873662123,110.42567034408988,90.21116304243957,97.24453549918546
9,69,98.8172436768313,106.39569452986585,95.89072130063424,101.75094608331942
9,70,98.70586620343279,105.58786005469884,88.19938773136823,111.34342745308804
9,71,101.74372306574493,108.75570658880636,96.84394451720009,110.59996480225584
9,72,99.73309256658425,114.71423264428066,85.50536386735318,106.9500077588936
9,73,102.5945749710919,116.6122352405684,77.89706193745977,109.51897171725366
9,74,104.45785785986573,112.58222987384401,91.42926731684013,109.44111813961533
9,75,103.20873568732777,108.60967474560128,99.3711561838656,106.20103708317238
9,76,106.1386367226823,105.8054735888253,87.94084849937238,108.55169781213083
9,77,108.19670005788312,111.91954961209206,91.5881296787762,108.56343947361364
9,78,103.16401553416104,111.1389231072457,89.75978165104269,107.97350620286788
9,79,102.78495793805135,104.54741184488037,89.86682886195672,114.7351951808062
10,0,37.80752589231683,35.63914561435512,35.88021635376137,48.94422576281756
10,1,35.65966984692762,39.27348425157311,37.118260222392706,57.28363488585366
10,2,38.30363451951783,37.71492655643654,30.96858203997263,46.28732006735885
10,3,40.77486219343735,43.34104867612609,36.51499015965456,55.039389986586684
10,4,42.78430247470906,41.58552122563117,28.56457632319872,58.349091078929085
10,5,45.867282932899634,44.094615627122465,48.27106835660907,55.78043136719949
10,6,nan,nan,nan,nan
10,7,47.47841041446082,49.23173953694288,37.60425874255415,66.4698947365175
10,8,50.250053221051495,49.79557719614191,32.27450194817802,69.37233419287983
10,9,47.791526615738306,50.556421734340375,34.1449222785881,66.95086628584671
10,10,51.507217162208605,49.874770786716425,53.266442646713784,66.88872520812971
10,11,nan,nan,nan,nan
10,12,52.59786064025306,70.17755528612251,38.36147513645309,66.00909912576464
10,13,54.21560772384621,65.71311154694683,46.6251502455407,74.64926816453045
10,14,55.9209960264815,62.24764110108425,59.846821345282414,71.4621112247867
10,15,56.18278298808576,66.56256692654442,54.69688300446184,70.66625963387554
10,16,51.31555375748797,59.55336718128262,40.40234695569367,80.7423636592181
10,17,55.255067853494744,56.01881968054474,56.22524995845389,82.22249166081922
10,18,58.62643134058557,66.5734740691813,56.23683545926642,68.86840324926929
10,19,58.53550851705694,72.13268449730805,52.022310087369696,75.07561114462086
10,20,55.782935052950435,58.00569588754625,44.12267841180301,70.3449027566425
10,21,59.058724254981826,59.35642377809355,47.3891576815706,75.55841741453078
10,22,54.13782669758771,51.267901940901865,49.96634666103851,77.65989217614472
10,23,57.33199292655066,66.23313391042109,38.759633195811,72.056195891
10,24,59.735177238188214,64.26097486044611,51.32368287823407,77.68058942435793
10,25,58.98749876100923,56.61095223511468,54.22902568684726,79.83554209117037
10,26,56.81242959693606,57.56555902117256,60.85563155596304,71.68494837368989
10,27,58.79636557015006,59.51690853580086,69.06897910697697,73.97698042315822
10,28,57.88372077527127,66.6001048220696,44.086002655135324,74.9565855815973
10,29,59.70519134710352,64.08769474784143,56.783677726697675,76.68441800156194
10,30,57.23628055302269,66.83544913911291,49.4579020771308,70.46443029266891
10,31,57.56227487540981,68.49900524047169,61.83862146320206,69.65402882524545
10,32,55.5729499381093,56.00629391634767,47.6456292784879,69.24392789514694
10,33,57.27160959572526,66.38193286658606,43.77024293691441,65.43880066892875
10,34,60.69817105788149,61.01823590016558,64.08783992627714,62.074664115881944
10,35,57.58222732774852,62.84068310657003,43.02765515069134,72.93872592818128
10,36,61.7668920074024,61.423149406660094,51.17889767029291,71.28937405663784
10,37,64.7533041013121,57.69495065481464,51.90002001336973,67.73445012635331
10,38,60.360993893566345,58.44581058017056,49.498452541740775,65.89381978404127
10,39,61.10903058551564,69.44113724171643,53.163444609520575,71.52857223568535
10,40,53.40983228600693,65.62946743424064,50.742583345246324,62.31884715795613
10,41,58.682433839267,68.49222508486474,36.28555242265122,69.90799821964694
10,42,59.460324277750274,70.0031775069308,56.13428935710482,73.47255288015721
10,43,64.2909504948084,58.597467947155316,50.92198511853961,63.94421555784418
10,44,63.35166980635427,72.40979492414975,57.21771023578836,70.65010854423738
10,45,64.73016250410635,63.63955897151141,67.20350702809792,61.034347057576994
10,46,nan,nan,nan,nan
10,47,64.6202526881552,68.02807201218256,55.74679731347567,67.65207951156744
10,48,69.58171729168585,75.03460942387835,45.04574509984578,66.05894723226595
10,49,68.20048025436664,83.74326867769139,62.1645607078205,73.39034407766273
10,50,72.60272229313583,73.58696074372156,64.9723819797081,69.84937542860892
10,51,75.16416811968973,75.35931884543855,66.07274622713945,77.29064797040112
10,52,74.49102894234528,88.72506767809583,76.40729729150291,75.56277067923693
10,53,73.24560386731771,74.31218896227472,78.8199990050052,79.25510892757673
10,54,76.17785828399502,81.87198123039389,64.08310118935378,74.31482648713387
10,55,77.22133320721156,91.30997820985644,71.7831802596728,77.5386804007073
10,56,80.79014626889177,87.73166710507493,68.82998852103796,80.42197432446083
10,57,84.55860650039659,84.04929179828618,67.82584752237149,81.37092773417906
10,58,82.18552869269963,91.16535282698142,72.00907522212249,93.934405946711
10,59,85.9775633337709,94.26304891469067,79.33145972585761,80.03603154476392
10,60,87.20096629601444,89.35790851907718,54.9324465862303,94.15043744238122
10,61,90.76283418725453,100.09454741587922,68.42186129637463,82.83928060506311
10,62,86.88570304159049,94.16298387844222,95.96860237496901,92.86365628567772
10,63,95.14643249942688,92.91950649122714,76.23076958102698,86.65899035467896
10,64,94.71795562208908,94.47851780524233,79.07076527267844,102.14834342944707
10,65,94.52429203176477,99.39399969056441,85.58029210577035,99.49960255544673
10,66,95.25518576490471,102.79969894853869,92.40215509564352,103.2821969536849
10,67,99.23767103605908,106.30345611208196,81.19529580225748,100.67110185064972
10,68,97.62068341614352,115.05123805876893,75.27817112631436,100.39682217099859
10,69,102.28715065827305,105.93278916565988,90.3004622322155,100.90913552746997
10,70,102.18339492359921,98.66786117645519,88.40639282815866,105.49687546392931
10,71,99.3684070808398,106.75004883673728,85.6900035864041,109.4266917169774
10,72,104.10112501110129,116.63749408816246,86.22423732474087,113.9542963338652
10,73,101.01476705060372,103.40215217076704,89.4483146411199,110.16908224460275
10,74,106.57422479142686,112.13742432476654,75.22916425675292,105.88736613988524
10,75,102.8731574720263,110.23785792409541,83.09426512957563,112.53321976508748
10,76,101.88733818827146,123.00742390135106,94.86226399895865,112.51565789909868
10,77,102.57304752508232,103.69647316005741,90.63202453878795,120.44022618774534
10,78,104.98822033872317,114.69237299888304,101.68001980273209,119.56976151808692
10,79,105.56546862866747,109.50369494314833,99.20736944233091,107.67516912205623
11,0,34.39087956790704,48.75142235945916,34.09699783626521,48.5801220973853
11,1,34.81281742130653,38.35852883656017,38.573960126523026,41.91091546086464
11,2,39.88031549351639,39.77545921518562,23.372111148884386,50.021514811815344
11,3,42.832297752413986,39.51707749329357,39.134282670871784,50.125742195760616
11,4,37.52956933057579,41.957565831583565,31.88601210889238,52.84384489720545
11,5,42.646142308671976,51.414890186171405,30.976579743891495,55.57125675685087
11,6,44.95006051733583,46.81266148185664,39.98591890796729,59.17492461245667
11,7,47.79385267246465,56.55416639234925,44.161526940432786,64.39602106342481
11,8,47.81620745199516,48.84197384912615,38.833768777232684,63.0010165845614
11,9,46.56901428244386,53.09277578009979,58.285111124445535,68.58273576289565
11,10,47.613646581194075,52.99675983266637,51.9373002509949,67.46726669863304
11,11,49.21287796536953,60.454443165351066,40.80863919164391,70.17619663612048
11,12,49.32473682149834,48.637041803853734,45.86758399403481,69.46970609832613
11,13,57.705337104137584,45.29188372778782,40.96276462608901,76.65888579698428
11,14,56.434686938882884,72.2376241973252,47.13636866674811,73.37477011702701
11,15,52.624970968229846,55.924154836640696,40.70826461926987,73.70248321998312
11,16,55.24599581855831,65.38290927931043,53.271734332734304,76.75872489028502
11,17,56.09176645839662,66.91963970447992,51.05066130032234,69.30199122252122
11,18,60.7676562279219,62.20645773201241,53.132363385766055,71.36806653308675
11,19,52.088825721558116,57.03725205757485,35.86099752646369,79.24584549303387
11,20,55.78517837534487,58.65605358562266,49.49313388918782,82.2013649732926
11,21,57.56666852429398,64.84038151613856,55.87826478721385,84.06492963397099
11,22,57.25451783272886,55.76423886435781,51.82311760345093,69.02080478290002
11,23,58.620206957351314,62.187370268756105,49.818672917592224,82.90905073460722
11,24,59.19298037862469,64.17375610453229,46.620484442285594,70.14501543609643
11,25,59.368107966953374,62.84927661685369,40.17911154857033,72.7031236767969
11,26,59.6510867875245,60.23687223018159,46.670436723693676,71.635767025312
11,27,62.0865229806628,65.12003649309389,58.09570371936376,72.48454862792428
11,28,54.96360749727589,69.69392563725931,52.501393769834145,70.0335138139202
11,29,57.22474607081951,71.87940880637267,38.24838744482308,71.71287437558401
11,30,55.98525183221059,65.08532926045037,52.67736860119899,64.68838885658282
11,31,56.821937916034294,61.449585195562165,52.49577954783593,64.07007994430089
11,32,62.36373011070354,58.575752187890465,47.073425105286724,69.38823201148607
11,33,62.60481305481022,68.45260040208592,50.4045263737441,70.88354518039345
11,34,58.85682001394724,66.55343862231601,64.909375782176,70.21770655785383
11,35,60.318903678466015,59.83538186797783,44.67398299183114,67.65758020424141
11,36,59.685423337179195,72.63672528505711,55.17066167967161,64.86804034638625
11,37,60.35984813294515,61.6614555488463,41.62530403927309,58.89920452515828
11,38,60.67252487314756,67.05012353855668,54.09939228778036,67.28237887834779
11,39,57.199519417040634,67.17121774806692,55.75796776119813,61.48706133227888
11,40,59.23098201063571,65.01593506658529,55.42164795217643,65.8399017374369
11,41,60.16709201201228,73.34038760607415,67.29105049430942,60.76908924641491
11,42,60.61675576178372,61.31809239216019,44.513010811977765,64.744921427347
11,43,59.26286650727953,72.6521451347274,68.85099763172701,62.911887293879204
11,44,63.528486772510405,75.21937155780097,64.51460981102437,67.90340109962067
11,45,62.296801549021694,68.35346579611097,47.40837940197271,67.32884820423969
11,46,67.9253934355558,60.46885967664317,65.82589615076554,60.94805933459044
11,47,66.31140451133767,75.13076123676865,49.44212912322784,75.44411195884125
11,48,70.13672756006267,71.74231495888642,58.80026506604797,70.33488587433571
11,49,68.14456554509893,71.53201802850177,64.29574423190734,73.13449216469309
11,50,73.08310065657317,83.09135507947909,73.25926857147654,72.14368406807998
11,51,72.8481150203136,81.93318713477244,74.73580863180793,81.01116422426948
11,52,75.83667877754552,87.82267707952914,81.03589507818188,77.92535370466085
11,53,78.09080868682612,86.96348958934027,89.52069586049501,75.27937281969419
11,54,78.50670711891726,78.63854991726477,73.2821121648114,73.66478108957463
11,55,79.53848821723648,81.15738642987162,71.48984945404233,78.33923775925665
11,56,81.82948437841439,76.95268223411047,78.14260000007428,76.72271196071301
11,57,85.04248884149439,82.57698604842646,63.77615000691421,82.72291115981274
11,58,90.64112326414653,84.95538447840079,83.28519510541379,82.69508038784028
11,59,83.37438455988614,96.52756004996941,72.31390901070766,84.94150381817131
11,60,87.64672908970641,97.17496539670313,84.56760318481896,78.14462215764426
11,61,90.32946338050144,92.30771907491066,76.31020629895326,87.04674964545144
11,62,89.1652881100986,100.69409509628683,81.97793136257096,94.10472124475716
11,63,90.99021813917845,95.26243603497133,82.49243630921443,91.11059590474792
11,64,90.059476996183,101.19645851637279,80.67544994665057,90.59419642264558
11,65,97.01545428651983,101.51724242315231,88.2897417219633,99.74785788621148
11,66,100.27394906761161,112.80235423040777,84.98877493706487,92.03801292468248
11,67,99.08130151337548,100.56493106312155,86.06109367950356,97.88552762535149
11,68,99.1734474522512,107.71147174258311,89.98268919626493,96.18818551754823
11,69,98.95564685128296,104.43057645614026,87.06210696467694,97.94204865882202
11,70,98.28099708739622,108.84220664014471,89.99559405493156,100.57677565309965
11,71,101.5715614200691,109.34840399362662,88.26051283876576,104.95016458290797
11,72,105.22548643255053,112.96523874148092,89.05109059830687,105.75270953649112
11,73,102.9802077405991,114.59009226361263,89.97984388550209,107.87646394825614
11,74,102.60642959533773,113.03261365785875,95.12224201016726,113.69074173858769
11,75,103.05341021138275,117.19106232921636,89.87860403786962,108.31874457798601
11,76,106.97637223159838,103.76491187817196,81.28214656966355,115.28140034981071
11,77,100.49155084191587,109.78403046208486,84.95432424469242,115.49825117977072
11,78,107.19405715786546,117.32301168333154,92.82654622530535,119.75544666251552
11,79,103.23908939613302,106.44461988950306,98.64022671418964,114.26752231025704
12,0,31.52422597602486,37.00351197372775,29.03885955751466,46.9868367290579
12,1,40.73658274603498,41.33476712600242,33.95549884519876,49.23620441134632
12,2,38.114222247477656,48.006632644829565,33.8659816163274,50.57339927827135
12,3,42.695452381597086,38.702927060579384,25.054729935832963,48.904320105084345
12,4,42.035844133312274,49.11576172008464,37.962074767497796,56.905023000449496
12,5,45.70322463715045,57.67484547434579,45.99324652305189,58.33782857144093
12,6,42.401701482608445,48.33866778523109,44.825791753479955,66.57958679209875
12,7,45.771014140106274,49.78358786941,34.19834251508992,66.21797520804225
12,8,47.21869428294079,54.60157204903715,38.11929975333773,56.653991307948445
12,9,50.60329209910332,55.78606480867118,44.320421002279176,63.509338083104886
12,10,52.08439634221769,63.407388775964286,54.209316127004456,71.10486389229534
12,11,52.2507842353326,57.97533631821263,37.98994996222806,66.94853746198093
12,12,nan,nan,nan,nan
12,13,52.11787345652354,59.72541497521457,48.38843761261477,73.8307336254432
12,14,52.24910744132486,67.5113810052168,44.4203719874218,75.57800331228363
12,15,50.67218313598143,63.69326692313893,51.23427691137079,81.31256948117229
12,16,56.48127820504423,67.5824430477279,56.53702472368064,70.1665218503075
12,17,62.5149619931012,67.13054385535531,53.4164373167003,76.35794411617793
12,18,54.587937023049484,60.36250583365758,52.2936636893198,77.73118978236411
12,19,59.447098178287305,63.39020602843499,48.31674326045159,78.62657749223135
12,20,60.77041440927205,67.07938943602088,59.45808566969832,76.10089428712153
12,21,58.42355157342524,69.42677289268003,47.3033778913696,76.88597845555799
12,22,61.70800525056664,54.51353271931944,56.3632853558194,78.01758332330927
12,23,59.24816416227236,62.85876520709673,57.65377341868923,74.01620267137639
12,24,54.871518164319816,65.67849956605701,53.464178255185814,70.65906348710236
12,25,59.18200661202633,64.71754518909943,49.653359628740255,64.11264908418985
12,26,57.25075531733434,76.61991664309383,46.57193678853464,73.86639751909277
12,27,59.08613176532424,63.75200597425882,46.2035043257851,71.20706219717917
12,28,59.403846457771735,67.406012569722,49.37816156956615,81.1870421516766
12,29,60.280256271581436,64.79091109422092,42.462147296289984,77.25429251673386
12,30,59.02833393471664,59.706203175481384,54.3215020413535,67.98553623155831
12,31,55.13653150492113,61.2816507891337,50.372489902374554,75.37245763063092
12,32,60.451736049160274,64.87736389975856,37.536401591525774,72.99927627459847
12,33,56.11475520767138,60.946925073907366,41.251946541937656,73.70438291045264
12,34,60.94006708426304,58.871247263314956,49.91221957654778,61.96395409227586
12,35,56.45894862491885,60.633756112667356,40.4023169327397,63.092287482589384
12,36,59.18585331034343,57.3854511493779,53.71950582707546,68.0547409041662
12,37,59.58368948480143,66.43286286513822,42.529819939771166,65.8549609342676
12,38,60.72068103259663,58.98855152898413,57.39468740938069,68.63356709692455
12,39,55.6337605157681,60.19781116768211,66.89621313854724,64.04797698420174
12,40,56.96982432297813,63.85147759579959,55.928381845468245,67.5708920755143
12,41,59.270056089263655,64.44529425177127,44.27891603799185,66.26427825108897
12,42,62.47456552022803,66.53949473982573,47.642684565539454,66.43287412649484
12,43,63.36408103651596,68.34038757749731,48.88064836145267,66.79157183505522
12,44,65.08292257504426,62.34429527296006,58.9790150913886,60.90717395391237
12,45,64.19526172321984,67.26390857145651,51.56941190552736,66.50119682845362
12,46,66.11791491632236,72.64205743175822,56.81386131225161,70.21417264412992
12,47,68.72180998929949,64.47632454769077,61.29283505836618,64.43614604594971
12,48,67.55126926227318,73.69219290933525,69.46174455661372,68.26023492290223
12,49,68.67665503545888,68.58496126619976,63.71878059371268,72.70123120078432
12,50,66.0814744453454,83.77930375813024,55.48736101614498,68.566408718764
12,51,71.28337389212572,80.60595614075953,56.59446858662245,75.56454075245624
12,52,73.13987534499388,79.53380094545605,57.8148394852461,71.86353566921478
12,53,74.51528366804449,86.4124652307268,78.57038770958391,78.28565660316306
12,54,74.18607670796071,84.50209648188596,79.504895181936,69.52186699857238
12,55,75.97114935672525,74.51152529815374,65.7750805334612,74.85490673595932
12,56,81.22200964954658,80.10648781450519,60.850270884995126,82.54165638431415
12,57,77.31733867457206,93.81714210245732,78.89799843738811,81.17034048518822
12,58,83.67992448556089,83.8132278865015,79.560463164433,86.40753364225671
12,59,84.90055566817273,91.33768035256053,81.2815465161727,92.282739276349
12,60,86.73665906420159,95.33590552653935,75.00710676157453,84.56841739037175
12,61,85.03233880643,95.1870959395308,78.03791411715052,89.29568946724385
12,62,89.0112610753074,104.61047587989376,74.01095717961165,84.16738853474274
12,63,89.10953325990363,99.84347486898464,75.48447288210585,91.05979366032176
12,64,91.67887953509357,100.39547587353317,88.13082479000279,92.82158699982561
12,65,93.17826319740026,98.43354905756723,67.42631829506296,96.51354168129528
12,66,94.24812821769373,97.17068962224428,92.80894225079757,88.01794987506806
12,67,98.99299681649912,110.15209296222234,83.87044550209392,100.38562135133496
12,68,98.0271727418888,101.1204736189257,89.84395168648689,101.50704754939707
12,69,94.88627096862041,102.92212633097193,78.62059671193211,101.40224615118619
12,70,99.08005043575344,108.31480554511649,97.90651207768384,105.1488478169663
12,71,101.01145001557273,100.16805702042211,92.03489701890372,107.87802476903462
12,72,103.4303316735201,106.68174034570492,93.8622615501317,109.28329282888392
12,73,103.82233367882006,116.18033976346749,95.30784112055332,110.95212279022802
12,74,104.00707099171481,110.20415555192281,92.02517321467612,105.32240409218673
12,75,104.8178553295187,108.59390362175397,94.38202896823009,110.62446302509385
12,76,106.08432282868405,109.73186117773062,95.41984415000182,107.84964996111857
12,77,100.75778232693627,110.6585199974323,87.62126045715108,112.21630641979282
12,78,99.41906918854909,105.01133319938737,102.36671700654267,114.25992777694208
12,79,103.38477454415812,108.80625663019615,86.26310763359912,111.65707211929012
13,0,33.83180323978947,37.50660923564089,33.31898181449397,38.77864535713792
13,1,39.684374945735485,38.417786528003006,47.093877886225066,50.2691803586924
13,2,40.258129323297155,46.60896530879792,38.13484973883351,56.106674201465495
13,3,45.29069159495026,39.739549242165225,31.27747408187951,53.75604332166253
13,4,43.06174102491809,52.69221466489879,22.285212609705866,60.83268492299836
13,5,42.812132937349276,49.661590174622376,28.05340007531326,59.28761014546252
13,6,48.312031360885115,57.31019728385412,42.70404574340913,62.01648666776916
13,7,48.49442160586192,48.58557905665283,44.54057121710697,57.55059477019236
13,8,46.90417735203427,58.45687980866839,47.72513035822267,72.82881716106034
13,9,49.952223861210825,43.562218104821305,38.82080415918185,72.86388561940642
13,10,50.41415861616548,57.47572851080135,43.45383591914971,66.0768172156271
13,11,51.859642168387715,51.63278621129756,51.85879949155084,72.41748446598776
13,12,52.66014661068911,61.65316034074334,37.00750155763027,73.81426808880448
13,13,49.18517825124081,60.99570804861712,37.38990888626798,74.82140624944388
13,14,49.50514224837591,56.68658211488433,40.45569326227164,75.8325655934214
13,15,55.74049973024193,67.0566255878833,52.83868190607763,68.9276431122994
13,16,54.463874581424804,62.648948851356415,39.718740952818656,68.41753720015592
13,17,58.50708881698629,69.90124838343847,39.00796101125193,75.07065053292345
13,18,54.44898355155549,63.74261078686519,46.28846758714155,75.92073655399207
13,19,59.65470714857366,61.90710624441035,42.8202763498358,74.91431059501015
13,20,59.67709884955111,57.7549696978035,48.821950100507856,65.90446609508083
13,21,60.20676978579025,67.18469058821486,44.93995238530045,73.24638486796833
13,22,56.6727610905823,64.17602312478301,48.85323520863235,73.4725454842054
13,23,57.88999352081087,65.70796539386423,58.52013759029706,69.81747615357268
13,24,61.005236798293325,63.59547460425769,44.227515629562966,61.93614902894468
13,25,59.88322183652908,65.71758645875455,46.09895149035859,72.60907689022953
13,26,60.20252718677592,60.40297434203819,48.96323051127433,73.90248883943536
13,27,58.19585343215862,66.54172091073744,56.83181000121682,71.24699504050335
13,28,56.3482016170698,58.40271407192375,51.9952951610425,73.62547125290668
13,29,57.82418676861637,64.30014723650748,56.80539042939459,70.44575051819766
13,30,57.854611157718516,68.03745516173058,56.985385032649155,66.92711518090273
13,31,59.54204970899034,66.56219545263082,41.999986950608545,69.00925031665206
13,32,60.25621966939389,67.91434099965214,58.71033680322057,68.79227300545581
13,33,57.62915348292287,53.627430060316016,43.470540440385875,68.37598675939712
13,34,60.58664610398921,69.24224634008421,61.29699284009476,67.82512124211762
13,35,60.91463869382274,58.43690084729584,48.552014654305445,60.35013831328152
13,36,57.80443479530909,67.89547082747983,55.19773430654375,62.40103411146288
13,37,59.64998983263571,59.50375425893158,52.44651980381481,58.17326717288083
13,38,60.49646419779941,72.80021429890598,48.55153526589519,68.53057361652915
13,39,60.07876419866024,62.14286313647747,54.878733250994735,64.19228040907406
13,40,58.48473075603192,64.13988001810138,60.857452568374825,66.73861908097902
13,41,61.85087941589302,77.55200609110207,61.20420044814712,66.16507213066564
13,42,61.00809450658548,74.71698248965964,41.22428663446577,62.00126907244997
13,43,60.75324005819417,64.5483080359752,52.245690844698544,69.92198284016361
13,44,nan,nan,nan,nan
13,45,63.370493951391126,59.52590356831894,57.61476037936573,67.37798596232277
13,46,65.25494892026212,67.4722897353065,48.121026660963516,61.959744479054606
13,47,63.43201209097862,71.41870602906607,63.57915736484194,65.54758971419871
13,48,69.02917557206094,74.95021369148347,72.53120066079914,60.41782085883927
13,49,70.95469366802394,66.3895268324066,68.54591001975979,68.38917308934336
13,50,72.29230752205115,87.5526251123711,60.25333281339298,67.13142775300992
13,51,71.91567170277538,70.50561074318934,72.86253571656349,66.56754210669476
13,52,73.04152964402415,82.37940309510309,47.56909001435485,68.36753138715765
13,53,77.62860311658687,72.59964582655887,66.25780748264995,73.7424757704944
13,54,75.08339130356944,72.66237035718163,73.15078965446457,76.3484971546786
13,55,84.05400517554611,90.27005713590756,70.24737839295693,80.52752444244473
13,56,82.263143604187,84.89694042535976,83.84451878620808,76.88704325279446
13,57,81.60837278717146,83.25084200114755,72.46157231342183,76.93105690604246
13,58,85.65569597496062,94.87862500679121,66.28344883798192,83.08282642137637
13,59,82.2675129377022,83.26818333533258,72.75630355051666,85.21060436118455
13,60,85.36732711489016,97.4141320533774,77.50996430834427,92.17231960659407
13,61,91.00213662843522,96.15331590554332,73.11658003765885,90.11343525892254
13,62,89.01424710647255,104.96741901677203,88.7836422490687,97.71830060426882
13,63,90.40729077014666,93.44133331159556,76.74436320664222,96.35720120342552
13,64,93.1754203327425,105.52966765720231,84.07841546991281,99.8765985732857
13,65,93.11064909870805,103.4476805746733,86.84597040311465,90.89912249258393
13,66,96.76940612691205,103.64116207296742,81.77338648613423,98.66977706634057
13,67,93.9352197806446,98.09689148871084,96.19939390568554,99.53781851971549
13,68,99.65141528663561,100.84836134459333,73.2147583035482,102.94947682122617
13,69,95.93970948715804,109.98748926343414,80.48317911136702,99.70677644405815
13,70,100.92364359637487,109.66134803551412,101.25242182350564,106.97874505446109
13,71,100.53846698293509,103.48036061355464,98.83024740666862,112.23943173225503
13,72,100.53300313621486,118.54140405363844,87.78033830952155,113.59757587468653
13,73,103.22356097452385,103.84532535535712,91.19415345841949,108.11609400275383
13,74,103.87335187990443,110.47747640243358,94.44037757196841,106.9708586932556
13,75,100.73819349923527,115.82163930948384,91.236782002138,112.99959390461916
13,76,102.83369380424296,108.489102588721,85.52666757433087,118.55209025910489
13,77,102.20380306472035,107.68790336737757,86.27656314104306,118.33385785466047
13,78,101.417036979635,110.48356347310396,93.84724205996523,117.03656668572494
13,79,101.4907398278188,116.5556305660321,101.45242658040333,111.98030965739515
14,0,36.87819440217367,44.63852364735011,24.813110000877067,46.755374848859915
14,1,36.168919036752825,40.96581050774681,49.561996750539244,51.39698023253756
14,2,37.0807763583008,34.59285969030772,30.43333853762299,56.85267859746285
14,3,38.72700375258053,38.09905587642137,25.89774158184906,61.62597273387549
14,4,41.751532699360546,42.57093171545571,46.19639822607147,60.745901453708434
14,5,46.93572070146878,54.0302903048312,38.571832616029006,57.390991986561986
14,6,48.36391682332615,52.88377219899307,45.00575962079533,62.695832556889876
14,7,46.801284201584004,57.65353987872084,31.483809680416776,62.77136571598552
14,8,45.40690640904473,55.13467370155459,32.03267449690097,64.94691553440455
14,9,48.189032334138304,53.27208003548156,35.0588330615634,62.539024387116896
14,10,49.90135814153718,58.6559202049284,44.18394828073604,69.23405715729842
14,11,51.411080544756224,63.59703641304822,37.79915900796685,60.916201883572185
14,12,54.993967653014245,47.942815672532404,43.808156735315364,70.3110031732736
14,13,57.91512418743248,56.497231956740954,40.435522439858886,72.2946660473474
14,14,56.78144972446233,62.90564398307883,40.51740238534862,74.64229983849924
14,15,54.32114579781309,62.340407629395024,38.63661202875421,69.25262050394689
14,16,59.03323783099222,64.13467460494294,58.030101205451544,71.84619125750152
14,17,53.96387855214734,52.32056730893085,38.96819482395131,68.39434134877733
14,18,56.25123147630201,54.49340369538068,46.96177134189812,79.80265962939747
14,19,58.033211627416996,63.26756788483847,45.73877639216083,72.35046615758398
14,20,nan,nan,nan,nan
14,21,55.6729675848476,74.65602334618248,54.32970571559027,65.58272140458608
14,22,61.86327450553195,65.88236015267664,46.11408627192408,75.48954625147005
14,23,60.373575037018085,72.42498482545363,51.47947298316043,75.6321968503463
14,24,57.60497866724238,68.23911940364727,45.6887246942683,69.92364389700988
14,25,55.43575757075207,70.39349198111343,67.88675799418101,74.69325535865326
14,26,56.771886314618285,71.45755308932027,60.44127002679805,69.71386667076773
14,27,57.973923661011085,63.634986949040126,56.79443800760367,64.27630359342177
14,28,59.630588505621915,64.28652315479451,41.48899031822759,66.57043270292831
14,29,55.87685536671854,57.14650735960769,50.89134476773384,70.3715852801155
14,30,56.58539729416667,55.21808567913798,50.961613767090924,70.46776962559787
14,31,58.214120793386016,71.69636014898026,56.58784598690235,63.160076605205674
14,32,55.867661062075044,59.685156243311596,49.82822270909271,68.59850211845742
14,33,60.31752330444637,56.090730938052516,51.01814043666535,65.79270644299147
14,34,59.06362674796242,55.36945656252721,47.269365519944806,66.60979652412844
14,35,nan,nan,nan,nan
14,36,57.40489577316108,65.18305014313577,43.414469310214734,62.159742491411485
14,37,55.7403671545005,65.40710833026927,54.361608385741675,64.32757247077923
14,38,60.28894329903066,64.79787746925481,49.541344794783434,68.12368878958641
14,39,58.218264250641234,61.23988509308549,54.34558698527729,66.52782884702911
14,40,58.96194806228281,72.36395989779831,53.11558575255582,59.20991836573317
14,41,60.24725587038093,64.51249405379455,54.618668744989456,63.831164439233156
14,42,60.76205712990468,54.10439715898555,56.598356092777,65.75026652085246
14,43,60.79649490666074,66.97197588509461,58.45615684218427,57.549150690697715
14,44,62.25714719032812,69.89449427967045,59.61121885676773,58.73117138548431
14,45,64.41041609066873,70.60817400319924,53.507834045493176,63.697344092590235
14,46,62.60022375731103,74.92293747647749,65.09412764335408,71.07280412664517
14,47,67.39933418263641,81.82280018185725,52.234621989700635,72.48724676096762
14,48,65.65993053959541,77.04782415187401,67.87875349413716,71.21533595229432
14,49,70.02006036711416,69.4180589452231,59.78465278124324,76.63026321950298
14,50,68.35870912680583,80.82722861738887,68.51676535039886,69.74212305310219
14,51,67.52831096027694,81.93242509538771,65.55544800203033,75.30741122427786
14,52,71.77324298571794,83.42477549318161,63.60586719822439,77.50359007209254
14,53,73.91170560058974,80.38743085482584,55.1289964666506,77.22521857022053
14,54,75.66180718050099,79.31574387081886,61.098212320752424,73.09980981762422
14,55,77.81030716342302,92.80003799203095,73.48948008303273,76.9180529531837
14,56,81.13667099207079,90.5185931701109,67.64572541380046,80.78286093620625
14,57,81.78585933777795,80.66828898104893,69.31435518373769,82.87164310182087
14,58,81.55538895247398,86.776704187885,83.0549650041189,81.88514226148365
14,59,82.65020161050403,92.91979322480248,81.95827104954299,94.52352172985375
14,60,86.06718605937336,93.90661740850744,79.02507237676136,83.1230312962659
14,61,90.02200834390437,96.43782005330871,79.68655750387089,93.2988777996678
14,62,92.86991170787417,95.08694565611415,82.31206285451437,84.90287220978149
14,63,91.41010220529408,89.73899895676888,81.5388906024691,94.53433860775651
14,64,95.36002056070022,100.94845704060324,86.55462496447436,92.55767021074318
14,65,93.08993752677422,95.21575355426455,86.0000907633816,99.18896367493443
14,66,96.43007403338238,103.02130596583206,94.66288586178392,100.10162833984275
14,67,97.57958801432467,109.86884726136829,89.50588789737917,94.5582596140195
14,68,96.71425733318182,98.01879322627126,93.11041051095154,100.51676128124653
14,69,100.052811829621,113.25323840290078,77.27398288604824,102.81548563512621
14,70,101.65424505370473,119.45377306846073,91.38460450195055,103.688155220916
14,71,101.28384822292716,109.55768937733714,91.95961514595493,107.62752998428923
14,72,101.17441974187045,111.0203434960211,73.69767934259232,105.32614124071478
14,73,100.4268940626393,109.57752426547479,101.76913665497575,112.85064231803767
14,74,98.42079329187459,99.08298975485224,88.93891225208178,108.19806781163034
14,75,96.83144359129228,111.99695986801824,93.18889629396115,110.80310512941614
14,76,107.23842065926831,104.42780969868808,90.55475551756685,104.99359387528857
14,77,99.00948487507378,110.0034308865446,90.00402658593222,112.58899654266526
14,78,103.1786376610365,106.40169108461922,93.94518189493841,119.1585368391729
14,79,101.94575094444289,111.72162945562592,86.64637030573223,111.406942179668
15,0,35.660444062818165,40.691286634921795,26.24382784154833,47.900965525741576
15,1,41.955351902380144,47.46463802399654,32.29645942910248,47.21362037041887
15,2,38.040902103469925,42.05801212948194,32.27540637530824,56.08512883392641
15,3,38.60006993883553,41.08167182005054,38.81521642581191,56.33988618294782
15,4,43.09804907394257,48.57814558127163,36.808501405182135,52.985572931074486
15,5,41.42181009034787,49.862270237740184,36.505579884867565,60.14451070781671
15,6,47.259536365277086,46.48095634819002,31.24525607155966,59.87012062895612
15,7,45.96983995018517,41.9033608482238,36.34073768854219,60.90740239957596
15,8,52.52763237168667,46.10201275520685,44.963509830107924,70.22505760685043
15,9,48.57124964094699,68.81843218696739,39.252516076905664,72.47259239089705
15,10,51.33453208547139,59.84164229106335,43.7407246562296,64.60840527121688
15,11,55.17947978535331,54.97143945263498,31.62859038797211,62.13366214164329
15,12,54.660036559465176,54.47999716293781,41.72211794274322,69.86209032477825
15,13,49.1840581398081,60.868595900262726,49.60233376438016,68.7543351493894
15,14,54.859863222927025,53.4251413992118,51.49674037321216,75.19497578648799
15,15,55.542464454387776,61.51805666856648,53.892626778863374,80.49084549713183
15,16,54.54616475467137,65.88252507272162,58.38887228607541,60.88830621886869
15,17,58.27140239473181,67.65229629680542,54.342866047052965,73.13069404021742
15,18,58.0493995455189,65.4584150626009,47.22578068086837,74.87459881373648
15,19,56.12655692235937,60.88101446542258,58.86156539849648,83.6774852412235
15,20,60.29998848007167,69.27004894776898,55.67898406384438,68.92451460483144
15,21,60.0953934709763,64.71440367011618,52.75191732031513,71.90881507467681
15,22,59.17154806018618,53.40543313127338,38.36447965073857,76.23860793837893
15,23,55.242073161321265,66.46801315942498,52.6760148503802,75.78384590127607
15,24,55.77166328751335,69.4064326457308,54.92318144309546,68.4699258114282
15,25,57.225568293377904,61.5942309480539,55.49189347477569,70.52570637788303
15,26,58.72495299626016,59.454747530884475,58.05555592036504,59.792377393321765
15,27,60.44446181153779,70.42528927802707,61.484462977774385,74.82183642286341
15,28,57.973187877963014,57.738412893347714,43.97240890282458,73.0524124388763
15,29,60.09807791607439,54.89869372878492,53.64607976205289,65.41245646345033
15,30,55.488101893705455,65.34942245458434,47.62002061080479,60.09825454306386
15,31,57.288455045506645,59.859720135143284,56.33225730994042,72.94331711197833
15,32,61.31185560094416,59.778605700271804,53.63307383576729,71.61995219999515
15,33,57.22921171472369,63.11510590278646,52.059247743607614,60.36471048136928
15,34,55.07055760423022,57.56919947314557,42.571305926471084,66.34944474429028
15,35,56.69701509322801,74.08912585645412,59.37646512106963,64.41340969150842
15,36,55.50468140368793,63.511670318006594,49.09821104747531,57.8210409332498
15,37,58.73202332721768,61.58431989664457,41.133395892119566,55.53001293791982
15,38,59.170924154284656,65.03374302215764,54.40781304816387,64.51894203773907
15,39,56.42121137965277,56.09127290770294,58.72996211909766,60.66274044781117
15,40,57.92527953147211,66.42846432863693,53.32197165269353,53.66004300733965
15,41,62.67356878229879,59.04915748283422,50.094210188803885,53.681417462691094
15,42,59.87295063617051,62.05011113424207,58.09435251872477,62.328930729700744
15,43,56.63673500968667,70.18823394930229,49.44290080312082,62.40921793477399
15,44,60.96073570279515,69.58354925813636,50.904373039463955,61.338761267416864
15,45,61.49026279908355,74.01978258787017,58.51222405875986,60.149377255145104
15,46,68.1220792365777,68.90529300054037,66.03589403761015,61.79017651888297
15,47,67.15205303245435,71.43287807075652,65.97490828604731,64.59088490834385
15,48,70.38169955302885,76.51971281270644,69.33139614379866,64.85090701461493
15,49,65.9462011950055,76.51234080718167,56.97828333031201,63.234566447695116
15,50,63.67041877115708,62.85133251364525,57.037150581281104,63.168337112146546
15,51,68.51115384328249,75.62775153064206,56.47489911250233,69.7167931274413
15,52,73.25995548567114,78.35068259963641,62.618812407709385,67.51249951536812
15,53,76.32202027208915,83.13221874277934,63.99755883894196,81.17877427227592
15,54,79.4375039465989,79.48112687928811,67.86014086635255,79.91139672739591
15,55,74.48696647831368,86.73768501633855,66.87684771966808,78.15243645769006
15,56,79.15769772098832,87.90280000810938,81.23550265668709,72.4313822647815
15,57,78.53948067935885,85.10420008864381,67.68485398541048,79.4686959073461
15,58,79.7531041738291,85.05699840173462,70.34643281426828,81.01604860807383
15,59,81.72393372420372,91.2148632801773,84.8439937897831,88.7043602297726
15,60,83.86765795955789,92.87251621024758,78.9152036323869,89.39501614894392
15,61,85.17243162967132,86.77036786901941,71.68069583067151,82.962819643623
15,62,89.42616425906202,96.14546869874471,69.40136282179526,88.45229429685722
15,63,92.17249724424683,96.15170401873716,87.88914871989441,97.2438219402897
15,64,91.66747390518454,101.87401831657874,91.5449482410617,91.9827436903601
15,65,96.99972917618149,111.27327437052206,75.87138281585207,94.50099864906667
15,66,97.5645776621887,104.67985986402013,89.74215796696073,99.96381533329182
15,67,96.66056952475621,96.76290389377613,60.235962909798644,103.68834914639838
15,68,98.34301276638952,106.22879770535557,88.55086676957605,109.24308504635023
15,69,93.32078684693657,104.04542423182342,99.05791641653815,110.4082030380246
15,70,96.96724856815366,108.62964379574015,96.73622852963643,107.1013000599913
15,71,99.69086738849336,105.8427584016114,92.321241785949,108.73964864004691
15,72,98.99081494165341,106.08888168284155,93.4466810705356,112.06711166799386
15,73,100.5585050142744,109.77486681369261,92.18801683458271,117.34541485919581
15,74,103.27715755417354,107.50476123350658,100.89952347984564,114.22979705755573
15,75,101.21600401012266,104.7104372740691,92.87852598624632,126.30031145373279
15,76,102.71647643470767,114.7016398365481,95.00225170242102,111.81753956760308
15,77,104.16309281829616,111.3377405645836,83.76572417659003,106.9383836883729
15,78,103.57129872896486,112.99246435668952,95.57979556936918,114.36309694153121
15,79,100.25750057692595,107.5321405768186,91.87089696109926,116.05646898165675
16,0,33.284532113912775,47.04632950643051,27.422107881555007,42.601009550320406
16,1,37.37482743466311,34.34446275301372,30.550755138110386,56.825846141626236
16,2,40.286760102826115,51.91284851589941,42.165658703396026,49.36720969499713
16,3,38.98606572530987,48.41376998139533,37.946019655016954,53.06944189382353
16,4,43.041183542936785,38.63694135717466,45.966187052970625,59.164243524840664
16,5,44.26756418187748,53.75731504594279,35.232588971613495,57.71768522260684
16,6,46.64961421531974,46.03777833741743,32.26720787830875,52.59537783759504
16,7,44.480047410825044,53.711987612342156,31.036346133720166,61.93151353582483
16,8,48.136373801898785,56.49587924209103,50.78286820026991,61.54045483128512
16,9,49.80179162139707,45.92155299671857,45.79137757188321,62.589146693685116
16,10,50.46393933048193,58.45967205231687,43.02136123266718,68.10354712623618
16,11,54.32530880375632,52.33752204086094,45.923565111762656,64.79693765209524
16,12,51.344957612492415,65.19702834391587,58.26516720876685,73.25149303443544
16,13,53.30672871213368,61.46844082475352,29.747188677050623,66.38492128831355
16,14,55.62267596455408,68.67663178344695,57.04249396526536,67.6151807910088
16,15,53.520185212583726,65.08227698077815,57.96363859558642,72.46751880821667
16,16,54.238677278603895,60.40179977353874,44.249774367556896,63.769789726498416
16,17,54.89252800421077,63.394966578449086,54.96998276330784,79.29229072358885
16,18,56.74442888912724,67.00422468202726,45.62481852692378,76.47831857378239
16,19,54.246825348190576,76.13622960966036,48.84704364572023,74.91169373976538
16,20,54.5999838920529,57.91452847759504,46.329330406176275,72.2341793563756
16,21,53.93601301526785,61.505033796055514,44.250240160752575,72.3639686295868
16,22,57.59458109751058,54.11033720287931,44.42700826043688,73.12693010264988
16,23,56.76325327143344,62.283329493233694,52.51165397473446,77.98917290970932
16,24,58.109316172294484,62.212557664098526,48.99880796482124,70.30757728319068
16,25,56.45849785612175,62.30222805951826,57.477759509540505,65.47995469005183
16,26,59.36048355595441,73.72831424876304,43.71705106146821,74.19297771914394
16,27,57.912710533260636,60.409753790358195,46.56361763809855,65.27717059034725
16,28,62.85911218373429,62.98433328528097,53.64559746085456,72.358583043074
16,29,55.416507480872625,60.14835711310234,55.95895380696272,61.06328162288884
16,30,59.15683486450749,62.86881130566966,68.87588132297829,70.68646289980863
16,31,57.631442222164715,76.98318100281541,44.77084887292817,64.25437364394165
16,32,56.49355870567862,64.71200240894694,50.58788174252914,65.78522920999676
16,33,56.3991786524553,65.55100684349598,63.95512090932348,63.776273686436625
16,34,56.373679091877584,61.21618048013279,48.21030756380437,63.8881871132623
16,35,57.65607479866547,62.00901421745071,62.383851478234384,62.8767944767997
16,36,57.68386871232667,68.24936648092083,43.39896505401125,61.25113612244136
16,37,57.23621077134718,58.09754964255698,56.15177432610612,61.83478534484035
16,38,60.29386386146739,58.653071267770535,48.493627183943204,64.76712285145801
16,39,61.359407843982865,64.36878689773658,59.028020846459604,66.9741609325707
16,40,59.01460979992168,61.49881998785159,50.307115464158244,67.85103723404555
16,41,58.02217187011704,72.93858361181265,39.2982374002052,62.17824366702782
16,42,62.48462146586119,55.59560759970504,51.72980954034088,59.75968926841576
16,43,61.21810309614615,74.92137837417458,60.276164887630294,56.47331343588897
16,44,63.89627589969628,65.82426785757441,47.38793140130835,66.94947698931509
16,45,65.94842414201291,74.98825681718344,60.37028918812272,64.95337316328778
16,46,65.11854809933658,59.38286953004538,57.983359517285926,67.12678281614683
16,47,66.9586241402856,63.75280532268764,58.12074709098685,70.5124279227871
16,48,70.18688047883268,75.1556104557384,52.712261909458626,68.80870843211898
16,49,67.46036829700637,64.7527489924161,62.58265365877542,66.34048149458522
16,50,71.40324049003588,69.5178270223787,60.5838153638475,68.83738139744122
16,51,71.85804440074145,78.9192027079464,61.808592183422846,70.25482366898684
16,52,73.33431180681843,80.79079551972143,60.2264212079302,74.84503724315105
16,53,73.47523191673727,74.45209545770633,67.43849883349029,78.47854472479649
16,54,75.24918516563294,84.12824666398568,69.94475309726728,81.22198275201522
16,55,78.07074833757756,89.19224140746951,77.92691441191515,83.62277007860368
16,56,76.86835333968399,82.87911709576038,65.76298545309514,80.47828435623963
16,57,79.64751304906065,79.13395531667237,72.16676782478118,74.57200850365365
16,58,85.55576567970346,92.7186222424563,77.77306867688431,86.68868403960244
16,59,85.54770258537776,99.94146070945538,81.79115286321223,86.96192911597365
16,60,85.61639885395235,88.00289974374097,79.85793669654603,88.38732713228383
16,61,88.44964727342325,102.13620981247527,71.61022913879536,89.00487965249094
16,62,91.33528326554239,95.55977187041802,82.19916791788538,93.5378224387545
16,63,92.6255717851907,106.73189118325374,73.13784743849315,95.81969450837063
16,64,92.16375748395201,96.22965570053698,75.3688049942691,88.07385754705246
16,65,92.91127194754615,104.70670275983933,87.8450229013819,104.22442070444703
16,66,93.03586861273766,99.74499321758276,91.06657108392386,102.28502023598263
16,67,96.9778322017673,105.81102077899635,91.32143209160927,108.49386872970821
16,68,98.35600131268764,104.06883711442963,70.99293953302788,106.12574580743157
16,69,101.44800421500194,107.03403446061327,82.77811019006916,106.59084839002104
16,70,100.6866783557803,107.08973644634847,90.27946238583156,104.28195277591104
16,71,99.32911554801086,105.25958900128667,87.11134820622296,109.67435651547538
16,72,97.35004745476229,114.32198602606793,101.9568714996244,111.08273977975209
16,73,104.35005665342361,106.86088678264082,96.28024981578959,115.00970422085506
16,74,104.70352496989173,105.51867952520622,83.14623366614919,115.83890802434655
16,75,98.53350179111511,108.55485736485473,82.57093110920104,117.63414282776932
16,76,103.43091058394938,113.01982930914912,97.16645900313803,116.51728297817189
16,77,101.11644740180242,107.71333511142258,87.50283637564473,117.48789068720669
16,78,nan,nan,nan,nan
16,79,101.71142518311787,104.32053627590768,78.39039430696687,116.38225619146901
17,0,37.65622256196386,43.19416637022776,23.554134903495267,54.33928228198492
17,1,34.99700705500736,42.49280876881652,30.630516500950304,52.736927248837326
17,2,37.681228568805935,53.10516653214426,42.56027219218713,50.06141505561949
17,3,43.04278317833616,54.71936941405806,46.03769819584003,51.06792801182614
17,4,44.76277200814485,46.67127240214658,46.34582769343483,58.61669028756158
17,5,43.60586189555636,43.99037406996264,42.182894391198076,65.77297371745244
17,6,45.91062687837193,51.23132100734843,32.537468992535416,53.78420390288075
17,7,44.313039296122106,52.9330271801186,38.602256648425815,55.692967540322336
17,8,47.78895797132118,48.04071775775089,38.63398440311193,72.21492035156523
17,9,51.80475463480752,53.49560608588006,42.19797073055393,67.79259001319137
17,10,50.644900444447124,56.86675711253896,39.51575602227695,69.4587322163332
17,11,48.02868475490025,53.364540977201024,45.33266618924579,75.68745278643382
17,12,52.80684370524039,55.7681765059396,33.88452464133809,70.88195440565562
17,13,53.077330576367196,63.45526490939615,45.171924600481105,71.87981019218881
17,14,53.732987887391076,64.541802951361,52.80970445404738,74.55392490449022
17,15,60.459201139300966,58.36528610056559,53.51708204249678,75.40553768681974
17,16,54.940291202945765,59.431104084273166,51.77778881442073,75.47568103651783
17,17,56.75776998145186,67.31546026329777,50.358574756886334,65.55860652290701
17,18,57.44439357111863,65.16359847215203,39.258049576080865,67.2555598420646
17,19,55.15238080834638,66.93287251235112,44.855833591937575,75.22817556947356
17,20,56.30921409036606,64.59823835503988,60.296010836314274,72.12409384948143
17,21,54.085417121687755,65.58804679911616,50.096255349886256,74.48424217301461
17,22,57.35412534186333,68.2851914809518,52.681377901756946,69.43348081106389
17,23,56.14245796280701,60.92368289143901,50.15150878500662,67.55272870799287
17,24,56.76690488849163,63.943897933848234,41.814494108633255,72.83569164018529
17,25,58.329751382958854,55.11105402539323,51.51298309045781,69.41280656927688
17,26,60.7881446392159,65.75424944680984,38.026509429226536,67.61034833789287
17,27,55.92246747514831,61.70423699482023,44.332089259936986,64.41141401423208
17,28,59.269365741296575,58.02878182163622,59.65612619761318,76.1546670900057
17,29,56.38547852158507,60.76325406773774,50.62234755116654,67.42625917348224
17,30,56.79895340671964,62.78631566828178,39.169184708731805,61.557166729578434
17,31,54.48580781546381,56.04635442004903,49.459220703552425,71.9979841410169
17,32,56.837634671539746,57.50556620086757,50.084198693566876,69.08447300764296
17,33,57.11903475004233,59.87676107908517,56.83332940382755,59.178351022747634
17,34,58.86639585394049,62.47884767942435,50.909116887441556,64.15019254049017
17,35,55.09732218220979,57.208227582830105,50.97517293590823,59.33050193623863
17,36,59.125624475964685,52.10367823234812,34.329472748490694,55.98904231860597
17,37,56.979245008781334,65.24401096725886,62.25403867253815,65.54845191796342
17,38,57.34797114310155,64.15395520715185,65.02642815755462,58.12106717679179
17,39,61.349313181757054,57.9541779251661,47.077076048498505,57.761580833512106
17,40,58.92755671716089,63.77671783207428,58.43827939953731,65.75218988833043
17,41,63.87816059717699,61.38056979640798,56.98288187507671,58.94262642185654
17,42,57.52529474388675,65.70283958578737,51.23402653735238,62.373366647157994
17,43,62.145733189623996,71.23624037889019,53.840325624886525,56.174162718120954
17,44,60.31433555429255,67.56643650137039,53.914458470643595,66.3990293438506
17,45,60.64343800490236,69.25959245993756,44.34254650039659,63.27724282907771
17,46,64.88163350546613,78.48900707749533,57.55845349886205,66.66099267764825
17,47,65.75554444250086,68.05263252074496,60.87043332378401,76.23183018110414
17,48,65.98719110759636,71.0169442667943,50.66129327156361,63.8273029958306
17,49,67.77418594945232,66.80890267988914,66.96785844588887,70.45861127362014
17,50,70.94507263151114,80.50089229207713,61.902741717479685,71.43978990334305
17,51,68.90089878710765,74.73031772839711,69.20149409096878,69.22159678393469
17,52,72.61610336579066,73.45805465973649,63.57387404918586,76.08880626640837
17,53,73.4425102563833,82.54519929751189,59.92145449535963,78.09680906564985
17,54,nan,nan,nan,nan
17,55,nan,nan,nan,nan
17,56,80.83616323270869,88.02276238850894,67.56153930207672,81.31198013282084
17,57,81.36859116295868,93.02112512691102,57.28090519543787,80.1236871819817
17,58,86.35918680431953,80.75146300403617,73.35456856931528,73.85977574109981
17,59,82.98466921726892,95.60022082050284,80.00752674746548,83.22951911283252
17,60,88.09408999341294,94.25008384109661,76.85277098787587,89.23846117626424
17,61,89.9476324684519,91.86505083354085,78.13887120014108,93.47908577683174
17,62,83.53412793300812,98.71528634660247,87.93525821950911,93.9970077649666
17,63,93.21864133682996,102.27725499777394,73.2523418563199,91.51931239117556
17,64,91.25837318778473,95.73553295155602,85.99170179833688,98.546021817103
17,65,93.82680896103724,100.14320306436083,86.05804107930383,96.62625725083139
17,66,96.85392542777457,107.05389247870175,101.61832207405935,106.73106605927913
17,67,99.41023253859893,105.86172338373923,82.18185430160601,102.29064831884403
17,68,99.09052664319013,99.82783730804988,83.64333547819308,97.089596225792
17,69,96.85052831034761,100.74547590190143,96.85685822216259,105.40864959477396
17,70,101.37712286208361,106.06916113664253,79.88036021626054,109.90676992334697
17,71,97.95456502181732,104.09303968573144,91.0280641945259,111.46190169941143
17,72,96.50680203094527,103.29572770702522,91.32374686392313,118.6295668375252
17,73,103.49403363595829,109.57868552195418,91.73519675744308,112.38497510619665
17,74,101.85824476362414,105.57583238080943,99.34778516981821,114.17647289569088
17,75,102.41267157124136,114.52788161370582,95.09522967891971,111.99088872817512
17,76,99.91068108537434,108.26016896261486,92.76655964027889,118.88709546494219
17,77,104.12537092321583,111.62304862699004,98.41789630593371,123.92197806821824
17,78,103.10001961509128,104.85871895491644,91.43816201013932,116.26954537813171
17,79,105.31178654944132,114.19194940859053,91.40782603873608,121.96908483103354
18,0,32.191355034924136,32.09733088932364,30.379770975295365,54.754797013117994
18,1,38.822857699591495,49.56672169136381,26.73261306509218,56.911042758149954
18,2,39.14470098692214,42.45860104749107,27.010639732309777,52.28376742801749
18,3,40.90515812378796,42.154200857463806,24.759274083521174,50.16802067340372
18,4,41.73104931391895,40.73171902014922,43.34774765199274,58.5561471751008
18,5,44.52570165526447,47.67402870385491,44.89100180139467,60.13493551907484
18,6,46.44105578815898,52.757452400957774,31.547403678674762,60.28704873463479
18,7,47.8518604920126,56.86960001878364,35.86200149277967,56.90195482694492
18,8,49.83787335688979,44.35891410318001,47.45032145993113,58.759393626778945
18,9,45.82084184743208,47.57006618443072,34.28340084571829,67.04754647943219
18,10,49.77592047439147,65.38892284860557,39.07627802376632,61.758435535514224
18,11,52.21208426926765,65.22016484291585,48.05018669643527,61.74622815498073
18,12,54.23679498220866,54.295369850071985,44.88740765466736,72.68039732050049
18,13,54.14710500396309,57.59710589521605,52.05944166264983,69.10161381037234
18,14,53.747925478296345,64.7868511486591,48.31331318609125,66.63725301879946
18,15,52.47653747137218,56.398971504390175,66.56654058559265,73.80224889477576
18,16,56.07473381926163,70.75067101077484,49.020733578165135,74.20363226051562
18,17,55.994878605641084,57.73112581813875,45.874004419896416,70.02737069791034
18,18,58.35499121290319,62.60711332788043,60.498561610091414,67.32154576484942
18,19,56.238625060021754,67.00108261268628,57.1930355136824,68.0911693252607
18,20,59.334579219706036,61.647242789098584,59.00647990828544,70.63568556166828
18,21,57.72019847390103,63.881310096373554,43.79379051582913,72.45664925442355
18,22,55.92562581956529,60.84442825590518,48.96746232376297,74.55443165099042
18,23,59.860727403761885,64.1681579555801,58.92028191354724,69.58453456118987
18,24,58.42599020206545,56.67898271430819,59.936764496601846,72.07485784083069
18,25,59.28709507114142,60.58527791596462,54.662024683559366,73.85164947711229
18,26,57.19450263729876,57.022279002418735,36.0195024473076,65.83829230554991
18,27,55.88770131832529,64.17802340388008,44.64711259104241,59.103310585456484
18,28,57.507560532879964,55.71610678230519,64.55833854399556,65.55415339384128
18,29,58.68552631543076,63.19114640669925,41.30158484422093,75.82633998312625
18,30,58.29165213034587,66.4396870354263,58.28513159703416,55.10109110629827
18,31,59.347621026828214,61.71004055667341,49.635818349688904,55.51041937256537
18,32,52.6981221416241,70.11254281638686,50.25200247923182,71.41676943229714
18,33,55.98882816179186,51.26389640464824,45.9147117908208,62.87765538482055
18,34,56.96476746388984,69.67407603200535,42.77369202693407,64.92536508442286
18,35,54.65865163415785,61.2996447290557,49.00294032037102,68.19044741804737
18,36,60.0621969753664,69.23722253508778,61.04665381669155,59.326833021287214
18,37,60.58235125406189,59.15968437164275,54.642283131587014,55.606992943650035
18,38,59.33523025389278,71.64662219642057,56.30241060867418,61.45076140792148
18,39,59.04711022989454,63.00101559106049,54.743312489617665,63.914812055080375
18,40,59.82445839349822,65.93313453277786,47.67451120012604,61.98775755761184
18,41,62.82330305439357,72.40154122834396,50.55178888309159,57.84278813928674
18,42,61.157257014466616,68.35554488900041,59.7633572323985,58.42937639518326
18,43,60.91124894900653,74.41827358565126,47.56612497848422,56.41150276761176
18,44,65.67896437665567,69.82201420944321,61.96820641862907,64.07687121432438
18,45,nan,nan,nan,nan
18,46,66.53477269562669,71.7883210294265,63.31437681202034,63.456394651784166
18,47,63.25388299125316,60.02851318992396,45.39572964812281,67.79289336827921
18,48,69.82899889138083,74.95173539713448,57.85073330135975,69.6913837007697
18,49,68.11090746954379,76.82333698362092,57.069977475198165,70.51564308907527
18,50,68.96950898987289,76.10357995022815,62.20944742502715,80.38548985852414
18,51,71.17853485046611,83.77992476403968,68.01073927904892,70.1062465401496
18,52,74.07348200702907,73.38946659425106,73.97600137821868,76.73160206371803
18,53,75.85994013560882,79.04481557015865,70.20814757733226,76.18389255942762
18,54,78.07887041193813,77.15719871328331,71.63841954383045,76.20225779599478
18,55,78.30602742878207,81.45920371450431,70.04018834784317,76.01729800432472
18,56,76.30389709847593,83.67868977867101,84.87265464479891,68.07894474482269
18,57,82.76400012282076,91.16899729098387,80.73946762972827,77.66386000700336
18,58,80.27970760143806,76.19070756264023,76.92027456263298,82.31816018386249
18,59,85.5609677086386,94.31718109676818,70.02514044866065,89.23090384672625
18,60,87.4490051831527,99.56963422349942,75.38352250259591,84.32447014326196
18,61,89.45721777674908,94.2298563541001,71.81515435694509,91.11561183237647
18,62,89.66050631156808,97.0900775164033,70.81975399012035,92.786155770705
18,63,89.90120869152389,95.15138011376861,83.56358769813298,96.16419143597864
18,64,88.11715531104353,99.54446481759625,87.99802714632402,100.72428549433786
18,65,94.6918845991519,113.83269043470511,83.59366530646868,96.75497287697388
18,66,92.08273530816213,110.13818555557083,82.89626239390643,97.48282771118178
18,67,95.56391845517601,94.63838190051375,84.91180014083385,104.3764156881211
18,68,98.22834081989235,105.90004751822799,89.45710008774158,104.01316701158525
18,69,98.43769477949049,103.17304591224031,81.61300748309307,106.87613957784855
18,70,98.04029154835878,100.87855838366761,90.9006132619007,111.30739841374364
18,71,99.97871469886834,111.27674223144334,73.842562073064,107.00212439276575
18,72,98.74490008223825,103.79744581635389,91.6692990897925,112.17782210818969
18,73,102.43967758167771,99.53019972185456,98.20371190077664,114.09502666843649
18,74,101.11555728472945,98.89481027246265,105.05594909660057,118.06743565038008
18,75,100.34911547831453,112.1028767199026,89.03082547786606,106.77573957030509
18,76,99.47146245383951,114.7603138034494,107.44130466450869,106.59084854334488
18,77,95.78394630840994,99.02824277904615,84.08867707361922,121.71402974271922
18,78,102.19866813725446,108.65709237043458,80.3448289985049,117.32800329825345
18,79,99.77239273384936,112.50956233041855,84.49076107547582,117.88312014820453
19,0,34.89039375411531,39.49791834446203,35.573111101211886,56.151796687370044
19,1,36.33576029812593,41.85044583344304,33.77815039134835,48.37298928315157
19,2,40.092278472626205,46.97471578905905,27.254359615480183,60.1203091712284
19,3,38.03607997821548,41.1693924068363,35.77456389336449,52.314766932292386
19,4,42.8999857980389,45.031497037094866,25.868782081041452,55.66225946433882
19,5,41.53001463049736,49.78037250766011,30.43016784476754,55.40097825349687
19,6,48.13943884121983,40.83185827589896,30.86853743499863,60.25771489966053
19,7,46.572501289210706,59.77590323599112,48.64181708307985,59.04145928486411
19,8,45.750835643548506,52.03785693396945,33.86398445409256,63.74874842647322
19,9,50.21892675018433,57.367517746737434,46.107696279255016,58.9731177501963
19,10,47.359844758261566,49.83815920037091,33.90219408405812,58.90324851317561
19,11,50.88421942017585,53.93078936187711,51.73468573467547,71.20538095628058
19,12,55.709954591193835,49.17198323829547,50.06188770899435,69.40791227221806
19,13,53.78237463878363,68.76797453890546,53.63591745471876,65.52022476510774
19,14,50.397233016653,54.16049695963499,36.45025661031347,73.50703230304721
19,15,57.79424723446312,60.98418214238393,37.75001675625989,67.65396218569586
19,16,56.659630906930964,57.28910242087961,48.649761377314725,66.62169400428063
19,17,58.27927768232578,60.69836440716101,53.68761950349244,69.50316023159156
19,18,54.53820753012763,61.24663040720023,46.11274670270484,67.90146235308549
19,19,57.482186124986015,60.804719662147264,47.567636037974246,71.63702886255206
19,20,58.4610846977393,65.46348116923313,55.26640958577434,67.81756882745864
19,21,57.96891569802352,53.02216159761084,40.17021761224698,67.60580534697648
19,22,55.04104336747065,64.79473676736472,58.29751109419506,74.63563650095799
19,23,60.29360593002499,57.38043442052962,44.76717872158436,66.37955865569451
19,24,55.23424822729548,59.954551298629696,46.341167641778576,66.71938768851165
19,25,56.64310044704664,65.18333753882251,46.31723348567989,68.53714049771975
19,26,57.87002153655531,66.61992956505705,47.0136590832755,65.73545950250444
19,27,58.680172734309416,56.996928000563535,56.62888437095663,63.64937771440305
19,28,58.28710752006966,61.02276545402004,45.16054939198461,72.03901224670628
19,29,57.17398648639273,62.06991289285929,62.89975909825259,61.233648851540394
19,30,55.49078302953698,64.98421002799358,42.02862651640451,63.14536642792684
19,31,58.19703855286194,67.28842847518987,43.03555158200093,59.81071104560773
19,32,57.09821821253693,74.67288791244789,47.16150115563673,64.8586976535426
19,33,55.151681526637645,58.43759582470082,46.32242811466562,64.62069617312393
19,34,53.87339890692994,78.34166032582205,47.935699594679264,61.5980121171617
19,35,57.36739593435078,57.559523799259566,52.319434962758805,63.5773084096702
19,36,57.87057741164781,62.61140560280188,54.00937652697564,63.16995362483058
19,37,57.20691938016015,70.35951091014729,54.507439384522385,60.489943910474054
19,38,59.52061365795328,66.81506937810948,58.61300873669848,66.03692865861242
19,39,60.75277237016865,69.11352291303085,51.28191927172159,55.107604732277736
19,40,58.93576323645025,64.32668579138283,55.1430775471368,64.43456221879688
19,41,61.86872326191233,60.78178519059902,52.838745443960114,61.98859735679239
19,42,59.58802532998247,67.69805828442823,60.79177950463343,60.84639204811752
19,43,61.89882455135069,64.98404709152972,63.69734327773857,57.35487238581303
19,44,63.43745293947828,66.2277762937906,57.320130665758995,56.04165908889368
19,45,63.88395104411838,78.19897270187833,46.154098025633004,70.92617467689016
19,46,62.571468642271135,62.63737796682329,58.46243349131138,50.68862686304724
19,47,66.77244110013132,78.77192462250632,64.78683437951143,65.71732786214389
19,48,67.87862809182121,75.00978490932901,65.24320798131089,62.924060488369534
19,49,70.53871446733179,75.66801760603325,68.83113330598229,66.6608450199103
19,50,71.5487883754433,73.85447674675595,74.36010285242894,68.60681157643995
19,51,67.3352327393111,73.64602442918938,64.57052990853846,70.63224021861781
19,52,70.85668963515758,59.73811323231767,53.0681874695391,68.9710039384001
19,53,74.500724041208,88.68184293548507,71.50546796177008,65.77750054251182
19,54,75.46397564224095,86.61223003584871,74.60572605772857,73.85112338078324
19,55,81.39749282626332,75.95745710848435,77.867170769589,76.56044473226893
19,56,nan,nan,nan,nan
19,57,78.00011528180795,93.96156401040494,68.15183850421373,82.70386526724286
19,58,81.22980161836216,89.15023082907729,65.93233392528752,81.00880754024949
19,59,81.52856546348742,85.26044725769198,79.39283026179874,86.94698535100656
19,60,86.76370771146696,91.9279794788845,85.66091603666816,90.63675077990918
19,61,86.80906640162229,98.51656341848494,80.66424759256175,89.77141071094104
19,62,87.77662829800073,102.87538197555106,82.72464967640204,99.00913783604965
19,63,94.21913537044524,99.93746644225064,76.17279229295696,96.67139155802565
19,64,93.42242683039431,95.08574350099168,72.04005188579185,92.90198897828982
19,65,90.61114064256569,96.98822130067835,89.72270699183574,94.596210691739
19,66,96.41483912421565,96.57932166707245,82.36532341279602,101.06850864656853
19,67,94.93397601265086,104.3215051591296,86.7168857614683,105.85645493616722
19,68,95.79937695451359,107.69111804659163,90.63874734188231,104.11439757124722
19,69,101.26277297009995,106.5439025724555,83.8681142749457,99.73290542528828
19,70,100.43267087937967,106.46243046772516,96.63789410370042,105.0328084060649
19,71,100.16488179624623,101.3397473657435,97.49000761184904,115.99140973262833
19,72,103.63736751114944,112.0596084410941,81.57354810393576,109.3418409394724
19,73,100.37609884551117,110.48248853287289,95.0379634611741,105.78489800048291
19,74,103.40146343300478,115.84632530994924,82.17818012338762,115.05116776856454
19,75,102.77739785620712,112.97265267513198,90.60489424452317,117.66642168954733
19,76,102.61060335507362,116.15119447174968,80.08112977049105,118.31042600771035
19,77,102.06135697312743,110.42338764811188,92.00378737773394,108.69923895809325
19,78,102.20724294353435,113.1221242229808,100.15094288198448,115.65210795226339
19,79,104.46418306253601,104.51810699022163,96.28265547384895,122.86470146759926
20,0,33.1117494938833,41.72235527251304,37.55232728052386,54.40125193519293
20,1,35.77200600343619,49.9039863669503,24.428597396724236,49.88144055468092
20,2,39.63949762908133,41.29104989632698,39.18313867623252,52.66849663509268
20,3,38.320645416830665,46.65004271837815,21.459221227439095,58.76260062276115
20,4,39.57416758072949,41.5136452276743,45.67852061208198,56.88038521306375
20,5,44.146709285231026,60.060213523532866,28.59448375362329,51.31110896935904
20,6,46.56668592621144,56.60802314329413,44.11915722180941,60.51069301882589
20,7,45.397446749900254,49.8191911926392,32.26021762013127,60.70246094745709
20,8,47.59007928553136,57.642898517144424,38.20154937140537,58.208071767539394
20,9,47.30175153268136,52.77123910321904,48.018683310335945,61.44197949874792
20,10,47.099513059151356,49.59815605272892,48.27126037807011,73.92718399004465
20,11,54.52433277554322,49.90926114292368,39.93131133300198,67.61993303335643
20,12,51.85678460728419,54.932880713930984,50.61325342125177,64.92236882829404
20,13,56.33824449885477,53.241232591224716,51.22825715739367,66.95088421879814
20,14,52.20665535909008,64.60659943360726,50.400483961329336,73.64859982134904
20,15,56.87723760931383,54.35841375924788,43.39060161243563,73.74319845521487
20,16,56.07446043436214,59.680301111521445,45.736095055321016,73.55599941346941
20,17,57.714137038523674,54.54924989691761,54.7951313337544,76.24941877724774
20,18,55.98826978600442,61.8131287020079,54.32097977053953,68.66412569708383
20,19,54.56454156246054,63.241574107722734,59.15273151870818,74.18176108089631
20,20,58.85495096229929,61.89720425203159,41.80774275353386,78.75970074895483
20,21,56.804256515327786,66.1200368762381,50.50498969915355,65.8773731598696
20,22,58.57777179604928,58.55242447112418,44.17986556785607,66.7235676388045
20,23,57.782362551599206,59.89879494607064,43.01422452745673,62.175060067780514
20,24,58.37978728943411,59.60433050200469,50.71520707919768,67.48604851295731
20,25,58.27614559049283,60.13598524507816,63.14146309401053,74.1582163306148
20,26,58.57284280789284,58.684037922901084,60.5802070428411,59.304859001179054
20,27,58.42444366543953,74.50931729288521,53.07023730769661,56.30583228451192
20,28,nan,nan,nan,nan
20,29,57.38292871612714,50.638327551494896,60.134785379188024,61.62843579603495
20,30,57.34189597649011,62.59751978418936,60.1825496711455,62.50156079034363
20,31,54.33727414710206,64.81786196816952,53.8176342379414,62.8797208017441
20,32,57.83107111066588,59.661422350066026,49.731108222012274,57.55942558751102
20,33,57.72497120116729,58.205974501834774,61.320944673771265,59.52702842212583
20,34,53.88274875050681,56.78180017952416,58.662215139307435,64.8957143768685
20,35,59.008928854298425,57.863707504481354,39.23889706877603,61.99753321264515
20,36,56.576750874728106,61.86600638407901,52.34788649389112,64.49213011004709
20,37,56.72896273483981,65.18282050581458,54.56752825274283,57.44658740187112
20,38,57.12446751388981,61.222637062224784,49.81865168432918,58.18584308212846
20,39,59.89881077084616,59.46721031454172,53.33574333227286,62.10775380447409
20,40,58.05455549260281,66.29432597579469,39.41304266170963,57.82726605511092
20,41,56.92062289281852,63.44275961933489,67.94742931721798,56.020664800113245
20,42,60.947050104721676,66.11862158989487,51.605351201209324,62.47355288198624
20,43,61.98473661392971,69.77853552420136,61.28315531116041,66.44431546098382
20,44,61.77206622170768,68.4416094254849,58.82058485513194,57.12795631781671
20,45,62.99712895272514,63.9648269412302,49.74099039209297,72.85783051607858
20,46,64.91181665237323,63.01247807822894,55.23729581091826,62.17077656960956
20,47,70.64584653036566,59.923793705280005,55.10231481125866,61.89225941194188
20,48,67.91296295138564,75.74192167865783,71.64128651519026,68.46316637588431
20,49,71.69952903687567,75.96571646769128,50.478977231453044,63.64235471623348
20,50,nan,nan,nan,nan
20,51,71.24520250108066,72.5194117395456,46.02597983231142,70.14842524460474
20,52,74.92721668587215,79.7661851494708,64.29687039732097,79.68090300933322
20,53,72.75453420586118,79.39875547808826,57.62448183300541,77.301739315618
20,54,74.38101810193687,88.05085625600738,67.07913698159598,71.31484816428805
20,55,72.29582597269933,88.91300518740246,66.54018334387915,82.54125178904566
20,56,77.87647449776111,87.83314238234614,69.53295730073937,87.79977846685614
20,57,81.03200672879227,91.0268653860296,77.02003464110301,88.92657320442142
20,58,84.49464196085806,79.5188842541913,83.68538114943712,93.85162160784346
20,59,84.55794161239774,85.08514170539365,70.27564681413843,87.89762974109574
20,60,85.69289049995982,81.86522196549973,82.0015166655106,89.85219354302077
20,61,89.94010386370883,85.9924527132865,76.32842857685347,87.35564223376859
20,62,91.49193179546165,90.14462201930998,84.26793357531113,97.70719042490931
20,63,90.67719305355902,101.2099004695066,91.00019190051282,92.71216769082109
20,64,89.22317185227412,102.99910545534141,79.1465855902383,99.85344006040108
20,65,89.8665635433765,104.80994811619193,74.35292185870401,94.10340742825203
20,66,96.40985790685687,102.3672344759581,79.63196655760548,98.92310242928244
20,67,95.60283936734938,97.50232807511505,83.7649911899359,101.61045222603009
20,68,100.04790050932168,110.41323770842843,84.52160157919651,101.0657810550422
20,69,99.10783357822494,114.72760143207505,72.6601968560795,108.68062874235231
20,70,101.19586965708774,105.28771250830044,78.63191400987553,108.26999572415093
20,71,96.68465109052836,105.86696613604494,84.3542703639747,113.92305636090089
20,72,98.49152336874312,108.66272561062958,89.76643536209714,120.56022271139253
20,73,98.76424373069506,106.98275101687751,84.82028572564208,116.91170176533467
20,74,107.74751918253249,121.04568931060533,89.48349962964603,118.94917878021501
20,75,105.57748862850104,116.52500383239952,83.68609602319371,120.94489265086156
20,76,103.27220130046315,105.94293584769616,87.66312038869061,111.74205089008575
20,77,103.06469350225369,99.89711701490508,74.67762747918974,121.17897447345979
20,78,99.75045221639309,116.93939647571617,97.39229031388591,121.68162385429021
20,79,103.90595071403088,102.85215716895769,84.21281899093395,115.69813329944763
21,0,36.30417292018019,34.348025955630206,25.388384712017697,52.07444073772638
21,1,36.90801827259665,35.67074082697259,34.88564330648327,59.95214006994455
21,2,41.19667233533445,50.799585558926196,32.65424527879865,59.40232726086057
21,3,37.34675612952859,44.11815801481566,35.07980425362027,59.98431761302345
21,4,42.90292661840645,39.72818181381904,37.03201273662418,58.14143555765647
21,5,43.44002214539641,48.70796133379835,31.001934071902387,62.46174629949485
21,6,41.47432973945217,45.761613547089276,48.54929372950164,59.01907990715271
21,7,45.433080942843944,42.71298038722275,33.07382351296422,53.84253121700757
21,8,48.503897688760134,48.56576908181802,49.1067345480712,58.230419373108134
21,9,49.723836431784044,49.443971096001185,40.42281030139279,59.85342286506533
21,10,46.48067830648647,56.21559657257374,37.76674576469206,65.9752514143257
21,11,50.67797721804727,49.89254114148432,56.04160773903055,65.26298993398709
21,12,51.62984204894581,56.005150482992555,60.42375888163202,72.75504814327883
21,13,54.331482240227636,54.42154881020602,56.27913888298384,72.16515061087377
21,14,57.21950998187018,59.97596339486829,53.2607341436159,68.45260717963495
21,15,53.805386736313785,50.9175110057519,40.380488571297576,69.75153242523331
21,16,56.12448652470172,58.891011512139904,60.368188819189804,70.09299727613745
21,17,57.53356936471671,66.62127316399665,53.79305025871383,67.22055051321269
21,18,57.983000173597375,57.58906709684052,53.06935265504683,65.70619613325296
21,19,57.320118173550966,62.93855709901673,40.830882693603634,64.38531447554206
21,20,56.34892733760583,69.2934636964583,36.61107160747931,67.23914974188253
21,21,57.58803556654518,68.16035716055679,52.67059241529239,67.79608410066585
21,22,56.884099379679746,58.05622777303994,47.40017291349193,67.26790067842603
21,23,57.211033830330365,61.85261352015293,46.692064436831025,75.16232783481252
21,24,55.26586519307021,58.16991237879243,49.34789525656904,68.31928486883756
21,25,61.06012852413894,68.82859125434246,45.69060335109579,68.23646214444808
21,26,57.53454654301431,58.48671853000458,58.876284131211,62.35139020419009
21,27,56.70153589009586,63.69701359484989,56.37768191279653,69.2754492191863
21,28,60.04811578114101,65.69670145482138,49.44713172824406,61.98201392503228
21,29,54.29925470819067,58.886749143034336,53.3550308783743,64.81972787331897
21,30,57.16926017800326,61.37407825886703,46.02351371413605,60.45319758568421
21,31,54.936589680496006,63.410066895657735,48.510494419613536,64.29221486068923
21,32,58.65414330301064,63.90541284500947,48.82058605675738,63.09220503837482
21,33,58.27519709059462,64.30652836490731,45.17726701347311,67.12682584024165
21,34,59.715142207498474,67.32285219482173,29.591053028907798,54.68728994232354
21,35,53.71851086941871,61.80325135356243,53.90990028774397,60.050369893265085
21,36,59.97470225679109,60.58457103931614,38.90631717303661,59.5813270972177
21,37,58.17291751491194,57.471875149175034,39.891187000744445,55.81593873291517
21,38,60.97867563305607,66.85166240106868,50.94119024040948,62.83259760286148
21,39,58.783230879177786,66.67452742683338,42.42716406393754,59.650170384501706
21,40,58.43674075348655,58.07298431228012,54.91256939042375,55.56684393685928
21,41,60.906787262947034,65.69989559313147,63.22221820540787,62.900197546229506
21,42,59.149245233720585,67.00503150574636,53.07295271481371,58.48910688731142
21,43,61.292359520769075,75.0497845090037,57.680762317701365,61.440999870667966
21,44,62.75540111387592,68.92707027571096,50.62117987978556,65.76095963873688
21,45,62.491078936673205,61.11493867643462,45.31705937011977,60.0158905995406
21,46,60.477588364771385,71.62360141645087,74.87998716993317,67.31270825237068
21,47,66.91556623622039,72.54805372503884,58.35805748297725,66.54165524243972
21,48,63.963511000706326,73.92689295272096,54.871765841944836,64.63002377675093
21,49,66.78230498129113,72.60261859108049,53.50762895294164,61.97112010083882
21,50,72.90984980681255,68.53219102921733,56.52656086356873,68.3909527869723
21,51,74.0709369786804,73.56501512148635,61.37995069348859,71.63141095030537
21,52,69.51312481063692,81.52954949718894,56.0569499839651,71.53330179370901
21,53,74.75304683377084,81.9697178859999,69.86976507823728,78.3502183292453
21,54,78.44265960907049,75.30748014753401,73.04279537459082,73.85998637261164
21,55,79.17851095813597,74.65545808934915,66.25335254032974,82.80226443534877
21,56,77.8188116064835,84.1096546539685,77.69383365612663,79.76908551662295
21,57,77.08934038709685,82.83330511745848,78.54073308084378,85.26498646482847
21,58,84.11020883984384,84.36574233337384,71.24074103501187,88.4793299349388
21,59,83.99424564239091,90.08257721491827,70.49137757206087,87.26275458306179
21,60,86.02055415907925,92.64386668381364,86.86655345979034,89.13665961602548
21,61,87.54701317172687,94.49413592976553,81.50533193726925,93.33862078234807
21,62,88.61389933167877,104.96118992774268,70.70689342700882,94.33797049723502
21,63,92.31664446347538,91.34232782393826,78.76087536888122,95.48942248647407
21,64,91.73631239665357,102.14897598291763,81.64858059733595,99.84984349800531
21,65,90.32955348475353,103.58065403557563,79.36691192297452,99.74333096021746
21,66,94.99296538889854,95.56651360807115,88.12197988006919,104.2171733073161
21,67,93.90892906843098,103.39776650604978,80.43451283981192,103.46118717231994
21,68,93.08784572596916,104.50357867678356,89.3330701502347,108.79272991410214
21,69,97.59869534612808,108.53559025613748,88.21826364506735,109.6053193912773
21,70,95.9736941117132,101.75094710170539,74.0401498156138,108.05386913064928
21,71,99.85530166891878,104.72181328649376,86.66344771601348,116.93529245718695
21,72,102.04807960037711,113.62607179572888,95.44717895909741,113.4449966015032
21,73,101.10499300698831,115.45412334300907,91.79459497873329,111.46153571308177
21,74,101.64909846542996,112.42853604179429,90.89292066641103,111.74277303782345
21,75,106.44787284460408,109.9020296720224,92.45658167548997,111.08950977317234
21,76,101.71739573121205,113.10339289458801,87.36561740728314,118.32455697730782
21,77,103.68461066955788,111.74597190959386,98.16844643979202,107.34257130212028
21,78,103.85356836269558,117.40697719251816,99.91730377796722,126.70935284697583
21,79,104.93231597004363,117.12467122813014,81.59869349004266,124.43162819896529
22,0,33.454378914640046,34.691443043260854,13.007680913332809,52.50788968756007
22,1,36.80115375118283,35.694411928403824,36.891591208577836,49.669332123366175
22,2,37.95920326939703,42.464782899082515,13.79389938153082,57.82435011134401
22,3,37.853498882504034,48.41292897945796,34.468426907713756,54.61762839328235
22,4,45.76438388887358,46.41255502747362,35.85794407720402,62.01479705338088
22,5,43.051498611717605,39.652444353095476,48.734414280776996,51.181144146927615
22,6,45.61134705708706,42.76364208268616,35.103427112184285,62.45024855032339
22,7,48.75040451336147,54.470747944617166,40.20344892132017,59.72543453346821
22,8,54.02772666112965,62.07152568881972,34.385624178755585,60.48854079460819
22,9,47.515390906115094,56.280974900934346,44.77194996014987,68.86298828841433
22,10,52.120992566174614,61.58133325371793,35.411971995033426,68.0477864505218
22,11,50.01224837087287,62.4073095817288,47.37011768000389,65.29213839483667
22,12,52.27847679455381,64.98793436936388,53.22835218054947,63.79481353384583
22,13,51.77615538663021,60.80303160014233,51.800919982098755,66.23681070907739
22,14,56.25401286234458,55.35855396307372,45.165697502625804,67.05037050300129
22,15,55.834564606110554,59.8783052107146,56.49793127117302,66.07682466212964
22,16,50.78628905167241,58.53323947002298,51.1387635027069,70.85686894857157
22,17,54.041002255535986,55.739754184030815,35.2331247607982,73.7226194933437
22,18,54.62818551680108,53.62385727528618,45.77265492396782,71.56410220686516
22,19,58.208832400606745,58.19136009487829,47.39185859079795,73.10747107346701
22,20,56.91061534518515,69.20456898680258,57.39925075609016,66.29617813100069
22,21,55.92356035744177,60.965681607819285,42.79386733584391,70.15519922384279
22,22,57.46774304888508,57.35335016186612,52.617287531466964,66.5478375302777
22,23,56.348658028968536,57.053776813518056,44.16508917424973,70.8517606748939
22,24,61.4873834602666,67.56146259878889,57.09498288539913,69.59234214792775
22,25,59.3820884847451,62.713644364917414,70.28513187819594,72.58518349795183
22,26,58.58857164465615,63.81183766430707,53.664856214663715,64.38352906460015
22,27,56.23717627302391,59.28290961918158,48.477045709240315,58.54877749451705
22,28,56.125554028036206,61.37142458310749,44.983753332722245,60.967865793962375
22,29,56.23782342916412,54.12603313606665,53.37737379148358,68.83468229154124
22,30,59.974805879421595,57.680879627602806,60.66182011582221,65.20624077160416
22,31,62.324853918536924,62.7145174471412,59.59318101216316,63.48676623023236
22,32,58.90428324504295,59.06434000345589,53.82407916888047,68.75481813460135
22,33,60.809660150892235,60.22317908789468,61.85895629212817,66.37423249123081
22,34,59.73281202946861,67.24589033143606,48.12765565314557,52.76357234210999
22,35,60.58872671555514,61.16704869844771,52.83588031450896,66.08752864900396
22,36,60.73826724847046,62.2292926128742,52.984536678051604,61.779232702309294
22,37,56.421060099097055,61.68232608031673,57.639009263500476,59.630315359360374
22,38,58.44347102251694,66.88967680208641,45.320575727570855,70.55157136702294
22,39,61.101596900983125,71.53696915732762,51.78582358623056,62.79681134221377
22,40,63.065377248277976,72.20179530093031,48.876815213521745,60.50721721399073
22,41,57.28011456283972,60.767907913349184,58.09049418649053,54.069932439635345
22,42,59.9894976354776,63.52881404777454,50.16249966478537,59.895917663209154
22,43,67.14798731711105,60.42236075099854,52.27832640846551,58.0107603088637
22,44,66.29775849691126,66.0494974720209,57.00452396238667,66.04780053575023
22,45,64.28625338606344,59.0494402196387,57.62261221524754,56.52985204903805
22,46,65.97282066208452,70.46680094061469,57.25780691144016,56.92510547831863
22,47,64.92341109131911,68.11236111613458,68.67357333515349,68.51035581280783
22,48,66.69787491938196,68.91413606593096,61.6710303864351,61.443986102321595
22,49,67.73539881100018,76.1178367054011,67.76896276440313,68.88055353324776
22,50,65.496210811732,84.88596029528529,58.489044013785474,60.5430365104359
22,51,72.00286492592667,68.21227546229007,58.88317977027372,70.41316231039485
22,52,73.62746394735639,74.72431103089345,67.33047053111723,73.48008166910682
22,53,75.11778293649336,80.72757148226633,78.2448856533469,79.04705839029637
22,54,76.52573118096373,81.7224381181227,71.947559468199,79.00946210216007
22,55,76.75654123580404,83.30346340528985,57.75905232146318,80.91294635834807
22,56,81.59352227996943,82.95397809941161,72.67692247912947,82.64298985147737
22,57,81.7198021980961,86.38238866095705,68.1692166227552,86.40944263049037
22,58,80.42071606769474,88.68788883148716,84.11641180963666,84.1678864165189
22,59,82.20322332547521,84.87672656851254,84.35747839577826,89.42901430681025
22,60,79.81790624415322,88.01534689843649,74.23623071289896,91.44435984036286
22,61,92.08882621773661,94.61183890954952,81.37463889305633,93.55572922481295
22,62,89.65182154755665,103.47289532084018,82.4617877725177,100.58474569209437
22,63,86.21649976552234,101.738940687177,79.30566737788668,94.66648845487988
22,64,91.72072660481219,100.37196566188942,90.02062928841784,102.27669105178975
22,65,94.14034436859147,96.60114453009257,87.53417724240153,95.90935083272235
22,66,96.75237475034665,108.66837953898596,73.02662975117198,103.151720897527
22,67,96.97352176761065,108.26793955078315,90.71360424735585,107.06391170018897
22,68,96.12129510329143,103.9486581065637,84.82788106706936,103.50521415730105
22,69,100.95045990028346,107.44370595482506,98.02011016369917,112.46544319645734
22,70,95.92889755045599,102.4300376525205,91.27293170432796,110.61102773975827
22,71,102.87085333219508,100.57945176501045,102.3066253372785,112.99703732428117
22,72,99.83893221705105,102.58557068650592,82.83646539702008,109.16503230886266
22,73,100.53808910388977,110.117600252571,89.91767261682824,112.98627658064663
22,74,103.6192749949793,100.50777171985686,105.76401903740103,123.68310784929353
22,75,102.7684282104079,111.10409864410389,95.18949166949588,114.70272343259428
22,76,100.54362749376833,104.2321603376046,96.82911784455094,111.97160887871101
22,77,107.23859274836542,115.34093044692204,108.38460234890118,125.6883067577691
22,78,106.98049134650229,106.7404908061849,91.04834391574892,122.95888831610478
22,79,104.68572464092863,117.6484469118522,88.08564101248508,125.61666534155252
23,0,36.37096689327286,40.81773125662831,29.789815057866967,46.989863521460215
23,1,40.74307700352555,40.144364489820006,30.513134463399627,49.86963864847914
23,2,36.07175217999652,44.240142235310934,28.02230216146328,51.7314147153304
23,3,42.098476330905484,45.17440835844906,34.4216213759916,56.93360855051806
23,4,39.16950178066384,50.29528709377799,44.06739105608161,56.97202788452677
23,5,42.34143563373761,48.24173488274112,19.57811853962928,61.44360766664173
23,6,46.35158931699367,55.37008669378617,28.271427898927236,64.10149069483856
23,7,46.013856311977335,41.71844084185004,42.72487434980056,64.04696148003052
23,8,45.318118671739626,53.848321143779486,23.32510646717235,64.79106060659427
23,9,50.034475746164354,59.598254618262715,33.443386643543214,69.07326657900795
23,10,49.20839182977618,58.38029156945425,43.591627499029194,62.79283624063368
23,11,52.10339275020443,60.276187005861686,48.801474193081,64.79349058224624
23,12,52.06700372263548,63.54958978858645,47.98406072598797,63.64107060890912
23,13,52.16318409786807,63.242855238603596,43.560546502958154,63.731052796547836
23,14,53.100076870306516,61.132289149310175,50.82920760049263,66.02881394103359
23,15,53.90491282092231,55.23839808051028,53.956018187934895,70.67566674617835
23,16,58.348271166052456,60.07274964264163,42.33675941872589,70.11694358972481
23,17,58.94363419785787,59.829035958525424,59.69576397932949,72.55025594406104
23,18,59.06235610159288,61.64464558822682,39.401919202765555,73.8001729680682
23,19,54.29866679260648,63.627916936232474,51.37293974212006,73.51268412400826
23,20,57.30479361958146,61.30202429860064,53.22081629081703,71.41376651494201
23,21,56.08966993413392,52.9476248137139,51.53059252773601,72.12204383229066
23,22,56.65923719548421,60.97343586258867,42.054982421431774,59.55648957714557
23,23,59.06358209089233,63.53687128288386,59.0426775168031,72.31232894095591
23,24,57.36407548530616,63.397930599626115,55.453174394584025,62.530826433107535
23,25,55.895987917058434,57.93334460957444,62.83379711896019,66.4549057452793
23,26,54.908814267812396,69.77801634299848,55.79164705834266,59.870857884717935
23,27,58.644150218338204,61.14709528501664,47.62343833922616,66.53041386772438
23,28,58.84172274967279,66.67708251800482,55.03825262562792,69.48601495649731
23,29,56.70101113615743,67.54262769772467,54.720486074686946,60.38387701747549
23,30,56.657120741265175,69.16364525206338,45.33800878710417,65.4785409648721
23,31,57.730721624399294,70.90275496880437,49.01305766599449,63.72775900549501
23,32,55.79537145322838,63.861849768001086,51.16796503752696,56.68326051341529
23,33,55.749898852450386,73.24184089974565,56.02547059062907,66.14528694772139
23,34,55.55723015453763,55.86092647907894,56.810696392896766,59.404565434542505
23,35,58.2530808559344,59.98811507742286,49.92114302575099,58.06216812670927
23,36,61.03755569705165,61.909783580021724,53.84483806249205,59.110463474504066
23,37,59.427342022393,63.32395899274898,43.45668958186994,59.315627787218226
23,38,54.39069201065266,67.45365884512896,52.47240379820723,64.97125539337624
23,39,58.36796901793126,66.58331309724475,62.60323406586227,61.654521576399546
23,40,57.40765299820875,66.29490923741491,51.51294025527585,58.06622183801038
23,41,60.40793106223367,57.22761923579962,42.85543319063977,60.32144008717023
23,42,63.60775085911021,67.36111508862697,57.610960189971486,59.946751643387756
23,43,62.74744799757346,57.6306165100075,56.41871303513539,59.33261016085143
23,44,62.93637886927423,74.60185000415771,49.82429935788998,58.54389542252116
23,45,61.22391449073368,69.90378136223532,62.90600096903267,66.43264927406612
23,46,64.98401059920731,70.85257058025977,61.783894752734355,62.85362595513994
23,47,68.29331123087037,65.25295317026124,52.01263071301296,61.712070520759376
23,48,66.67558183364675,67.67453074533933,60.979301203954854,64.28341374460216
23,49,69.61664424009238,87.53678484568961,72.14996516057951,64.04561782502505
23,50,70.5392101630303,84.24800978717857,60.87867784860806,62.154738904835035
23,51,69.80752703935514,79.73847088080113,66.72591732284283,64.89217564428236
23,52,73.50245998630926,80.81705698182896,57.944656575028134,77.08260567971821
23,53,77.64829601530963,75.28293995656392,68.87151453761855,78.61793914592046
23,54,74.19118876761138,88.41301644050101,73.93779946718176,72.10754826059711
23,55,75.00752227525518,86.15626711693038,66.00231057386614,80.95622402455514
23,56,79.3062250341056,82.0086717008826,72.25181435312473,87.02138125346794
23,57,84.49086680134775,87.85130052797409,72.04429945897687,78.85870225022659
23,58,84.95747633201285,88.47211314366282,69.350263063932,83.75001400037415
23,59,83.90174559309276,94.73434280925812,82.15878968047815,88.70331429175393
23,60,89.46408464417257,96.32049565715533,80.78097869913194,90.67280737142838
23,61,87.61546151820745,92.8551996647662,80.09499510703093,92.77023417046627
23,62,89.85479925179207,92.04123732896922,82.7403321727899,90.09978477149846
23,63,93.15234276376658,96.00194740012044,76.3108481346231,103.05473780414475
23,64,93.82428220790702,99.95659688529611,89.26776139337976,104.87276198222375
23,65,97.0728624730227,98.2316315655293,90.54189300670774,103.05587944060561
23,66,95.88942320051487,106.55962585099134,76.00223725728941,106.215156753422
23,67,100.46168312875106,97.42327641582656,79.746876659211,103.13561747840798
23,68,97.55070550834763,105.47184526274336,82.36159504703933,101.80832393950114
23,69,100.87108665720818,109.79293454672298,93.95794073233134,113.07226973148676
23,70,99.26950753130981,110.72792774748342,85.2885100330237,106.70283080827976
23,71,97.50933516697849,108.35940271763351,91.20505699426064,109.5295246283059
23,72,103.26300385279899,104.12568335193889,99.39182721919579,116.56666446664116
23,73,100.88516978986898,106.21234028205086,89.31897903015533,113.98347863073545
23,74,99.76466593124252,102.26033170927373,86.3778952324489,124.50613877876472
23,75,101.82869733202334,112.310880808571,86.12376613140646,120.79576498070602
23,76,101.98085638915711,103.82517196267126,75.53382875367839,115.50433918986046
23,77,100.60121404377134,108.30001045703483,90.85450266968017,121.03676089519483
23,78,104.83612411757665,106.98093219318964,86.78786325007425,128.45577336916676
23,79,104.22656412424956,106.38584832081563,96.22711658131897,120.74275251581014
24,0,35.29046214474684,42.51832182186733,43.98667053210308,55.4163602939221
24,1,38.04786531029324,44.76070233494511,33.744568552317276,50.86252335364411
24,2,35.618925763654964,27.886558913066118,30.15834695812419,54.65534542333769
24,3,38.17885828885104,42.60758041985713,30.780557162709425,63.701175150000246
24,4,40.205642493092164,51.52677732136612,34.002639788542545,53.04042046775471
24,5,45.20230381245437,58.05410757862206,24.617958972321283,65.07920815102278
24,6,48.7525202171725,57.71275576725557,35.3863260704241,59.72637541001529
24,7,45.64808667432184,47.96910097320031,45.27053187270504,55.633040433589606
24,8,48.014722065340386,52.86177301101205,39.38836212902529,66.25163928869497
24,9,49.45366510356193,46.33230680881081,39.8564497433859,69.19040664013825
24,10,50.74164596569299,69.02854809468134,52.26311451894476,67.84760900547148
24,11,51.171370398826824,62.477485995052916,45.73264852563771,74.93622217294912
24,12,53.34564773082049,58.66912995747482,60.60108824387579,66.30722436740861
24,13,53.365080646128426,59.38400524196381,52.96977715840429,70.4849713816105
24,14,52.967338091163484,65.35389268519482,74.53920565077482,69.84107349932796
24,15,56.76566767492772,52.087112652974646,48.49912750434524,72.69297757720004
24,16,56.709764129518845,62.320202933588064,58.60457369430723,69.21900559041332
24,17,58.00756132550334,57.942195789354315,43.49150783887855,75.93742279913631
24,18,60.33316062874933,64.15313175515578,44.86012827476822,70.09878091124732
24,19,57.20706847750487,67.38565666847387,56.80588946482692,70.38264793686244
24,20,56.29801478769096,63.218343249904606,48.5428067468585,63.38209580487168
24,21,57.710446165550096,66.89089081097106,57.52101116618847,69.18605846905636
24,22,58.54448958691974,64.5449549617786,33.77933159367724,56.71870930500468
24,23,59.532791283152726,61.03476394268415,64.74048274175274,67.6951018890474
24,24,58.698067611472055,69.0094510446207,60.9710023805095,58.3657519728492
24,25,54.918607448582016,64.4662373735443,51.43735440893578,63.98377225472171
24,26,60.78922701861201,62.382978950760304,50.612129514507174,70.1705064278625
24,27,58.45419374300811,68.5862568029121,57.385880353919156,66.27941571924626
24,28,60.41682776148572,68.41777176092143,56.8194303637047,61.31618159653079
24,29,56.7271987151195,67.35004295551197,47.97185277455817,62.79917635466742
24,30,59.94194717362653,59.79265110569526,60.10925191232387,73.81686138661084
24,31,60.42567730160287,61.75745364806593,49.80338943201027,69.84659537829005
24,32,58.80160927391639,66.87081405399535,53.75052962290663,57.891486096406624
24,33,51.95129344336998,69.48662256888326,58.666547215482964,56.57771598743043
24,34,58.167595322140826,63.158154940896154,57.54134384789069,61.38604245660818
24,35,59.43817813829655,63.6826268001821,58.995862914279314,65.5504821071603
24,36,56.710102851950474,65.77780470245642,52.333235466951855,56.502203649013914
24,37,60.40044799771353,60.811005209233,52.825292054457734,60.05066836380864
24,38,60.34008784850573,75.10506023518698,44.66555128187211,50.62937034207051
24,39,59.3624366727034,68.5797676780917,48.33606534309705,61.15467934506138
24,40,57.527919151538555,69.30580524453296,52.135520712460405,52.93538775757426
24,41,61.43806942352043,73.82135590454959,59.094944278208395,56.753328164100736
24,42,60.03085278119284,63.57602591313814,59.099056574688646,56.04550820483674
24,43,63.14387602184801,63.28510518922897,65.1143383127685,62.63193376648328
24,44,62.3289208830871,61.755946393667394,49.457109796559706,64.3512962251698
24,45,63.86155781908558,67.5903727637798,42.56689104435645,58.497594324436854
24,46,62.77549492500974,67.16180509598509,71.06411766009799,63.29268090214919
24,47,67.21195155376483,64.22609309681276,63.38539216460566,65.29697528214275
24,48,66.0309988754387,63.8995317366376,59.34563874519036,72.97859672609059
24,49,67.66063345116909,71.02842264374864,65.60039534109991,68.38073382468774
24,50,68.05138224727732,82.0612298724786,57.605477332091674,67.21258766765735
24,51,70.64210015273731,73.13316629153182,65.77456077708335,66.72643117650905
24,52,73.42877100076863,83.51600452661867,62.88908997133367,73.72313048644936
24,53,76.49548190150104,84.7329172537623,60.73442149638623,71.68569580141309
24,54,77.8514439652757,81.17028078311735,70.13971688933376,78.82607743207863
24,55,77.5890417696976,86.56237458357262,71.56629649145553,76.81299461165442
24,56,80.68172890451446,95.57326594537389,66.28602279781003,76.03885417726137
24,57,82.04526669912673,92.19900895925504,78.73573565621194,88.04739894690276
24,58,81.89690682072334,90.90218931264782,63.57933500364809,86.78781494826558
24,59,83.08089181332464,92.34250443240491,86.43763295705534,94.00576048099083
24,60,87.80717748490433,86.6653793796813,81.8830262968063,92.7906469790647
24,61,89.17684547229302,92.77763998543253,72.74594916699763,98.94860094355488
24,62,90.79049867989815,95.15702096868897,80.83561964597318,101.03187648996601
24,63,93.59825965639196,97.5436476523912,85.80935521450482,104.62854449538744
24,64,92.79162739963604,105.86587549681477,80.07085101055075,96.18551195091278
24,65,93.55195016357783,99.05915131199588,91.44259763292105,105.81139139736528
24,66,94.91702582707468,105.26409859668642,80.8054998485377,102.79146126918056
24,67,95.7732632390213,102.27372621722526,84.7139264307898,106.08286080429507
24,68,99.26401411928656,110.72446224750455,104.3625115788306,109.99315994440137
24,69,101.41962585351996,110.5066517055118,87.42716865399382,111.4980813984862
24,70,98.34138677038551,101.29957080423866,85.99506827952992,115.18470943048986
24,71,100.66691350106535,108.21769164537251,87.69941838995871,119.0157297436212
24,72,100.53501157213877,109.42985730602787,94.52177958534813,118.17224735578641
24,73,102.96974120142436,110.46629719138751,94.41317772349308,120.10251620228846
24,74,104.76482804467243,105.73495528036786,87.93555172556958,111.07917886655156
24,75,107.98589486496363,112.16467662764991,91.9606485905729,119.02475837843805
24,76,104.37222439618058,109.98998192328978,101.77564792273863,124.38837649040153
24,77,104.05250384114822,109.56766396276375,86.87102025139973,118.37730600408976
24,78,101.26598819389592,112.63379103054262,107.09052307756099,124.1906194861645
24,79,103.83599410312156,112.15538026297264,105.18450563686434,127.05570531358478
25,0,37.86397134602282,39.180132335093525,31.04377689409096,54.69305891025459
25,1,39.881187984388085,43.719734125404045,39.33480010624319,64.89004129900007
25,2,39.69855066355735,48.808536278402464,37.77062285466276,54.84862736922105
25,3,40.82860616937667,49.629499179988606,33.88621466558075,48.02694701972651
25,4,42.00919860191476,52.346806583297486,33.48894418039612,54.51663281141654
25,5,43.99640552683665,64.50008143398632,41.408340580836985,59.78248292066533
25,6,41.50839166698135,48.77222904600778,40.38264739217791,64.0775464753156
25,7,46.15596848390991,53.25715606315961,44.19437445007342,59.62875961260082
25,8,50.314392310481864,55.51380289191526,41.34018578451012,65.16880381194163
25,9,48.36729526145454,50.646925489001696,49.934532289354784,69.97641373655323
25,10,53.08381034117738,54.764361647722886,36.33566139591973,61.71898708802163
25,11,54.115579405606574,58.9228926889576,44.45353604437541,62.25652348862091
25,12,54.36834177377805,63.06459815598395,50.31180563852252,68.21318476134563
25,13,54.00330883351537,55.919670761529794,49.07931697736023,74.51200235398409
25,14,56.79075503260203,62.11723571786351,48.35444816010918,73.75782337431085
25,15,53.67417632053789,56.025988724456255,42.12766822702027,69.34022983987452
25,16,56.037868222623715,62.28612416130564,48.90254948390628,71.76421251794035
25,17,55.61242573221157,63.4897689150206,40.8526650464777,67.34920430555194
25,18,58.25093547588154,68.51516324016289,46.33550131738398,72.9240027337993
25,19,60.991491578199316,65.7781981436651,53.20464627863184,66.68576281107764
25,20,62.38772528396994,53.567194861988995,57.0314158409594,69.16075667636362
25,21,59.19317205842338,59.42156339190822,55.75603616254453,59.81175664576416
25,22,59.47558993970646,56.29499354188348,47.5713619645494,70.46270837965973
25,23,60.4279580035485,71.99976027732038,61.39067820770258,63.29394505484975
25,24,60.45602635129688,62.860096172008156,54.288205482734945,71.99216164795448
25,25,56.088130583216746,68.21155491425398,49.64986881153461,65.19106549838216
25,26,63.21159243258463,65.6693310227518,55.44539517338291,64.96073171285349
25,27,56.51334236786353,57.25820715924128,53.705793536958204,68.30192284668044
25,28,58.522168433521436,68.90414589437749,55.954841553701826,63.90365087350387
25,29,57.312253249832324,60.45892583882559,60.10940236036714,68.55777678473943
25,30,58.35081382212393,53.74715885965715,63.76054081801986,62.08512134896258
25,31,59.11164269720509,69.78218491305554,44.061045343725084,61.07699055957713
25,32,62.683799295602995,60.937418709293695,52.56530503936381,59.71101667157382
25,33,61.105718096856684,60.22409291788369,43.63374454381781,61.03370069666146
25,34,57.134048733050015,60.93670712798083,46.008218744369934,55.47075253153314
25,35,59.676758650248914,73.0235312827413,45.01668562222207,63.777760864438825
25,36,58.79959240379835,62.60972250602209,52.662838098403604,66.45537545673554
25,37,59.78716467825732,56.05685244042408,51.84575668696788,58.9919667566484
25,38,63.31414951828439,68.57384302172933,45.41389850645919,58.06322003213434
25,39,62.42342104506027,75.36190231083238,58.03575979162436,61.06679716049057
25,40,60.43484215594809,65.68529514347652,51.960633300918374,59.41887621950801
25,41,59.25842229255711,61.854384564241776,47.475915109475366,66.03960371703258
25,42,63.10105538778395,66.71380163111027,58.134811374476755,54.46482292637651
25,43,62.68805561514112,63.07662408457041,54.97763532993653,58.64159346904905
25,44,61.29776812473428,65.19345898897143,60.32318643004708,58.725884444371054
25,45,64.20401048856401,77.13040598918622,59.91529384795865,67.27378758219896
25,46,69.45900450421692,61.931650883704364,52.2723200162114,60.97367832896915
25,47,67.45317685556196,66.54580506433305,57.129882906300274,68.47433465917923
25,48,67.71379707602314,76.7069757573715,61.271607744845994,66.72320988821839
25,49,67.63196074779152,78.57935901808854,51.41885598673937,70.7310355412851
25,50,72.83844039126387,80.06700590429048,59.81138919118543,73.97264467966971
25,51,73.40736866526517,74.09235619665884,68.61261097504953,77.36550082283162
25,52,70.60652806796367,80.42950943256564,57.62577322929517,76.6703780704995
25,53,76.93558176716016,74.45436869836342,61.117198736611066,81.11962639196943
25,54,78.08603995058759,83.61927755168037,60.668052136730665,82.5247601674489
25,55,76.96612396517715,81.52343003095251,63.59565126931503,81.25450718777874
25,56,78.05755487930438,86.55295744392517,71.25054925091818,85.57869836737123
25,57,80.79635385430794,85.79554193047834,85.01877510713183,82.97605610680566
25,58,80.00191978771994,90.95272427053179,90.44450514483559,81.88914013904188
25,59,86.56107902180707,96.43018238248071,75.08096714657627,89.41072094788849
25,60,87.5258593026462,92.97875735452898,95.37934887905885,95.63973902303796
25,61,89.28502772214178,92.5080484342464,77.86775502121176,97.91425068767136
25,62,91.41146603743717,98.85189979531,82.29775196997085,100.33472817038093
25,63,91.04006166375557,103.64387850164107,82.38459283027936,95.14758910371638
25,64,95.4037555332979,102.03891501282158,83.04288162601978,101.2110907728437
25,65,94.44171360532614,100.89542881296522,89.55612664812534,105.01510381629558
25,66,93.90683777177979,93.9429584234728,94.58299571529015,107.89111660191105
25,67,98.27152823102392,105.20819467227842,94.14500257497366,96.76362698074273
25,68,99.46566486130071,106.68428512453936,87.30149022240188,110.5795706937398
25,69,100.13281932305475,102.92775074200736,88.94635873837575,113.11097703356691
25,70,100.38061303212952,106.24081414891427,88.44735998268983,114.2899052476785
25,71,105.60736725071983,113.47370149782031,88.57035738280757,115.09936905176035
25,72,100.97918168926226,115.6941309382359,95.53228042761403,114.44786541786262
25,73,101.73161271789624,116.36024782041957,101.95567172570986,117.95255265086789
25,74,103.56467633865613,108.20535450819175,98.77134203271225,123.93206225240101
25,75,103.94429344221494,107.39592020233097,93.23545912448824,122.9419293984977
25,76,103.54589754823805,118.92821409801823,91.45768476682537,120.82918926904121
25,77,106.13591755832155,121.6296945943898,98.20743321735979,120.52837570653425
25,78,101.92333479490857,103.9180385000696,88.82408640433401,122.35468333268659
25,79,106.81862072435426,107.96734926594927,100.5634652752263,121.02307691649278
26,0,39.002897282782186,43.004686883483835,39.74022154717032,44.672874912545424
26,1,40.92834506473748,40.66967365332633,29.245084461018795,46.57989713821304
26,2,nan,nan,nan,nan
26,3,40.61945910331793,46.09435943005475,38.26612561330006,59.49537866785248
26,4,44.23050351168518,39.792181004773745,37.140706078565614,62.605446410180996
26,5,45.05720191440229,50.01406675534725,40.401494544448866,60.9349918623892
26,6,43.45413214297986,49.39367028627058,33.16367750651949,63.197557138324825
26,7,48.89076547881111,49.06248276246556,42.940826916462825,63.5443041090578
26,8,47.27918168551185,54.87000711139329,28.620920758252254,68.52146340148109
26,9,51.81817676607636,49.64486396078589,39.71097874403683,61.80095730295682
26,10,49.2180526010369,52.814805578369395,32.53439607056025,73.89112304848618
26,11,52.87368537107295,70.32247912087234,57.46345613420861,65.41238705020251
26,12,54.75179802428568,62.10881691696801,57.31577652569398,59.74806755107379
26,13,53.489157894350484,60.271765840148134,64.32865490107228,75.13815441598507
26,14,54.384523699690334,58.49271510753061,39.52172496215039,68.26303617005462
26,15,56.16709312336846,61.38161297248168,59.930348135931006,69.41038960676092
26,16,58.93032972329406,67.16852057189084,56.8503805180673,64.31787557773809
26,17,53.61493805692314,65.3918830371153,48.886473511332184,66.17725964263317
26,18,59.35351612396582,71.65174014939245,49.85482623291801,69.70792548412203
26,19,62.8445015700878,67.93931678542006,47.05316340003217,63.78502879031017
26,20,61.59239309408845,61.74176667937228,58.25141655084356,69.7900329834883
26,21,57.1504069098567,68.54354591267627,58.54532780076727,57.76672050540725
26,22,62.28379530784526,61.55014107717653,48.27315114763208,73.13486376415652
26,23,62.45453483540102,67.83797892652662,44.38599398830485,69.55224448877608
26,24,58.37783441602647,62.464806512543475,61.57615906851932,63.13698140701273
26,25,58.82230746842683,70.1398565091334,66.78841900901536,60.55996705403838
26,26,nan,nan,nan,nan
26,27,58.975015387748385,63.18336454059989,54.481106455703944,65.50196453775794
26,28,59.60311388088582,65.95170450568602,56.99119081287292,59.03543429136628
26,29,59.48202186811352,58.974012506112935,68.52717869475781,59.67424721196149
26,30,56.76135222230756,60.36601782765233,53.06792553123391,60.06508938862508
26,31,61.711707059004986,56.13044330613475,55.189327183315456,59.03688309966919
26,32,55.53500587143638,68.09691884230254,52.62085599859118,60.840713636070575
26,33,59.27893170809149,57.39839013654099,60.07722884621253,55.86408615729752
26,34,64.18021987703712,63.57155119435238,56.247905890571225,56.47164799403308
26,35,54.48840051561758,66.99702708734489,51.6820789644741,63.575669425563845
26,36,59.8307284061238,50.05403074811722,51.9735553480244,57.302790255499616
26,37,58.50632643960375,69.86221226927925,33.93145984266859,63.306503404462745
26,38,57.99770256129104,63.99407815143686,57.66742088300546,53.65408180730746
26,39,59.115260660087806,66.99388684979807,56.39418350664476,63.087713946871375
26,40,63.714554877761856,69.34991386682488,37.376328606080975,64.94593240826858
26,41,63.58676575080173,70.64266055765478,59.02061638677465,64.6432537647321
26,42,68.71640879107403,66.24216860602962,52.43159441870314,59.17960926674912
26,43,63.36007441052656,67.41242300523203,59.97803100543239,63.92559074672173
26,44,63.12948115910895,74.59849509999448,59.298257579988984,60.84522644695398
26,45,66.69837391041918,70.32535294091575,63.344798274313646,66.8488072226923
26,46,64.35208814648465,80.15606956916707,61.33480960113713,64.30214134224275
26,47,63.887220839455786,77.71472451216707,56.16019437996879,63.92666182922262
26,48,66.75556409650103,73.96979975947241,71.97807435418468,65.73281414910296
26,49,69.09995916247408,78.1686107875806,67.69540179327514,67.15818730530289
26,50,73.53495621689432,67.66074314274545,62.31747207136443,77.74532029863296
26,51,71.21279670217774,76.22934592149548,58.50093906509014,73.91299082571874
26,52,71.63897592926926,84.7512174427081,65.72776470898263,73.60037664747995
26,53,75.07176174535805,81.25576702684711,58.57327598416741,76.68066668513008
26,54,83.39929868338083,86.1509521497598,75.65323219893511,76.16237658793263
26,55,82.33251420385128,82.14442674715194,75.72336235550866,77.18318412263459
26,56,83.23587586109,79.71940978094017,62.5055818514287,79.22652790588714
26,57,83.5144573027221,91.25009442668899,74.15848200389142,94.19791491759611
26,58,84.28209911902012,87.41581323847196,77.8717307477466,89.6376869034844
26,59,85.27075781635891,98.00583997151031,93.56354528194946,86.5910858225251
26,60,88.19369259677597,88.1223691193551,75.03345094620428,97.33120548058707
26,61,91.566628642393,99.64853003517663,80.86527999360978,95.13398604143389
26,62,89.55783555027901,102.22372117650126,78.09901455342343,104.69692627697155
26,63,94.33102358226633,105.35242622142036,75.63205307706401,101.26904629367758
26,64,94.29220524102288,96.70505751322423,75.6578481336189,111.3229428870675
26,65,97.50731923636822,92.60941192416605,94.14750498611369,108.7681667663934
26,66,96.01882630988594,104.72774405684515,89.24167849094175,113.24500198963227
26,67,96.66630959201534,105.37899487690052,83.56359550960272,113.21836517694783
26,68,92.92678143513741,108.0131136726959,85.75215008657253,107.2702773417832
26,69,100.44804549023041,108.92922494948803,98.91808129006641,110.04807439868358
26,70,104.8024988585394,102.44635415746845,84.86050410711042,106.77305086620407
26,71,104.7973888404226,103.86506441953476,80.77940009123607,119.49966375651047
26,72,103.1564814910819,113.47663562838338,101.06231410760788,117.53489404369981
26,73,103.94724410112,105.93354620190634,83.01514448110373,125.48617596758218
26,74,105.05385713487634,116.93258328479173,87.5644009785028,121.49518498932954
26,75,101.59455689450876,115.8474400302044,83.09441328125487,115.19868649144874
26,76,104.17108520281661,109.65809170295348,79.06837770751063,119.48078423169275
26,77,104.98685475435819,106.131407757165,91.04672191105855,121.94815128295592
26,78,101.87350904118134,113.55595233341602,101.16189145148927,128.57075574888327
26,79,108.65566751453271,115.77835491733005,92.56661102393713,130.71129032243397
27,0,37.26088523120422,37.79920549048449,28.1783649402323,57.694812568860556
27,1,43.39912658112456,38.95548795460644,32.615594273749835,49.10675160348475
27,2,39.64659334111269,44.71537698108515,33.019808009874424,49.7933277355183
27,3,nan,nan,nan,nan
27,4,nan,nan,nan,nan
27,5,43.834468161459924,41.05966026798196,34.20139526272428,71.59542041189682
27,6,47.56900627102524,46.485757533340546,48.69842156130919,61.67515505914999
27,7,49.01050365270041,62.57596685654805,40.273550944165365,61.987799371204716
27,8,47.994864907360174,52.0738924869876,42.274047765023894,72.08819229597427
27,9,53.338591769558896,54.29479922553686,44.86095697980545,61.87528023108249
27,10,52.95843480952301,56.5417876339544,39.41393011219475,64.69078122135238
27,11,54.837027773774615,54.85917109599676,43.54335336033587,68.29071526237242
27,12,51.23977337667983,54.128335323992644,49.10467993376023,64.51820441194258
27,13,56.73672065352067,59.908580332264414,45.75776232743914,75.34453680600157
27,14,57.32808671236095,56.89993972694404,51.6811734194512,72.27756094057074
27,15,58.312382881749215,62.61047472329778,51.82818756493235,68.87504894832357
27,16,55.39407232042744,62.7663167873806,48.65648043846522,68.08026038605696
27,17,58.28047446743238,70.835670701127,50.428346002244794,68.58281826944337
27,18,58.6081968086055,68.95220104360713,45.22951929560688,67.73055901321258
27,19,56.741127621666266,60.12424594730789,42.42299831210182,65.52997919428329
27,20,58.31449332742843,67.86161109501144,46.21872640343029,65.39133665813021
27,21,56.93928152195365,56.666225636628354,70.28177908361226,70.16957264038953
27,22,60.813509967225755,62.2164711300675,40.91804510814066,58.30085302135318
27,23,59.956108844681665,65.01788038846486,47.69292245305524,63.53955246849885
27,24,61.70776631349711,64.71376322696526,43.026147270987444,60.526794333844734
27,25,62.151608664183854,64.10011994944763,42.660601738158114,65.51387696192836
27,26,58.910016151442136,76.52400202504265,55.653355125320985,62.94326130556997
27,27,59.19538781697805,65.8360612658388,59.26684953664622,67.97734062863105
27,28,59.80696773568951,58.21503903371728,59.715311859815266,70.0470098810842
27,29,59.981752782772055,64.93447596593992,52.64972432392995,56.70071466674565
27,30,59.21545229747828,71.31073682521705,42.55471928111713,68.57514642004523
27,31,57.92057828609495,61.89719275541961,45.345324466274924,65.06573254135155
27,32,58.290970659627476,60.475148964676876,50.84197997805166,62.43978588401518
27,33,58.685870066266915,65.17754958976103,38.737898065682366,53.4602294320302
27,34,61.123006131859626,73.57793482438866,40.6239904323597,53.790484188455856
27,35,60.19040384892318,62.82608439328242,46.44618133898084,59.29304715539675
27,36,59.61704138790578,67.03903200065669,57.55955901610994,63.331674623696074
27,37,62.237134928644984,76.13788626315731,65.84381958778499,55.76275139523446
27,38,59.229425949636656,59.46532466525429,59.762573576938685,58.554014383849804
27,39,64.10539663826519,58.95141808963396,49.567918569547295,64.34447091873109
27,40,59.56082902485237,75.97213817752048,53.90714042907871,60.548027687626075
27,41,63.42141296400631,66.01579466073805,61.41722555788474,62.84926875442324
27,42,62.62926143557424,79.95763795411811,46.271159884435036,62.974882133514754
27,43,62.96131933286337,71.44324600152468,59.30524429441021,64.61911486211892
27,44,65.16053553980328,63.36047736505094,55.08778438191711,64.62589073767843
27,45,64.93555888313176,72.17549126538741,60.17513649471789,66.49132851345816
27,46,66.58969790225335,72.2419709758474,46.22117566084623,74.65020054325402
27,47,68.02239713071705,66.45123645667432,56.987443725923384,71.19101830254986
27,48,69.12207172635419,78.43230403705293,60.12687380687803,71.91278885311286
27,49,71.02469919781112,72.51181802047628,69.83323778440855,66.51213171464397
27,50,69.50304133123922,83.27576424316665,74.8967375027879,75.33345537603351
27,51,68.28613081378568,77.07990520115662,55.676438276468105,73.93075297369182
27,52,73.56048312587023,73.76280126251825,76.36581064302024,75.78470330941646
27,53,76.17637417253931,80.5795023356327,72.69640850767001,74.82222278209254
27,54,74.71606476437475,94.3147476385063,65.9747318225829,83.23107572402556
27,55,81.52219327601867,89.47590308012848,70.9573218407595,81.58779105504532
27,56,82.31891637432209,91.22996608736064,75.4759720326456,80.20842435176566
27,57,84.98833860649177,94.76889710376916,82.32243624018753,87.63682107425296
27,58,84.55095616612535,90.47797565971668,84.27428549856904,86.97275756148211
27,59,88.77782235555198,93.75434081480206,88.22414584551763,92.55754494999294
27,60,82.20705307180114,93.65974813323304,79.27169446585606,93.8715541466735
27,61,92.01740202219153,94.03597299559834,72.70229311638619,100.34781238950023
27,62,89.47338443747232,93.08204956567963,81.75044279150539,101.99364026661026
27,63,92.28720365259527,97.47253863961896,83.06742876293994,96.44194718872224
27,64,93.93489448362622,101.14334654521238,82.78912509580022,100.09336927042939
27,65,96.88216296856703,101.25749526982725,95.63999113189082,102.99881274539555
27,66,99.33353352647092,105.08276457569303,81.330222527175,112.93787479102811
27,67,97.26131498156352,102.50386028631283,79.41957410623112,112.80657853166726
27,68,98.27619896886948,96.04418287548648,86.1547978716762,118.36764658552325
27,69,98.07131358053763,111.9950297190959,102.48471544561575,113.39039167173463
27,70,102.55716142955643,109.34150139980623,101.19795030633051,114.94744710192509
27,71,103.54518998845037,110.56891650943821,88.3847066663115,116.21116193007093
27,72,104.55940927564093,110.955937261144,95.58986163526946,113.16940344993428
27,73,102.0062730457199,100.08155833244443,108.97806043429442,117.70734474735794
27,74,104.23288604644391,112.89624240104436,93.07199206858495,124.19281326162343
27,75,107.78682582568658,107.59806636895881,107.60339225663452,129.3520311813762
27,76,103.5226935854532,107.1665859241174,107.20738265701019,125.28704568497797
27,77,105.24816150879744,114.13891064106902,90.77124394719873,127.58916970164411
27,78,104.77850196720398,110.88073234981067,95.96905090333432,127.70739020018466
27,79,101.67875053025975,116.25501795230167,87.12350551224142,129.85266226774266
28,0,38.49081428114732,48.719918930047655,39.535355177643396,57.22705841825932
28,1,38.04598999118074,41.96572409579464,39.767644179329785,54.77051221955314
28,2,39.34360102868978,54.07111871136986,39.61829080229568,50.03070321121383
28,3,41.767976151647105,46.212864395665946,46.128916256058595,56.76588324910064
28,4,46.64623316958487,53.487193405157754,40.0772852949278,53.217660234140645
28,5,nan,nan,nan,nan
28,6,48.77335956149004,46.6027397931643,38.693195948537124,58.170144923254625
28,7,48.26112275215897,52.486409771430495,42.4363727252783,69.80362636331242
28,8,45.50959129815269,48.202363297733065,43.10807303999721,59.142468813527486
28,9,54.29479145182615,54.26130991967677,44.18946811467291,65.45512512977974
28,10,48.85334766687329,57.17216768614382,56.367310906253365,73.09568752516492
28,11,nan,nan,nan,nan
28,12,52.85030906157848,52.13256173875659,45.727702206396344,67.81718445101511
28,13,56.28784558687884,60.86680349184349,41.06305798912792,60.37273027709733
28,14,57.24000780513613,63.49726302868505,58.204719785221705,67.51317386130191
28,15,59.79457314972346,56.03278157883033,65.88544755339969,74.68380434343989
28,16,54.46640776247689,71.99938565332162,49.04507928235962,63.92090603749501
28,17,59.93178784257022,59.25030828280576,45.55874586679742,76.51914929465961
28,18,61.260899117659605,61.07294485282391,55.226586980999016,71.64063970602824
28,19,59.6407974973047,63.03336130521064,54.98126046480164,64.55316799386634
28,20,59.41299009308396,61.831361103535905,51.01735052778737,67.97622951850384
28,21,62.03733048160487,69.51014692976771,55.262216680295,65.29278936969858
28,22,57.3687174583003,59.72097706649067,52.842544578256614,66.04106207256558
28,23,62.46488939501945,65.50753119540308,43.50143530528905,65.0283398043061
28,24,63.07711380923399,75.39231910083979,50.37222728989177,65.95365504991321
28,25,58.59682729948245,72.25892161513849,45.82954256028121,63.86357436263092
28,26,59.1503702736204,64.20811717945516,42.508588405032164,62.08220705302356
28,27,61.835359269477706,61.53055568820342,47.16313062766282,58.521181866633114
28,28,59.68690430614139,67.55986262554667,56.29702147979666,65.64939186570471
28,29,62.169624393258864,68.50320405477007,47.775518911172874,64.83699437119355
28,30,55.150234975039794,62.653299527772575,50.257270589615764,60.87745248208177
28,31,64.71768127090577,71.50320556951223,58.59171820059673,64.01965895178594
28,32,62.407430062881915,63.27640008496566,61.09457146825416,55.21846886793919
28,33,55.56503567717562,73.596777667122,51.433470451780835,59.94237400951634
28,34,58.13993909009276,67.98775466058522,53.6068032826118,60.48383705145827
28,35,60.31125088991764,71.34790626732156,53.556399586043774,54.93538340416027
28,36,61.442061456997706,72.14079884546057,57.223092571772796,63.665261886935596
28,37,59.142428154289426,70.32078696620329,57.5779554511439,64.88917430975197
28,38,60.66672734610264,68.97828125503361,42.14524940745719,69.87171612778083
28,39,63.77833200098215,70.13897922695354,59.61956889081524,61.64289369747248
28,40,60.358072324993074,66.58202208774165,54.68650721776009,68.02047902164523
28,41,62.507683082726835,63.04476062117427,54.56545799595291,57.623794952061616
28,42,60.82866193904348,82.85757813067954,43.165188646751076,60.294329022534164
28,43,61.71420874429396,68.78297904706847,78.79629299145361,69.17822262950263
28,44,68.20385287892245,72.68395574748507,53.36465254027935,71.21552953389812
28,45,64.78339936327258,77.0593203364098,63.34690255137202,61.75515140113481
28,46,64.56476647120772,73.60002322768233,65.95720467885891,57.56650150380598
28,47,68.56523146424728,69.69388147704332,56.350717760464796,69.76926774461026
28,48,69.50682226595355,78.00124386766402,70.32887837522017,73.3018654853934
28,49,70.66937355361844,79.55283884976276,71.82200270866825,73.58854049997403
28,50,73.53089097146703,79.66057495296013,53.999965201495165,73.79739014043314
28,51,78.64581895940832,84.60637198727292,60.643078128662154,76.43430753531945
28,52,78.77648420642629,91.46850194985436,70.90543592805633,79.55677525807779
28,53,76.82117135238117,78.29197903997374,59.965259713910235,76.11028563343285
28,54,81.11230274993876,82.4920244799478,79.48785417772976,83.58883879897687
28,55,nan,nan,nan,nan
28,56,81.05406918227035,88.00854942029382,66.00335139993204,90.60949732956237
28,57,83.08744075669306,94.69272958616467,96.9436939239856,83.88983519078914
28,58,87.49854884573347,93.35532112764545,76.55675055318666,92.75909558393586
28,59,87.27489330724697,96.87833855506312,79.73983516074266,94.82813797374939
28,60,90.08906208846538,102.27663975004532,77.72951361095551,99.99182546109871
28,61,89.95403985851976,101.85950475683732,86.68765432120851,96.48734693999734
28,62,94.49576193104191,107.40445830313581,74.7466488187224,102.65000946300941
28,63,94.26011731934807,96.92022869908767,85.97485390206725,99.34120328328389
28,64,94.42829175231903,101.75232402180946,83.06320128978447,106.44931322158104
28,65,94.32917971708548,98.55113259209514,78.04466228671568,112.96425696346793
28,66,98.69661249127806,108.83695015622446,93.28673979189055,106.55972100925354
28,67,102.12999604095093,102.73426903179289,99.40022151680247,118.46365174506671
28,68,100.15699757921806,111.00079597878809,92.6098597590781,119.30374646561125
28,69,100.07514251380715,107.91207114642022,87.32948864890855,115.16352017531474
28,70,102.7810019940597,110.51315174247492,97.92206707445553,113.19325345321712
28,71,101.71401444329825,112.97607353150785,96.6931082801998,121.6944438710602
28,72,107.14889261969185,108.42187686754295,86.91283942245575,123.81431833050948
28,73,101.08150993241546,109.11409603890826,101.4463806877716,120.87379969597337
28,74,106.0136232035696,109.99051142545007,95.35884364705693,123.51266066211033
28,75,102.066117973568,112.56140558746985,80.32887928930265,125.12860006155918
28,76,102.75103105968907,110.95499672217585,101.60186653048588,121.50475013148689
28,77,106.17571109666707,111.60717371172332,103.4262890959556,124.35390125037668
28,78,105.42671453897405,112.40214159636022,93.96829178496354,120.95207918478958
28,79,104.81316777462399,113.16703601224467,99.54755452807908,119.75528190299231
29,0,36.77789757159577,45.161930610665614,38.85649042001306,57.162872659741936
29,1,42.59738822045333,50.92569385278935,34.2180911260701,65.39969960078705
29,2,40.55739313560985,44.91380088714092,53.0808137731632,59.036224118372516
29,3,43.72980785268511,43.39266875110539,30.927053654124897,57.1789102619584
29,4,44.50234114335921,51.22835989621928,32.26124435199907,58.185005183209526
29,5,49.65450866265973,60.22328238593526,40.273162855945245,61.165902557161246
29,6,45.245469757259755,51.88787509863662,40.35973276465763,68.96427888065085
29,7,49.91038826103959,52.76472474866916,37.70489655203415,61.18953590880359
29,8,48.41692307221784,52.68985598821077,39.55471157692716,61.18491204526604
29,9,51.54489807127817,54.87359884918912,55.68648560827316,69.27500731696767
29,10,53.992218895919535,68.38830573652095,48.21871240135847,63.18825610889913
29,11,55.369736578357035,58.024345171325095,58.531058195417664,61.86653905194154
29,12,56.96739066560467,66.07221455991598,50.82193003645588,69.82671759187484
29,13,56.33737736028932,60.604249461217584,45.95927857080765,60.98040446468432
29,14,58.87774614605746,51.56243830463112,51.39501899888382,74.13776150432544
29,15,57.06767357848471,67.03835462806957,63.183908370666614,72.11179827150643
29,16,nan,nan,nan,nan
29,17,60.76768864949217,59.83172950064433,55.392407656396465,71.00179347030489
29,18,60.34679232776048,66.46683916039004,62.91298101409377,65.01410720100603
29,19,56.822958930211186,66.60946282572571,44.12765994115919,65.09504660422266
29,20,59.944555280703284,66.75311311883729,49.740257453693886,62.67273980611021
29,21,64.4451959535395,63.45918759002905,49.38103358634842,71.59924640084243
29,22,63.652407831712495,70.2993939212022,58.69439212317116,65.32229804507413
29,23,61.637403231689454,71.9569630253835,49.67231855529362,68.08197849733186
29,24,62.68702019818506,62.546661872658134,57.18849124030079,63.391617660414795
29,25,62.532316858353425,59.97469697726558,49.86461546754216,65.16948494824719
29,26,67.30624924270849,61.77648634073471,72.48238068703793,72.81139103671885
29,27,59.97985144060638,66.01690224648175,51.361451590714765,67.04023740451149
29,28,60.235652108155044,60.293453403081706,53.898437133711994,66.97013214739958
29,29,60.02012340644738,66.74186681448305,52.27020832430461,69.94001404045774
29,30,60.26932033362027,70.22030880282574,49.07535297744361,63.76236022313179
29,31,60.063565604677024,57.201696172984555,53.38418122608185,65.60507608547871
29,32,59.26343598292288,51.98338487743188,58.89194115803578,61.137413736016526
29,33,61.549666480578736,62.59031922057757,46.20557502882264,56.4551625067063
29,34,61.619812730762085,75.51436191205228,63.39585547180314,57.91206291702873
29,35,58.20488732825062,65.42501171236755,54.70760315437286,57.42266352267952
29,36,61.01534814564425,68.91886313283837,63.44767966640066,60.4387946113617
29,37,61.356680980644065,58.833715892770556,42.93748445922718,55.506981393278544
29,38,59.77711490427954,56.972320183189794,64.41027620288787,56.28337229828602
29,39,64.03977374768249,68.71149873035054,53.44107279367975,62.35117058087828
29,40,62.86464252956943,68.6422505191153,55.30400259232707,62.5043728200429
29,41,66.03621320962988,67.76594679537797,46.83410832246764,60.21671746042284
29,42,63.73318141320021,74.87138832340254,44.61398537219814,60.936618514042415
29,43,65.08484606069112,69.69818012670412,45.36782580652357,67.79598097502574
29,44,62.19055425879504,60.659574744838096,58.75393439993216,69.25158838208151
29,45,69.2497778592937,68.6149689177441,50.062061989180535,66.87318225949952
29,46,67.89540822484074,80.60755325233222,61.65800239684723,60.55339428399301
29,47,68.2572639249966,78.1801160358103,65.22036871793394,70.67913121384076
29,48,70.00505210227168,79.11256465835726,71.69157205528766,65.25674729891884
29,49,73.65542838023329,78.57276670755954,61.39149566794024,80.95395667089963
29,50,76.21727390407875,86.88597051826625,79.14233701200244,73.39775859275638
29,51,78.74905705406783,83.10583286028,69.41320342939271,75.78114526435552
29,52,76.112559218373,84.67067317111099,56.47202393551766,76.74918594935335
29,53,76.38264598237352,84.97732373588693,74.05200025937798,78.90318210419758
29,54,76.77877431857863,92.50725138020469,68.01127224740716,76.60434956821767
29,55,82.88586853958934,73.81154355433058,76.9923022787996,82.13459889391531
29,56,85.52710424654644,89.68119193661407,60.5129797342969,87.39360549318785
29,57,81.40452493836011,88.63547055741878,75.04163155489904,96.164433228414
29,58,87.84893181188356,92.18877792225479,77.43125237385492,89.5751692212111
29,59,89.47527716719028,94.54313467652304,74.67040599296354,95.69302454983445
29,60,90.34724975379275,85.76817775699955,75.06037837287545,96.17163311792865
29,61,95.42013163629223,98.29170075456565,86.90387048181695,97.15582564142423
29,62,94.24798627856742,102.55370448509512,89.09417397725046,100.57329262813273
29,63,94.14387959993749,100.53583252714704,75.5607331831739,104.88709846306051
29,64,94.13071769513427,107.38381796145629,90.17429226769367,110.43475423840025
29,65,96.40399689207378,106.21948278797629,84.1428313732085,116.385203281894
29,66,99.2995987917895,113.07724253851225,92.94151773783088,110.84225466926522
29,67,103.39385275385234,101.4786565977347,93.96834780420815,112.58337131808007
29,68,101.42818511649185,111.28945686791266,99.87531420016155,117.70118501151282
29,69,101.98004162634554,112.44702511864678,88.77277078125009,116.62889475876338
29,70,101.50392610889084,112.17043821517542,98.47645187195194,121.18586422731825
29,71,102.11303035468202,118.29429161100863,80.08511664546806,119.3957681312558
29,72,105.14419872330494,108.20858819029984,86.02539900116791,120.72965680273363
29,73,103.5148926167612,101.47846290290275,102.07353468363522,125.16546938447395
29,74,104.33923956710694,106.55363057104178,93.35712801820442,125.4859591131092
29,75,105.09463567685741,110.97371457096087,99.72847070334097,121.17677574610948
29,76,105.32044037705622,106.8087768279287,88.07954040823381,120.95054198411668
29,77,101.90227317106172,101.99188851752635,95.96494429569383,128.84527619070846
29,78,108.41635439523907,113.39466058237495,91.4835742861542,121.85592181419688
29,79,102.62381116197821,110.92429914660866,79.5559590168578,130.37679312819498
30,0,38.86236299250775,43.29445701364621,37.47131458322798,53.0303089791591
30,1,41.29504501567151,38.35971022326123,37.98085354892807,52.62987182563795
30,2,42.27249553698845,44.46171210242065,33.35785166090787,59.37924422485021
30,3,44.660964962035685,40.79215578853575,43.731348258823914,59.97412791444613
30,4,46.56225041944267,48.395673821514244,36.2037430773768,62.09713653053086
30,5,47.11208418963682,54.546835193365254,48.024147128223426,60.073084183090614
30,6,50.706193971248915,53.47218593865703,47.895220658468276,59.87013804027549
30,7,47.44055214634483,51.89365758601039,50.40513023680637,54.889771926600254
30,8,50.60623294183852,60.69618337612483,51.31152229466359,67.92289582082672
30,9,52.86196884229626,57.48778316880379,53.256929420112286,56.25101561118549
30,10,59.220209280187646,58.1173737958559,52.18205003708146,65.4640110559115
30,11,58.64011350465266,56.71141580436592,40.737245725923344,72.24859605796728
30,12,57.40271371507659,58.582363869455804,62.92993869510974,62.294606399339344
30,13,57.17210627453618,58.367033694960654,59.10662057925495,65.89898333006624
30,14,61.102437341588335,63.242539386809526,48.79468280818607,66.75936106489338
30,15,57.730109651568455,72.31084451541923,69.26681421504739,67.45504267620349
30,16,65.14541980393513,61.416270818900294,52.05937538078822,64.30275533263789
30,17,57.085142016578295,61.56244487357162,53.35288440124962,66.65713243857975
30,18,62.086586746127836,77.56344995161388,58.66903304475291,71.2008127556856
30,19,62.31113152046618,71.6262831569263,61.95514945518452,68.14976525763672
30,20,64.10642342746254,71.44680018381717,45.09642203950604,64.78339885813973
30,21,61.68181644349939,67.07995128700094,52.344109863708624,72.05938793203062
30,22,63.11351012359638,67.46099522964182,56.44257015910612,66.18269993575292
30,23,64.13517182277437,71.16188078263266,56.0340013848912,69.33403569998515
30,24,63.68370159872846,75.03981865638417,44.84196852036689,74.52043529060404
30,25,63.104041950760106,71.90021037928598,49.28795799285674,68.39816899514472
30,26,63.00810413211936,75.10410066388688,50.42888620372082,55.36425353484329
30,27,59.718166936661746,65.87450776126803,54.49269666347269,70.13490342084593
30,28,61.141033547881705,80.4557951865578,44.27541819554644,68.82198474659441
30,29,66.80255914861733,61.684567557218145,58.13893791401453,60.92048940156849
30,30,66.45628527082941,67.7811743613206,50.71881963666784,65.43622504671048
30,31,59.98521646640686,74.22281985904083,66.76620260936593,68.1249884902151
30,32,61.54075873355144,64.15891024344685,52.38944607888215,59.362173617845436
30,33,62.248281301317625,64.0322877019563,43.99239283255769,58.66772688521422
30,34,63.68837697968579,64.28463794417844,64.78984301888353,60.829060129755405
30,35,59.92338249637907,66.95718929008167,50.265018138619624,64.19492059989642
30,36,63.60314828999146,64.26354718917293,54.63411086182228,55.79586660466668
30,37,61.68558075641309,70.70194280007361,64.3588248697294,63.55813026004535
30,38,63.81428270960942,61.60057312659565,54.34231874911578,54.47704416624921
30,39,64.42063036223205,65.16114209987171,52.598645899711414,59.07563002752614
30,40,62.587287244834386,67.42645977586082,47.31324153750524,64.70498266528709
30,41,65.69686619347945,66.20254155343504,61.38882693859157,65.21791325617448
30,42,62.99563899157467,65.47575888536899,45.12424617389989,66.65377373333035
30,43,64.4986196260132,69.48956363338874,51.292335097851456,67.72623451662267
30,44,67.89254273242055,72.6691925185252,71.55489761094785,66.73539916082902
30,45,66.14037428082432,71.14208911915355,52.84214469518608,57.284011237550246
30,46,69.94976326327718,74.82671252736934,55.91665119947451,69.26104054218632
30,47,70.5786306945491,72.94058165401422,54.246729142663455,73.06959874727755
30,48,71.69429249789223,73.6610279714268,60.28506546121632,81.14822366916444
30,49,69.1103475094828,84.518958187096,74.5181509760071,70.7863244645214
30,50,71.62945358976634,77.99901852364953,73.97093100355666,68.27693699304035
30,51,74.03402660276286,69.64316395189473,68.70857445165923,79.35218104616608
30,52,74.55863574875296,85.8380163209637,70.83137745129375,72.42655471523956
30,53,78.36087177437079,90.4953207443601,85.195952529544,76.18084931088173
30,54,82.19171713534459,94.63329743193896,73.4488744839973,81.45599970433334
30,55,79.44556313216839,82.40361870264334,75.87519294624086,87.42214033366518
30,56,81.62640995297814,90.21822189187955,76.1631744625366,89.56825641423157
30,57,88.09073081820503,88.7623814518132,79.35356594899392,94.69050727161905
30,58,87.01663797418578,97.01429079264994,78.79452157809895,102.915986866575
30,59,92.93074846004461,97.72368351816004,68.32151924325524,95.53253434152718
30,60,91.41687168055077,98.42541409094875,79.99022265050714,104.1808249003832
30,61,91.31935575662547,87.51475613785054,76.41084006455416,113.04580727858787
30,62,90.7389532726093,100.08798470847596,91.61403942311335,106.86285970025693
30,63,96.47818857046285,98.94436781200166,81.49130169329561,107.58656613573089
30,64,nan,nan,nan,nan
30,65,99.1626891464083,100.45107869397148,96.57516829519314,110.53769784856311
30,66,99.19923665669933,104.14004910361314,88.2809078534365,112.47205761314729
30,67,102.9099444070536,107.27936655412104,74.15824881148012,119.9682775457744
30,68,103.13939232657332,123.64404052279556,93.7753866852287,115.07338206278568
30,69,101.31402571064416,113.16404127881268,88.83482046950948,125.93793073815272
30,70,101.1285411258328,107.09027934743838,80.60840866073562,117.2332319116975
30,71,105.4977499608161,107.01340820704236,100.92190617791067,119.3122002771182
30,72,110.43297158601997,107.94274876350806,100.90271558856458,128.02458117908088
30,73,106.69015749746762,108.4693147590764,88.93491730352224,129.07464698563322
30,74,101.15748114909172,117.48507387535436,98.48807421721575,127.26560463056913
30,75,107.53484931599543,117.23540184866134,98.25280135769815,127.64548605442914
30,76,109.91636461647782,117.48440207150814,93.41440725340424,130.0242470473616
30,77,105.42939878593842,112.51726572686256,94.98264859872205,131.40894245356043
30,78,109.87782972809582,110.6680018102928,86.44100929852952,130.01789819909507
30,79,108.6450215216187,113.59132005314595,97.89162061276072,130.189876897638
31,0,45.141510191264196,46.179587522511106,37.57032201685233,56.138198606898726
31,1,42.81133931948551,42.15610818009408,41.92578976459146,49.98323797291802
31,2,42.63570240336695,51.56341240766534,30.54033268911394,54.13743375423787
31,3,43.96368468721226,51.4938436082022,43.74558580505227,65.04835706103015
31,4,48.86293877470091,65.57438854464276,41.62808230210896,62.78971259234288
31,5,49.354379787486,45.87002570733997,39.191160036917836,60.61593769823955
31,6,47.48209678482701,56.6238028735443,49.960072616941346,58.65375807636586
31,7,48.21348559859172,63.53396212663716,30.557131089969022,69.41415600483896
31,8,52.89333629152227,55.058153320572465,52.9845759796151,69.97823371421612
31,9,53.390489662663605,61.42128890760037,52.159711836978175,71.49949105616516
31,10,53.42531343706636,68.5992767315533,54.02871517642201,64.78459179603357
31,11,57.530182412220654,67.58052779410814,47.61049883436618,62.544153956322276
31,12,57.611119169087765,66.93437914391487,48.483103156270595,63.14228123791271
31,13,59.647856869948164,60.542011845870626,55.53118977810864,66.56703774148856
31,14,60.11789016919888,55.46432770044335,41.77230978163695,68.77119746379947
31,15,60.375850267319265,66.91593300931196,61.92963942080163,66.3013928364312
31,16,57.735515438045276,54.75996450820453,61.601376964384194,67.94402626341724
31,17,62.252835803693436,67.94931054917106,50.94235577844617,66.9265446780688
31,18,62.73677225345128,65.30028370999412,44.66167233624308,63.51815227320419
31,19,62.036789772710385,66.72366450661615,63.26875215756398,66.56188037090895
31,20,57.768457399625035,71.8253685367042,60.6202719296605,72.20726431846137
31,21,64.90288729276405,73.0875776328214,42.526741604970155,64.72472629685937
31,22,62.530537383193575,64.77707757113494,44.22415070318296,67.3226707577876
31,23,63.761976759795466,72.26479781928231,62.25398375493779,67.54255363005032
31,24,62.24267116684924,64.33121541942006,61.15709826514057,63.956975830611164
31,25,62.15063551216157,74.21398931254674,45.56636152901464,66.78546524982467
31,26,64.84296130066981,75.61007638358257,49.370853340286956,63.42063574304052
31,27,60.77970226450195,67.58171245276914,51.99766804712242,64.78512913325596
31,28,62.16395610763343,71.99028082927656,52.24584102449813,61.68605970501079
31,29,60.79312658404888,74.40513110670732,66.34558333072334,65.1718509339699
31,30,61.79012565590468,68.92358744035675,43.0402559582174,58.924758554849795
31,31,63.532108114437804,70.76567348607986,64.56379825598773,68.57113665379799
31,32,61.629421116902485,64.03852914585951,55.7200694174526,57.282061008347476
31,33,63.5903149150746,71.61343776798884,54.73983118424674,67.61171139041201
31,34,61.96945161925387,58.28144532908492,50.16902605203849,64.46336864267785
31,35,65.04681804045622,68.58646290010239,70.88910233096091,61.98543607900648
31,36,60.498382656447916,75.27518010110829,58.610564512150354,62.79539408986695
31,37,62.12043922229242,61.88729276157427,52.82054169506414,65.70990244190719
31,38,66.82433741819546,61.81381568524192,48.711004753268455,57.73597528745242
31,39,62.49882231132046,70.56251466673737,68.52449943630344,63.89385352037719
31,40,64.49084929506785,71.97047273820893,64.70792519799014,61.81895921174071
31,41,62.814000161948,77.24684132951758,55.21525635168269,60.79296634076173
31,42,68.82247219430886,66.43862785432552,63.8273830837445,69.65295844501094
31,43,66.24938325005178,74.59979309192258,65.69384825147267,67.67470971939382
31,44,65.96233000126766,70.09955122903514,63.20947429567319,70.86846514593589
31,45,68.5829741491181,74.04804991644244,65.63317885315647,63.98317040839081
31,46,67.95039371357714,69.01939720272883,64.75845886351179,66.13538638456232
31,47,71.92521379778091,75.097582351606,55.910172908220154,74.99703521912504
31,48,70.33624395782054,73.49114377260076,59.36460228610498,73.18481173460283
31,49,72.75736987384656,81.21266672748449,72.38839333261744,77.93141060694387
31,50,75.77853319148004,77.37272784789893,59.91760216494188,77.96922950763197
31,51,77.05684348679057,89.47275279970096,62.32349915133918,85.73563549092712
31,52,77.15223001125163,90.62697015212018,71.58559391230635,82.87258498576438
31,53,80.60407805767602,86.17153565978433,67.91588488199291,83.6040889622716
31,54,82.53675145701509,83.5405598231302,65.78765153352506,85.0681055422592
31,55,86.49776125496106,96.69183064697476,78.21441543616368,91.37504444981921
31,56,85.08593843621748,90.7103393200244,79.07213747529664,91.20770841122692
31,57,nan,nan,nan,nan
31,58,85.89471115911535,95.15779777518442,83.93733885233065,103.22265465358538
31,59,90.00219130673071,89.02856466362852,84.54537183335805,99.17967249033003
31,60,90.6345527808401,99.45946826672048,84.0362922345914,99.80051420670449
31,61,89.77358833295872,106.66004948315779,92.16913595972181,105.21966551468259
31,62,95.77745359632074,112.20220949010253,71.91917012570423,105.23248466105994
31,63,92.2943651790008,98.37021519549012,80.96800761615972,100.32537403136746
31,64,95.28499274496868,102.79899884903925,84.7366939330676,110.40682788612354
31,65,97.96789074110583,106.21921064743712,93.53392978844278,111.0081306740166
31,66,103.73266284101658,107.28203850810824,89.90893670806823,111.92271977425251
31,67,100.94251659529485,108.8424914435491,89.36884166317647,117.45381048616507
31,68,100.58943707077363,113.58235835211137,94.95266613944966,119.94026500696489
31,69,104.34087066706276,109.62572969946451,101.25261391262615,121.03445298446643
31,70,101.43751598251124,109.76952574629652,97.65353317828158,121.76331241563035
31,71,105.90233020873235,118.12998784601993,87.4004253432595,125.97556808662989
31,72,103.45636654557885,113.68566559713597,92.00944381983831,121.72181734792156
31,73,105.43247294187738,113.90819691870315,106.69231493492023,130.18756316455003
31,74,106.49095698621927,110.06150556612236,96.92304019658401,127.71631905846695
31,75,105.68220322771023,109.11721346880951,74.79410616659271,133.5607760768805
31,76,109.37855721413258,113.95336735025383,98.53971114939647,132.93226597380905
31,77,105.97798760099876,115.06021040216511,96.83691139535497,125.1353014466684
31,78,105.4644179292343,111.10644823819477,99.59302316254472,131.01625652656864
31,79,106.37755229704311,120.42089035271196,87.83248836420867,132.74241470780075
32,0,44.40892022241019,55.56408646198433,46.22565728641563,55.283114589551126
32,1,45.42518929727855,57.63888778207411,14.979934380132619,58.00138909154927
32,2,44.225531815469644,50.627255618100236,27.6705747234705,52.41568344610834
32,3,44.92695763241901,53.056072739110014,41.24080679477578,57.38598652008485
32,4,46.337025178582884,57.65155311087671,40.089467488176766,62.7213429045215
32,5,50.581461089977594,52.95228710480038,37.14410098523557,55.60956311450117
32,6,51.72750465693599,66.18556788166403,42.41877793846229,65.47055127303094
32,7,50.24433478759574,51.98672520363527,47.48209078950228,57.534112323120965
32,8,53.959342085184375,57.94286912013099,40.50666420805348,64.8573775996392
32,9,55.306628237310036,59.0808509008301,48.071409859864126,61.77884284245801
32,10,59.06436987752124,62.06532916059908,44.40084264975084,65.50962493987157
32,11,57.86801667213843,55.03338971481448,45.545944850178806,65.49970908656886
32,12,59.37500686991489,63.49948585685362,66.23210071570647,61.865892330504046
32,13,60.84654731767307,69.19235371885306,55.29824930389173,70.65644992386936
32,14,58.388311647324855,69.56478331040792,50.97279942746375,66.95691131336413
32,15,62.65582289715875,76.26463741524014,57.50335204681253,73.75570986796342
32,16,60.9444864667289,68.07462747926779,50.408746771225914,65.36962073678968
32,17,63.78405080769448,76.27491364714223,51.32426275508533,70.05351211773068
32,18,59.19927360871914,68.49340794758909,58.848232510115466,64.90670899584184
32,19,61.001512423058,80.41991466791359,66.55255109533898,67.72480097747977
32,20,65.80359614454682,69.084719962038,62.2001670962198,74.94758972456918
32,21,66.66494806830697,78.04342894044069,58.7228862950489,69.64017301846043
32,22,62.34851467778127,70.54597049053022,56.2440133160361,69.38884924087107
32,23,59.7600326021193,82.3470282104287,54.261022650694386,62.08127178134756
32,24,63.23759040058811,69.41437863098,57.65497669575953,66.65372685522955
32,25,64.2218044695796,65.5419527339148,57.504271845002606,70.5268880699305
32,26,65.66195786815236,67.31623244841296,55.74134544394104,68.58181900563909
32,27,64.63281175289417,64.47282661303862,56.93444484700844,70.06031027587758
32,28,60.986026694153104,63.48650015500158,60.486271974077674,72.25510423321327
32,29,64.09664842214269,71.992251784996,51.17045778105476,66.27016159156823
32,30,66.6502162924711,78.49797880803204,56.78204236057474,62.760911432496236
32,31,61.90223066002709,65.5464446693925,59.35371788455108,64.20318935702213
32,32,64.59330171774118,66.53953525936794,58.858880852661144,65.26712800217707
32,33,nan,nan,nan,nan
32,34,63.539196667693744,69.49982423300885,59.71063900573134,69.00612907290973
32,35,63.95174454969109,74.90051660523406,67.99575587643632,63.9354185824038
32,36,64.94858079773766,71.10257502057755,54.51729156618445,58.402467516373314
32,37,63.97525300087226,69.9028276820924,54.26282512196066,57.772501834898094
32,38,66.36337416284267,63.201176584225365,44.810142374425645,62.540212092637766
32,39,66.13019788494789,68.07660094505846,53.2643709530922,61.943223862124846
32,40,63.026551215409626,67.54292069697574,60.90771835667133,66.48162006616211
32,41,64.70175582415622,71.25860096400122,56.79239007215716,63.16008562513257
32,42,66.51465570252493,73.08540772760762,70.4485049607865,75.64133050118554
32,43,66.7934621015923,68.8325199228453,57.50571667247101,66.16498083792133
32,44,66.92501482093117,76.69411983199325,59.71879657486377,68.12580482110923
32,45,67.6773462513877,79.42027740352387,62.624947724352296,69.82456227924241
32,46,73.02685294386924,76.23707134967206,71.39188418335283,72.03963577108456
32,47,65.08218863968106,80.36932583947424,65.19161406328396,73.7397289585125
32,48,77.20219830687395,80.42286705672568,74.9395443053896,78.75419004894758
32,49,73.51153815314952,85.0554974321992,78.2118129146801,82.42246870499855
32,50,75.92255363790015,85.53076711995702,66.63682616710356,79.44392178282115
32,51,81.5891816751948,85.96875431286426,74.0485076729903,76.67900386941878
32,52,80.83089089710701,86.84518143022302,68.06816247793411,82.70881319444648
32,53,82.46083829092134,88.04937327419165,74.32860707309047,88.03674587519534
32,54,81.33153608677135,89.31769135182888,66.5240190062706,87.98822086646109
32,55,84.34424150398566,93.20691403887929,67.94127467006976,90.97540831701602
32,56,83.91475429761175,96.13556506197165,69.70353661765321,95.66855422819783
32,57,88.36216497623066,97.77723340390358,73.59119962026556,93.59727840911559
32,58,88.16490321019599,86.69305951422542,72.05299309998873,93.68088908853686
32,59,89.52023013709767,97.31284930228577,75.27652715528507,96.47757706950809
32,60,94.4211749687542,92.64054486290146,77.53423641189555,102.28306573777411
32,61,97.2628917196072,95.18556477576463,77.6818585232543,111.20194607734956
32,62,94.79411318958653,96.43076438030059,90.45869910550691,109.69460316728825
32,63,98.0828575617248,96.80993911714154,73.55913850590528,106.16187591379096
32,64,94.57913945901235,105.83421372321763,86.92571736626545,115.21783036755255
32,65,98.63275114897321,105.13994847805903,91.08304186310458,112.85353122877736
32,66,98.80016359905999,105.84687369488138,100.99939653607385,117.98460137992303
32,67,102.8559387381608,111.59861853640936,98.67330421118261,121.33233573236946
32,68,103.62149936011701,102.58833584027958,102.86540851626725,117.4241335210196
32,69,106.92135309242552,109.9639402914922,87.41919497686042,119.5319391118998
32,70,104.583436827442,111.75842117131185,106.1411324628952,120.9454470832833
32,71,107.27799566743931,124.24153824250986,90.76202353775108,125.09497733087214
32,72,106.41416073614229,111.34018760244871,101.26887127208195,125.41415800344782
32,73,106.0926140153911,124.60830406941861,107.98014589037405,127.9249601326338
32,74,104.64652535949804,123.07917891319931,96.92104316825274,122.83346761847282
32,75,107.50166427334358,111.71863068854351,103.6324779930239,121.54462493440934
32,76,107.47969961441571,113.95831596694973,100.56915997038502,132.07177830491895
32,77,111.3583907967408,117.14556077030534,89.50476922794823,132.96223813357886
32,78,110.84025596916315,113.31611620835696,94.54086888192765,136.06529916212781
32,79,108.4956240841531,113.76195569998349,86.21801111957187,129.78501623830695
33,0,41.40322637819135,49.80434348925014,33.191564206833135,51.92194647342928
33,1,44.77996201872494,49.35921913104213,37.832810469753284,59.49802293109151
33,2,43.68075145320718,51.401630414153054,49.37981415982989,61.893778008077774
33,3,45.32346767772094,50.290284240354005,44.25073349468781,60.72342489591315
33,4,46.66475345560818,50.60079424465667,38.357164169027826,57.57842751559445
33,5,48.96849422242061,62.163692905667126,47.13127174867012,62.694926686083285
33,6,51.25942583634226,49.610788514657294,33.274973224634536,68.53674812385361
33,7,50.658724161956926,61.288161427524834,49.96603676878438,66.72282316621784
33,8,55.171500007346324,49.59552213829082,49.33244395574743,64.94543151550045
33,9,58.77131126868287,57.41970752552006,46.90012358407961,63.98631311244163
33,10,57.69343451974149,71.56388898955704,48.45807015988057,64.71483705850801
33,11,57.201173454749174,69.54429737201048,60.300883316037684,62.988648993701425
33,12,60.234173662682416,65.38178346810946,59.48148550378596,67.94111424302619
33,13,59.191506957854976,63.53809454804303,57.045264072985624,69.78975525920157
33,14,60.029102160896365,64.4502336451846,47.644044394130646,69.45318903642483
33,15,61.639579332785935,71.87014492147574,59.8773741880486,71.5741167145057
33,16,63.92144725018249,63.403312762732526,52.948715178606776,64.725272375291
33,17,63.27003939808357,70.63827414850473,65.66270512287187,73.91099347141765
33,18,62.519283064007865,70.94036012893653,58.35778748909811,76.57078998451445
33,19,69.3624294903305,71.87833976062467,55.99291615805405,68.55624639277197
33,20,61.87208472620103,73.47336095395758,62.248621229368666,64.04398520944459
33,21,63.44810415593121,74.32974450449973,46.391646174655854,71.3582134034041
33,22,nan,nan,nan,nan
33,23,65.09025009339307,76.15327918121264,61.75745959627648,70.026537649913
33,24,64.62397745239835,79.81906464953315,52.163226389684866,53.71775006066486
33,25,64.74005405378858,74.58900948295937,58.27584917335266,71.03583137107762
33,26,63.70717669276925,74.51200512527322,51.842508927667495,77.71062477470802
33,27,66.13215879230559,71.48379005053835,57.88112504693977,66.02071844085191
33,28,63.48011973819475,69.95308361918573,53.59670947229729,65.28537831810613
33,29,65.16938012333081,67.9598527930318,48.10462653022438,66.38950730408573
33,30,64.30856653088293,79.27839234683486,75.26923703618294,60.91979217161883
33,31,65.97965231031375,73.3368516403154,54.712791384253464,65.65423339079977
33,32,63.359082529675305,67.80842772332593,60.27348180450185,68.50488121778602
33,33,64.12531558326314,61.63255930206169,52.16159123245859,68.87710112824176
33,34,62.171872450561395,72.41248205907702,57.69909080862839,63.020274101569704
33,35,63.95664487127566,64.74101292130479,77.9359235875974,57.877266889082705
33,36,61.31706806818684,82.45962017831556,64.79987891003402,62.5637069038612
33,37,63.30498948719348,75.0531998171242,64.64928243360751,72.71147882698455
33,38,67.73795316672812,68.56586912393949,51.70426058797203,62.488990190970966
33,39,67.3329293357621,69.69172469019429,62.558725134124316,61.04478097453778
33,40,67.68380955330788,77.64536750578813,55.71639470424777,68.35526239802414
33,41,67.6962207852445,71.7331903890767,63.85857936372703,68.99905803239396
33,42,67.0897056107883,67.98624191462056,60.441811596710934,65.02698144732423
33,43,66.57147003177866,70.69541585068808,63.80883504094921,69.36057197644257
33,44,71.40489281039027,74.20824885291017,63.0939948166685,70.76365580924488
33,45,71.27834605960885,79.5596412240541,54.366103433327964,80.45295255624912
33,46,73.20867944781132,78.93091236005031,71.0578284819441,71.6092869601333
33,47,73.6766728164787,69.70042818764534,79.54894436425187,67.43132319562301
33,48,73.88971613865998,72.72398640906383,61.212814400098516,77.90996300155848
33,49,75.7276926690678,82.48082219329768,71.26066666011113,80.98066746235257
33,50,75.088080780623,80.45876215088842,62.19785428929386,77.90529641781964
33,51,78.475676029425,86.54275316032778,59.27824121701994,84.27532107981239
33,52,81.30288502290583,79.66737398523887,78.36579696411954,83.69672526472614
33,53,81.57337421576587,80.80036785017016,72.0348646293563,87.76573005823157
33,54,83.2459183406771,83.456219743476,73.32886475013647,87.51744876522021
33,55,82.13610949216337,83.87784370875512,81.81686682560805,100.24521862983596
33,56,84.91315353103954,87.83984449421153,89.15530112279916,90.47940063770201
33,57,87.32096729539073,89.10287445117538,75.26476881312061,95.09696715209883
33,58,86.77679296273801,91.66147886879587,79.49596761964,98.17909347136002
33,59,93.66239007091436,101.46788645280736,66.41462609654371,102.74276577617975
33,60,93.39332781806435,98.8989864922911,76.9822490488426,107.21337520695785
33,61,95.54858991271657,103.50546210460311,75.04567229248009,107.84166336040187
33,62,95.3286174474063,98.90347840536262,98.61521257065118,107.0400720261688
33,63,97.93061416142001,109.99766868838147,89.23567571224154,113.88633547912323
33,64,101.28253985320683,102.863661170352,85.91120188770559,118.74343481104854
33,65,101.42718124984414,101.89185876267862,73.31187033976444,116.73680783817125
33,66,106.75869289202178,101.80656105506802,94.70098648867197,117.78469816317677
33,67,104.53515495636283,110.48641205071546,89.40120195596688,119.73229601589962
33,68,104.5125487307195,112.61475296054657,92.39867059193922,122.13877146041366
33,69,102.97766984402782,106.35501790740082,88.4895717361281,127.75957029645531
33,70,103.74024881671848,115.17449525283446,90.94017957986307,131.54113589747527
33,71,108.48215763545608,115.30161476027298,105.88624296469041,123.02866956219765
33,72,106.91166823737808,101.68016933343466,99.03980187298889,130.17722169979282
33,73,108.94985952423748,116.67965205862046,100.34145201109166,125.0670755170707
33,74,107.8061340107298,108.95178788381017,94.24446288976458,131.9855617413045
33,75,109.71722182738242,113.8002841724329,94.04436685371985,131.61386467017408
33,76,112.54768445781141,120.51174620560141,95.75039032328674,128.92212354083372
33,77,106.81615343881937,117.32619560420552,93.36084204434096,129.69663290832162
33,78,nan,nan,nan,nan
33,79,109.12791914355573,114.9851565540627,108.56609684067432,137.4098671525332
34,0,39.785695369278784,41.47520429687428,51.378690297482905,58.883519039045325
34,1,45.57275332040178,54.90683368956607,42.34435831185587,61.06820703196222
34,2,46.842631039668014,42.31605606128241,36.5107613609589,58.563465090266654
34,3,49.18311131810243,58.37878389349379,29.957307313927306,60.946793989134754
34,4,51.603116369016526,53.914852449296085,36.58371705311475,57.216510316204605
34,5,51.95276432698211,57.70222107294669,45.7451971504531,61.84989019650966
34,6,54.45813953797793,63.14125501347114,46.46560408874921,59.36719352617256
34,7,55.51601114877364,49.71820606815014,44.0230234056206,68.48390277921732
34,8,55.04009982443919,67.53383512242058,49.48204401279382,69.46359619422924
34,9,56.89534977985146,55.70299662625246,45.41921719466358,70.59600414484753
34,10,55.26535208392298,68.17857532814968,50.33624547813375,68.74741864936455
34,11,62.92891094683706,69.08190770700502,51.92077916179602,66.17203342249435
34,12,61.007492228707875,72.1325236066717,59.54559563309864,69.8455708483192
34,13,57.62210609213867,68.9586247636703,42.599642927446396,69.0845217581862
34,14,63.968406132352264,71.34080812085605,57.339025462485935,65.5973101848238
34,15,60.39124488760886,74.4428031540914,50.954472402730815,71.3664999729922
34,16,64.15361662626519,72.11821922118726,66.27839350510402,68.78078056761618
34,17,63.57257543272343,69.64746317624049,56.817490365031674,68.82465060846852
34,18,65.50544991295126,66.8990555179809,57.19841556063379,70.3855131851767
34,19,65.85494693172146,69.30367466148758,51.92310466162158,74.88659146918543
34,20,64.68088331975736,67.63627418199694,58.618854884783595,67.56780790814271
34,21,65.30868748371441,65.62251853727153,65.15436350589448,73.10777036934182
34,22,65.89881151098663,74.6080893863693,59.721792213106106,73.39523297379124
34,23,65.65577861748098,67.64332659366713,51.13379076302601,80.77271024116612
34,24,66.46922244913536,73.88841503447334,44.613335713928,69.9468462911562
34,25,66.52335068889468,74.16346176205967,68.69044950098309,66.7504810356297
34,26,66.16322290959289,65.3665997768722,45.26761910907574,67.03220383612799
34,27,64.5108888468188,73.61842360340093,57.62376605413252,69.67137625279298
34,28,69.29845230033416,70.59212350028943,76.58089433336136,75.67258640168778
34,29,62.71900838717399,73.73349162511413,52.41078690505846,61.3013591741796
34,30,66.45854745149313,62.32540602596838,58.676840646835885,68.83640612237883
34,31,62.30264843128953,60.7880633579335,54.18730219528769,62.460946098704696
34,32,66.6592559001381,63.383057307644755,44.698802610197575,62.10666237433724
34,33,64.7992227622885,75.35761293962334,53.789132661749974,64.48337534513661
34,34,64.65996083377802,68.44958246201979,67.26158527649827,67.02400411041256
34,35,64.28718873602692,72.5023186875667,64.69105965791549,65.93542267251102
34,36,68.33877559703085,76.35943103523759,66.6456129138007,54.4680171736086
34,37,65.327902955584,66.83364667477738,57.60642904167205,67.18988260242682
34,38,65.22020119026088,69.80058374775383,42.29522313458428,65.18770528693126
34,39,64.57926470273607,72.17876419593846,55.95790603008947,66.36653402085334
34,40,66.63889442383335,75.54965984891925,54.68795122011617,68.44278932410619
34,41,69.31390346276264,79.85956950416158,68.93357858586235,64.46607422862566
34,42,68.65538985667544,73.42690962238426,56.1556403425011,68.94423731807866
34,43,69.58776838421711,73.82710403186942,63.20479900065284,82.20867118912017
34,44,68.0279277363931,83.45324718186245,61.475899099591786,69.77186072696456
34,45,69.27862291839112,82.97093353056562,59.89760941558675,72.82512691421786
34,46,75.86107128920167,83.6511891372782,81.40202453005239,79.19111182757534
34,47,70.55211173332131,77.74672105860994,68.68907324829803,72.54466165363459
34,48,74.7599076939435,85.29358384669963,77.40998416080919,80.04977402137506
34,49,75.22922059033041,93.08420650382533,69.73999777556881,77.01630161214987
34,50,75.9573887791782,81.45517920460077,72.6852682568536,81.11673589063994
34,51,78.54938046861696,83.65679048224722,72.78415043968674,88.64421824031272
34,52,80.73905013586065,87.16120561174301,70.14005140245881,79.4444094375076
34,53,79.20255348665987,89.0824602987923,64.80698783947378,84.0798915332958
34,54,84.58241134421635,93.4475881980626,76.8220249294689,96.56509109614255
34,55,87.70710312203828,90.92767966148759,80.37157817520448,93.3853280555561
34,56,87.47737848506293,89.90288594312628,93.40380519938383,97.12548949530078
34,57,90.53455972633728,96.34256589965189,71.88544178351319,100.92552302497585
34,58,90.94342895926899,96.77770680975217,70.75330287227105,102.75072754718352
34,59,92.19530616468433,100.69210589439086,96.00607698090094,100.46644554518325
34,60,96.38893573786744,109.92127682951502,80.50223217742302,108.50839708168931
34,61,98.58882355103225,110.05762874038273,94.91849286014978,105.69245740047714
34,62,93.5497352335033,99.83472053684224,87.56977216571973,114.5405161990244
34,63,96.49672220070396,107.45756217332868,96.21627257887788,114.65433730284738
34,64,104.75285244777818,108.53830241249554,71.95629633069446,109.01292716565527
34,65,100.16995920295558,102.90096929466009,104.51104488067033,112.66098184462449
34,66,97.9647286745007,105.96035165673649,96.92080020150748,120.1797519096667
34,67,104.49118407987109,111.25749905808199,95.06049963606256,121.85193148739612
34,68,104.63698993715103,109.49877271001293,86.64576902560562,118.61877446458
34,69,105.03173372776632,111.10721053587986,97.55185388821101,120.73300338593393
34,70,107.55578094827656,107.3108068303669,97.0385066325214,127.92619760389931
34,71,107.54102305520716,115.52136435986473,106.64598955898042,124.19135901247529
34,72,103.28425620551054,121.7891290239771,103.85623841908362,130.08436446894788
34,73,104.24944068334446,115.77531422746951,99.35800626892423,131.29586101955672
34,74,108.1403063504404,115.21454197542182,90.52933055535915,130.71321990745017
34,75,107.17111193949857,121.33729557917124,104.02136731207833,131.67104452645063
34,76,107.65458426175506,117.55594608059342,96.0682208810166,129.31159969918824
34,77,109.15475973494658,121.54306977829336,104.01208784848993,134.65292587027585
34,78,112.01651786849985,119.13696546376693,97.78543029647635,131.69055204358054
34,79,109.36014895133906,111.31175326452048,88.68550091711528,137.08537512008536
35,0,45.14045539033302,47.677235738632255,37.01622296623407,57.627301397135895
35,1,47.3337024816784,48.172153799641166,40.8320465254652,57.762706025985686
35,2,48.94491508020094,45.744989416533855,34.22052163776986,56.280639265214496
35,3,48.55647466369657,43.84419747947801,33.891034757268066,65.00147008376689
35,4,48.66115486931748,57.782439002699306,44.918154757900425,62.630195234388815
35,5,50.93508751658607,58.25417454156962,31.90330388613286,67.76558524206263
35,6,53.218122367336946,63.282086679340935,51.210653226765906,66.17146920475571
35,7,57.16976467416218,62.42156334161927,42.4795886016843,74.14378319684242
35,8,57.70245226418612,59.37234627343921,50.84469077074854,76.52903227892567
35,9,54.482380974846365,61.4250051206074,42.49415984942834,67.3690585512085
35,10,58.61663837539788,74.71860506386308,58.648281111840575,60.12539063463398
35,11,58.31474592195922,59.35988539900925,62.00083587587574,66.33202850668839
35,12,59.63059588700888,69.33516985266102,57.42991692523893,72.80795239399589
35,13,62.21934877106989,63.57685600634869,55.25924654105724,73.93088897226903
35,14,58.06974563650665,69.56178517749481,60.04057945553677,65.81929791852576
35,15,65.79802966908626,72.31724281814684,51.05408462383403,76.73513851795185
35,16,62.33882125199598,73.28837659919611,67.62027329432067,69.5357171088789
35,17,65.1060321510989,77.22930233314239,46.18930314593745,79.19116173026909
35,18,64.9962916844684,72.0452245463002,62.49512818967877,72.81103997828079
35,19,66.6540142153171,73.16474219535878,59.94877656457723,69.94320921776846
35,20,67.66025450963322,69.50316797355792,65.07850837710536,75.9734435383103
35,21,65.5199208206871,69.82031035105763,61.75388185133853,65.53585148316574
35,22,64.90756645770924,72.14325372026852,66.98554716708331,72.52119368931102
35,23,66.8514475240704,73.95778962332474,66.77939442505732,67.98337250319688
35,24,65.40436629229382,72.6105751827718,60.82634476501845,69.2714671154518
35,25,66.97945306910131,72.6670074094012,63.02572423178688,63.223073657774016
35,26,69.919770404323,72.49418582275266,57.8813710322229,69.6968511189104
35,27,66.17567231408664,75.42543821246669,59.9661305451006,67.83005458435186
35,28,65.1933492107758,72.76692414800512,55.24966372351751,59.12310129014068
35,29,63.2881408987987,64.56944316328827,60.401744528167875,70.60902340993569
35,30,67.76624382838637,66.44037080393466,56.79671159226498,58.37415330464856
35,31,68.74984399746701,66.57511737605645,61.73536157804666,64.84216839636758
35,32,65.22667531456857,61.36217822665847,51.03047739863037,72.0803785998527
35,33,65.8232886565529,76.43790036716149,49.351405690195755,66.04908549755918
35,34,69.28268076157386,73.76795786936027,64.65161147413285,62.482920996134865
35,35,65.71536999440849,76.31809131627692,60.73587229121124,55.93852948702939
35,36,63.89971401778386,70.83620826082978,67.02004203497857,65.65437326625535
35,37,69.00577324687517,67.08627815348692,59.50271323365393,64.8256971974236
35,38,66.46185651131974,78.60193252692606,59.35666761375749,67.41478652550234
35,39,68.01934200808194,69.35196681287377,54.315515387271034,68.08304573182272
35,40,66.26404274534866,74.52999757800445,40.955182080733714,64.27978125653482
35,41,67.82205801364866,76.27123911757046,63.32032299729559,69.612823674866
35,42,69.43484803306333,75.5870907326285,65.93056781935138,70.80599748300709
35,43,67.2843284499705,78.29626689029188,57.28723448255903,64.9369541708878
35,44,70.69038291707065,87.04189261389217,54.630395719726884,71.90355919094793
35,45,74.05702209719975,83.44679659604563,66.16519379546962,75.38863426339043
35,46,74.5074665171783,75.00706537906592,59.49584270865835,80.07484688731891
35,47,73.44636447613445,80.87071113387218,56.61037820614639,74.63334165394778
35,48,75.76283830245504,83.91790760289206,62.86013897787751,82.86949153462089
35,49,76.48452003895888,82.79399909240185,63.5583474884954,76.88140985086943
35,50,79.17219417770349,83.03175106971862,67.78390677576972,75.9593759280682
35,51,80.51717896777166,94.43841266487127,75.25482623442447,82.19291944167706
35,52,78.93780414148252,82.7698406333044,79.87412410383284,89.75571253076379
35,53,81.37416172579873,86.76028228380541,56.94917809210033,94.68972642416745
35,54,79.82685126065908,94.92606048308586,86.3362960801511,89.1932433828966
35,55,86.03287271996273,99.14725738684429,79.10845823643233,90.48629229801462
35,56,91.32357092529723,87.24097684232383,82.3557437506984,100.66772407477823
35,57,86.99767931458722,97.86894186052784,92.20798263903166,103.28980403764872
35,58,92.03576551590389,102.04437581060526,95.68153073748023,99.2809222062685
35,59,96.31487920526726,105.29446244397705,81.62557376654293,108.67262614369459
35,60,nan,nan,nan,nan
35,61,97.67903972754587,103.1807427691415,89.75645627563155,106.23773820580772
35,62,96.15486475390624,106.85319404494629,94.58400591481501,108.6076267886215
35,63,101.49421531352567,109.90735749949677,94.21406514822492,111.0280289796343
35,64,100.47689410960248,102.13059760511533,97.39587197203019,113.94388936142498
35,65,102.97815056954911,103.72934358481315,82.18742147592502,121.01518640196112
35,66,105.71349168941062,116.36285699933697,93.98148032093428,119.94621855708851
35,67,104.0379997532369,113.85023924066246,99.07483087693745,123.37182456286801
35,68,105.43594006835099,113.63750658530834,98.35243724914197,125.51028900896266
35,69,104.92055069107941,108.02261104717584,109.44306572522956,129.01628101361345
35,70,108.09027699090538,113.29988113572787,97.74245234210821,130.8799089614202
35,71,nan,nan,nan,nan
35,72,111.46231037154872,120.46993088056979,94.82592565378604,135.13828384467374
35,73,110.52260766866893,117.85405785517045,95.7470001788032,130.83991601471453
35,74,110.05378586390603,112.05542855732583,104.82695851771965,127.3419751212783
35,75,113.76001307730434,122.69974017477983,99.28968844252937,138.49035346179946
35,76,114.21537025475493,121.09092990441358,104.75802600634499,131.34375461929156
35,77,107.48046175567673,116.10984921483373,100.06914457286526,134.85123954513546
35,78,109.74614255837162,117.6732078412494,112.81116242935875,134.37184826007098
35,79,114.11395789069256,124.7765917634439,94.04598847409503,131.36618869251342
36,0,45.973222891126056,53.81713318985578,42.570738061325436,52.52244420915794
36,1,46.841944138661496,51.314239924421216,44.50736891998671,56.63220264682877
36,2,46.891588348058804,53.229400231769844,46.51025303802069,65.03110564912417
36,3,48.83999381381686,40.85912578181184,49.663893288647884,64.77973961174655
36,4,53.272046210164525,60.099871954766854,66.36646103075637,59.243326661133565
36,5,52.44007167268681,62.111627770334046,61.00254746162074,61.12795612318399
36,6,49.01454324909983,55.72204971361272,48.669062402529065,64.92082161417449
36,7,53.757121069323645,69.12354094971047,62.36767735151464,68.19991600803964
36,8,57.49409383686224,60.70014820507191,52.85493615104868,71.54989739445908
36,9,58.63691772710502,71.21369033650662,55.58434989753717,55.140554800282544
36,10,61.29112801533994,62.624536774007645,55.3865793938376,73.76714081462497
36,11,57.2895747598296,63.110033641320136,52.86182211471664,62.960783045461426
36,12,60.15347725798263,74.11052040893438,48.05830451779126,76.87382189803698
36,13,61.61832142673161,62.69715875507981,66.20227337504849,66.73127207927683
36,14,66.8228333257966,68.95838919110813,53.87155445235573,66.02694010473465
36,15,65.29522035495938,75.14176398454651,59.50816260951175,71.05581785724918
36,16,63.899149717715325,74.3771454355689,54.034649465083504,71.10727001586375
36,17,63.2816719051326,68.10899624435999,58.37534664250825,68.51821951262234
36,18,65.24572901567198,80.6415235686988,53.830585523301956,79.37874303857063
36,19,67.25122592632786,59.5186065145579,61.3081748411346,75.01782974527431
36,20,67.99300228715303,71.3295697339702,46.10472238469107,66.37572903690702
36,21,64.65701938633183,78.14892075449488,68.35687031579774,78.83719502597516
36,22,68.56520754359597,65.35758929574894,58.812101718757184,65.26942066671302
36,23,66.42658826723877,80.56590434630547,57.0209182671328,64.75910829960989
36,24,68.06249184785648,66.22350114778318,56.55027127041975,69.28039696743662
36,25,67.93628695009224,76.4639500484741,63.81464111062169,77.2221843963724
36,26,64.98780232834193,70.27870435876777,52.37419912845976,70.48534276782549
36,27,60.9968949853332,75.26211254995039,58.20894528573565,69.9707623403354
36,28,66.97681599823667,75.94369298053162,65.24674231012655,67.33999266344505
36,29,69.47497184473573,78.43242301581517,59.33243058951117,68.86237418276151
36,30,66.0059801904737,69.1296670959661,53.625696323148354,65.36587301923977
36,31,67.85799540493451,76.09685353656033,59.954787875334205,65.81042328525066
36,32,69.04224157566742,70.1413665292647,79.5926539147139,70.71312565818529
36,33,72.55330789818622,81.15387953498272,70.26219059487067,67.90408013734992
36,34,66.51818510675699,68.77422180781149,60.94597497070766,66.8190409813867
36,35,67.17124885487065,74.06849926176697,61.10098469937368,69.7755467416582
36,36,69.33652227578285,74.79939255121944,65.78017549906122,70.34852020068243
36,37,66.90377035990264,68.785698035317,43.71616093563799,62.860497228614996
36,38,70.5388491655672,73.83362407444727,74.12730247861094,59.12579169794812
36,39,66.28789435555187,74.89475505866359,50.403216968110584,68.4231996855129
36,40,69.26095723355002,81.74854996493613,51.48512355936336,67.70691690425178
36,41,70.68071396242124,78.75054077722393,45.5778649940017,62.7001479365766
36,42,69.56364759398227,81.64768336717832,62.7576031015277,67.0527175466996
36,43,71.22437449873155,78.53932210707757,52.63528016095697,71.67028630798983
36,44,74.03978721138945,78.25753153324779,65.26219670700918,73.70165308871611
36,45,72.59407317786956,71.9750475512235,55.84187146612271,72.49368421354286
36,46,71.74468910738253,80.87878170452613,61.13382851951379,72.60650761196018
36,47,77.90244561254966,78.51792856198446,63.38584469561529,80.75736106525977
36,48,77.17624148332882,84.46606959898443,75.09871833116205,77.32401841448612
36,49,80.638768544381,86.73951718073802,76.61749122811192,85.59995111934528
36,50,80.25222083286819,80.4114511318025,64.4791548249107,87.83448549459122
36,51,82.57724453685613,83.9153683485736,76.14130925877248,88.18404714441007
36,52,81.56085910049542,94.7890080221205,70.64904515820214,81.86934203301635
36,53,86.54948475022557,92.19731343581407,72.31783156104763,90.32671218518726
36,54,nan,nan,nan,nan
36,55,86.6898043476758,91.3477827517919,79.49323257943674,90.69397187126135
36,56,87.13142494410219,99.35657215292674,69.20397761600925,102.56072483423605
36,57,88.27843664949188,95.44219429484096,78.61251032241336,105.10947855147515
36,58,95.28255671096873,106.43724166501754,95.67290407002073,108.6179160298229
36,59,93.42108663082853,91.93793413366473,83.09578505657332,104.72562533674258
36,60,95.32025780494381,112.34073575265171,88.27850204677299,106.32541332651664
36,61,98.38659357776739,102.36019449269239,90.3449094740962,116.72634430466083
36,62,98.04504641582858,98.56334634116038,86.58767616677392,123.30803335281536
36,63,102.31916609543168,113.26234899985708,89.56661621136102,114.91971781024299
36,64,101.5347624029664,109.91483651280025,91.9144074762846,115.73265413769909
36,65,101.72172609499769,112.53251386539007,84.01345025287654,121.15398104683133
36,66,104.4994397395948,121.72871903672558,95.41145678264856,122.65884526579784
36,67,105.87504251948577,115.77165013451064,89.42414558134594,131.22388291694293
36,68,108.36970403183797,118.168426591281,97.89218421223447,123.80015573456527
36,69,110.13665769034802,118.4102811215158,99.15311417832997,128.6431323293618
36,70,110.19109630340444,124.78962327858679,92.47224218919538,130.2359191639979
36,71,111.11670608413672,117.31573684667732,104.10561479779618,137.47577431623628
36,72,109.42053562686645,118.03298122417714,102.00100733056016,132.80643955235797
36,73,107.34107922327823,113.99962212369442,108.35287872060907,133.56248513816777
36,74,112.97598796301416,110.65628706794276,93.92088424721084,132.06224521092915
36,75,111.28538047881828,121.01401014926836,108.897365146016,137.6242393557028
36,76,113.71853877552363,114.76566593296822,107.57352271356292,132.29488243102182
36,77,116.79533280664317,117.19779674026722,99.34435634759163,146.8615014348008
36,78,113.17855535785938,114.14507211378401,89.74193707150744,132.93043316880858
36,79,112.72458918570959,118.29873646257424,101.94875793781952,140.43865832605474
37,0,45.684171280692695,45.14458080195063,35.446619673144404,53.46759713422006
37,1,50.8309792914021,53.065002175096836,35.67267570946864,59.83482245989658
37,2,50.17781921057047,43.969901834782405,46.614418529900625,64.14217153612002
37,3,48.83653535860711,52.303029327176084,58.26886349547859,57.15023969238862
37,4,56.60422091644286,65.29665582409773,47.52793491620303,69.037692314506
37,5,nan,nan,nan,nan
37,6,53.63620888874303,56.451219143972125,71.45252597708856,62.177891919278984
37,7,57.30699097587947,69.39415771240894,59.53672830537301,67.32114716220924
37,8,59.720147616109315,67.36235125841391,45.313604020288764,66.32489259843862
37,9,61.45589752814536,73.47244720315459,49.6408822060018,67.24870956756187
37,10,63.06856233900249,62.30877197582184,48.92181644483033,68.57201779139571
37,11,60.64766133351438,65.29450118551735,56.9921703993455,75.61002792809647
37,12,65.71929586629776,68.92281595541864,60.147774560625216,77.34703444676501
37,13,64.7328435594768,79.48860016804313,57.93112874741396,75.97695324871044
37,14,63.53091588617815,64.40979446557506,67.83798021615388,66.62189580207044
37,15,66.40987233419592,67.41912875411134,70.26483800828285,72.35934205337135
37,16,64.77481115295058,74.48710709713554,58.691087666054386,72.44975231982204
37,17,64.33279681857321,68.4973483004341,57.838476235330525,67.98455297921389
37,18,72.50646994498777,70.3868045263594,64.71628009330301,70.57247409227568
37,19,67.84540014180075,72.50560056702327,68.30570134102857,69.45513090609687
37,20,72.69967990423007,80.06025504025399,65.03144622228587,74.49025562125604
37,21,70.29219418731782,77.63550402107853,70.45165093908284,71.61237229505214
37,22,70.81027930017494,73.70387632922291,63.91791189616651,64.52547850148349
37,23,72.03953560907273,69.36141572282266,67.37394310456664,70.66578594372477
37,24,65.06184869099755,72.26476461926289,58.74087217152094,67.58326024066322
37,25,73.06339867677393,71.38561606278066,67.38396852574485,63.95812684993956
37,26,67.95939061002743,79.04281920992958,69.05675398772611,61.62101563689601
37,27,71.34782488077603,75.17190996257918,52.96934821620863,68.85983127057462
37,28,70.33541570104026,72.99598849620901,65.56011455327172,76.96519669634479
37,29,69.78294976201477,81.02637299026676,68.0256310048385,80.33221366018702
37,30,68.77330762089903,72.76659914539391,58.39990546514138,69.22873437153503
37,31,65.8976261674552,64.73634266971685,60.79179715875314,69.57741723026835
37,32,69.1847648304287,76.96849074700744,53.663005574875434,65.3685819717999
37,33,66.7363435440054,72.63567455961086,61.0434225000295,65.15662366768338
37,34,69.98690255377404,83.39975438640066,71.46140329127616,77.18578820240214
37,35,66.78850769124338,81.25170992072776,66.36756145584837,66.10290298061412
37,36,71.67849358446247,75.96663342015748,75.46335489704671,67.75688912446867
37,37,71.25410276180817,76.18660863059519,61.68158482959501,67.2547126776165
37,38,70.28942232089773,67.22131926453326,56.18975935680894,70.15694524593177
37,39,70.52758843280631,69.69457880846687,65.39848362009772,71.77263983767129
37,40,71.49429918604244,77.8868931926002,58.179816914839655,72.99303642379344
37,41,67.91837083210456,78.15779547570087,59.77052405003628,70.14486754445207
37,42,74.32863778154784,73.8025754872522,72.20414921581326,70.88268795433943
37,43,72.83288258122218,75.17914746003093,67.05444793657792,71.62880021774427
37,44,72.44377379524465,84.64834045913713,76.45296300334569,75.52347478217776
37,45,72.73430338566155,77.16960269386996,59.781140397009274,79.13530953174148
37,46,77.1144338140413,78.27664520933631,75.23017917585562,78.04363558800118
37,47,78.22962052662359,92.3465778410872,68.53519759195774,82.48486734390892
37,48,78.94053144303548,90.60223468277546,70.54526602814994,82.45632813685278
37,49,76.01469374674375,89.54800619792732,73.77100107328049,81.54313734582348
37,50,83.90375031172637,87.19118741642062,74.19306620390688,91.68189613965507
37,51,82.9167686203432,87.23146857817277,61.38631302116889,85.2507260649796
37,52,85.97917177168931,83.35280399544897,80.43602671859416,86.7117700611335
37,53,83.98427095407442,99.25673588858272,85.17119160298591,93.29315061128497
37,54,88.78022194020049,96.47099038991145,70.27570118228213,97.68920997393018
37,55,90.31153266935021,94.71346320192477,91.16200577867966,93.14623796499492
37,56,92.74444559876396,88.15326536115555,88.58906217920737,102.02254144771081
37,57,90.75912823227546,98.59990955045176,84.50484463371504,104.81534472624176
37,58,96.91887640555261,107.07383410691472,73.70281635991205,102.02608198490539
37,59,93.88373855620546,108.6474012169298,94.75970680309207,103.93981642861618
37,60,99.17772062111331,107.89240874601336,82.33686645376834,109.03904378050191
37,61,97.51212330494631,106.61035998629241,87.75924487086027,118.3425929193237
37,62,102.63764401577953,107.18607672808014,109.47130133851763,119.93977109946185
37,63,101.19597988008206,105.75055408122121,94.80000571955561,118.38409474949195
37,64,105.95777293277516,110.88907346544954,86.3756789881669,118.13045797996556
37,65,105.82647804042121,108.35069755760924,101.12661101018591,122.17361286265705
37,66,104.13872888061218,105.85955760058128,91.07809387467113,123.25691813754473
37,67,106.264660593348,119.71548584156253,95.56576141681352,125.62737554106558
37,68,111.70388898625463,118.20181875777278,87.53335874286716,128.97815848261365
37,69,107.88227224060718,123.61631745793584,96.28338192419261,128.66833300253586
37,70,107.74096550245876,111.24452677066141,90.61959660870475,135.01152639076778
37,71,110.53602029606041,124.65758101608112,101.58871661530932,134.47752502953477
37,72,115.26657854010841,126.82440724754393,97.63641324796185,134.5404576030183
37,73,111.18311401307666,129.91849393815812,96.85532202493704,134.50372188640253
37,74,112.24287217986483,113.3879247395111,97.13494492932155,135.8078038672444
37,75,nan,nan,nan,nan
37,76,116.49778214278862,113.58652625577747,111.31515447646464,137.88180204756503
37,77,113.34314780749132,124.80201933368734,105.82735381669565,135.722721574386
37,78,113.11661388262347,122.3148313244007,106.11625248503468,141.193865264454
37,79,114.6851620709453,125.20496172341606,104.80225520838074,135.54105812203255
38,0,43.69099564568485,46.864590663705876,40.42968913928096,63.778199356261204
38,1,49.0236531536418,56.941431506942266,49.242877875313646,55.31114302060818
38,2,48.78259776547017,56.16520309732085,63.96781419608051,60.93996595642423
38,3,52.329184430999376,60.52154008286936,51.0105210427339,63.30203835979601
38,4,56.42342873274784,58.15949598502271,44.90910590384776,61.52037474404677
38,5,55.62554409774768,61.659267152906864,53.328947661158324,68.874840711317
38,6,56.41432292903256,67.35041743454426,47.02503203624831,57.870730958954155
38,7,54.852203994070855,69.58558132078367,42.64550724092874,66.94288411120749
38,8,61.6366297642586,72.65569322936739,64.6818059637786,69.43398925483545
38,9,59.936182414085515,73.45967105736231,52.09806514105188,64.36318937839168
38,10,59.70129908194772,69.94794925238196,56.44479145731073,62.992204656145034
38,11,64.17173006284828,72.2879217354085,55.13146647473164,67.98132316550357
38,12,65.4626989206178,67.6676080708043,68.44922094972289,70.47199563499302
38,13,68.69125954642325,68.69157246267179,56.03805334709373,70.36623541290732
38,14,65.22307748748457,68.6125575671353,63.1454795704836,74.83437688407902
38,15,66.90744548907931,72.97323674586191,60.80135365830763,77.33932625083402
38,16,64.46586721973952,75.21959318992445,72.22274756073266,69.01864873209749
38,17,64.58511572927809,73.1870533473353,60.58672115947962,67.59866718930694
38,18,68.687723364138,71.18254964991239,67.96958068159094,75.34984817152377
38,19,68.21148282526673,68.20484530899625,70.06109305251243,70.64631442996372
38,20,65.83806790612635,72.81917758660397,64.50042113486965,76.00454300941902
38,21,67.52363312130346,73.27149322970978,63.98193511297982,78.70521744045648
38,22,67.94967241626537,75.84608158180534,63.84883336382494,71.22886760401232
38,23,72.71596619659924,80.68226483912929,72.43682683326736,68.22419849910533
38,24,69.0013912635862,66.56589324233384,60.782712991407706,70.99523922554863
38,25,69.26441868556638,70.05934274356348,55.19444532889284,71.21879042341259
38,26,68.18260084053686,75.81221846464085,66.43444273927703,67.86569947846274
38,27,69.91290438999908,79.04167764464313,54.74135564317301,73.43088724859622
38,28,72.26243047939714,75.18054885490712,62.065618136177086,74.97019751967044
38,29,67.25315851811236,72.63841435850338,65.74382806810335,69.84222741103382
38,30,nan,nan,nan,nan
38,31,71.57686501896956,75.84547375031111,64.3975561383012,67.63446594332832
38,32,69.40309616880265,75.20529175379015,66.0996466903145,65.57273059835224
38,33,70.41002507267052,73.39286305996838,67.91510150754033,60.29459614807298
38,34,68.28163978453219,66.84767521985016,66.72513783005004,70.01029689996473
38,35,70.11440355626603,69.14721288449981,73.54762398775654,69.40707529333844
38,36,72.54504068433765,70.79436550559029,63.54745871557956,65.8229308312193
38,37,64.27145618314782,77.06368854176833,76.15706381400815,63.80349332500356
38,38,72.07925634056078,76.54390908193756,69.09265944947954,64.85644360501615
38,39,69.91794854662744,73.24498139462432,70.80824948904035,65.55242291200382
38,40,68.6749841483101,70.09090739150595,67.55647410822328,75.08740854734053
38,41,75.97669561748492,74.70822048634068,68.62886271619408,73.34457431540086
38,42,73.41813587571086,78.5263374759356,61.36575712315917,67.35285851558254
38,43,77.34377323967131,87.82129672260898,64.72779051801952,80.10725443388623
38,44,74.18374063945114,77.50269341285247,55.483155449249054,79.86758389271982
38,45,73.54947526529409,72.52942563352607,66.06466895576314,84.26642092092796
38,46,73.77511379186471,80.97757573504164,70.91096674323512,85.50600124786398
38,47,78.54638973780172,83.26701338079019,64.5608688690495,88.30537568676874
38,48,79.21745203513983,81.19905377021755,71.80840572791213,88.98210509383779
38,49,79.71052242532387,87.73844949598865,70.78653277123134,92.83575150570547
38,50,78.2012446520887,83.46172306760198,80.74000313957735,91.65349142365758
38,51,81.72569246912374,90.12677994251584,61.548943898900184,88.55284868149116
38,52,85.09574722882624,88.39546034411374,78.35122898289721,94.90008824424571
38,53,87.02146431588888,92.31079926690964,70.48437190241317,97.32956704834277
38,54,87.2249041378638,93.23346284427522,81.51550543179039,98.88472901598011
38,55,90.96283877730907,91.05020723925855,78.49169060492518,97.00153948307327
38,56,92.01890412073239,99.51257183796403,80.76515519547617,106.003648024439
38,57,92.07357928852578,104.16291054757305,79.86815953929685,105.02767725413162
38,58,94.76064289760791,103.44929608715826,83.85067886847077,111.3847981538579
38,59,97.44726334443736,107.239867749282,89.50016452016715,107.74305797996662
38,60,97.05740845686464,106.68227575397715,89.03764385917513,115.5109635196898
38,61,99.66507106031293,113.45926588146457,89.26115479331577,118.54617679379062
38,62,101.78177294589419,102.36997466644095,87.89736851301396,118.03699531186743
38,63,102.25922846933544,116.02129066749633,92.85171073741414,120.10146778339151
38,64,106.20919523832598,112.38600566744225,94.89513144065894,125.93801093829207
38,65,102.93250474011374,113.20343717974139,104.73483466976082,123.39164066472073
38,66,107.47938769373022,127.10753822188985,86.35261441135711,126.30059469169329
38,67,107.08115318703018,114.33756564148905,98.2879728543536,133.0785659635736
38,68,109.21031820399573,110.285277659982,94.21719562301138,129.82216372782847
38,69,110.63130172850799,123.83016529203367,114.09589832531258,129.0011908419224
38,70,115.61774676261453,132.59238161609125,115.82100160761367,131.80825655124627
38,71,114.39117420669332,129.88801910728995,98.61717399822592,135.5111837048894
38,72,111.04182814315442,130.1025714448235,108.70562240860153,127.47602964749589
38,73,111.49371135592894,116.17072229023232,90.61909033483711,140.77349759984128
38,74,115.39307803754267,120.10763306930562,113.50069814921656,136.8517624111401
38,75,110.7492837961886,124.6276020192722,99.41207966688287,144.02086730005962
38,76,112.80228656271315,127.86892818611587,95.52761273616954,137.91195291660443
38,77,115.59027876800731,133.88791168770535,101.40746604292589,144.34882069313625
38,78,116.48223738624289,121.86526164956733,106.36806990707281,142.13875706907868
38,79,116.27894363068219,122.00025493961697,97.62685289806872,144.57638483865378
39,0,47.087154265759686,44.80982251982994,32.81996995521097,68.23611792913745
39,1,48.038084539388144,58.113035797888685,51.62094065146127,60.87372002342641
39,2,53.552691731554326,50.40874183807319,41.999599742004044,66.15663662849452
39,3,51.5797974835731,59.48700040654148,60.72130376965149,60.56986838018433
39,4,55.575058736476215,55.75762318433467,42.97950591026526,68.2187468502006
39,5,56.16921553008776,59.04256980662487,47.505168942882236,66.74269943364799
39,6,59.61815630276808,64.35492324657403,57.03314157256187,66.16139381669518
39,7,61.50478199588813,64.76124983146377,50.31487266820113,75.06388841477107
39,8,64.02357350913935,62.65518864323931,49.73131998600468,73.18432137416339
39,9,59.25173660225234,68.03863869734036,58.93004104389689,71.20054844065272
39,10,61.153048736144825,73.65513833383538,60.72573073085199,72.31625979075139
39,11,64.43314422537306,68.52969211493036,65.24162904074169,75.20860779036117
39,12,65.39654452596952,76.52608543769307,59.7189315458353,66.49019968135266
39,13,69.22685625077852,74.51824775640614,44.075171259198626,73.25762072930708
39,14,65.40799265105983,81.26447575710809,62.62616295046485,74.08258630655484
39,15,68.1849132692968,72.86708342046786,69.17512408865565,75.17174235586947
39,16,67.91980355758336,72.44402467086948,54.75097924957396,76.79761835151243
39,17,67.29266829590404,73.61877877275406,70.3006460009789,75.9178008512185
39,18,74.48047573658678,74.85011328245574,57.99967450116782,67.41202919477563
39,19,69.23770656104607,77.62681538682992,63.07205870887353,72.31410170138064
39,20,72.3541438050889,83.27901372393733,60.450632306597576,68.4663010667877
39,21,65.97749180633916,73.10337445018752,57.39765772588974,72.96247145994322
39,22,70.8000718407536,76.04970189155729,58.027177562437096,75.52020788902851
39,23,70.00401953930138,79.11632531062911,69.20360335584543,69.09342840355545
39,24,74.84502089460324,84.51910274490899,71.45096483574649,75.19045063991175
39,25,75.32160847509462,80.99363429734291,60.00214025665561,72.65118268509092
39,26,70.15416957833729,68.72335941390969,50.46314665130676,68.97123220749651
39,27,70.04891298873662,79.12243504324721,60.924607985239966,72.80928460870531
39,28,73.35610643642175,74.63221819328407,71.60366231582388,71.4167330667847
39,29,74.01832541014298,66.17183075666146,66.11598973826656,65.09296500982542
39,30,71.05601016979121,71.17177765368517,61.27618290311776,80.30344100967787
39,31,73.43930267300578,78.2438781006538,62.69248254193075,67.28824377191192
39,32,74.14658792532099,78.89005809987505,56.24704050876093,67.49006321404633
39,33,71.08623243318434,80.71608918577374,70.66341980036161,70.04557715664956
39,34,68.3143837280148,80.30502201286133,70.70254508608284,73.56580083366818
39,35,69.3723297885063,74.76531625217929,74.22354081983335,68.68429791557585
39,36,73.34111320321179,81.00023356298524,66.19561017090768,66.32029303893587
39,37,72.74325544280525,74.10882359114305,66.76375988786394,75.46911023518467
39,38,70.24020214259039,72.97484523914977,69.1403915688015,77.34118758823367
39,39,72.43638824426307,73.5800433798826,65.29450039804317,66.4929446348713
39,40,73.20377371516773,83.19162746960987,64.82183230377623,74.97231025303779
39,41,73.08272018800204,82.19508677339304,65.55330733550852,74.33996170952229
39,42,75.03338289747465,67.65790781598395,59.16526710845535,77.85934008264864
39,43,76.30041369113273,85.11604110205975,68.02454104561156,76.79359610980386
39,44,74.44287493022311,81.06892072768885,73.03582830744637,73.76030278236227
39,45,77.62534454020106,82.64522852073333,51.497943426639964,82.47038712940338
39,46,80.84196569263241,85.57636176735716,80.4016058284204,82.0814262914866
39,47,78.42600757719013,79.9595452926626,59.69959313015091,76.44405331081477
39,48,83.03227831088614,80.9201607715952,68.16197581522029,80.79981057391583
39,49,83.32317431283187,94.45655786460196,69.45487333672162,86.75222442741637
39,50,84.55640171812198,91.98051699091926,68.80515466388132,90.21210030539461
39,51,87.34266803142667,92.05007549695253,79.28483512743045,93.05044082419343
39,52,85.98917160445401,91.71813529366297,81.46287331065841,95.915713256287
39,53,84.08871930840874,91.25384468781463,77.05564450020127,92.12503545073933
39,54,88.39306305857913,84.63929224797033,73.59138931130046,98.78620774528734
39,55,91.57826684878047,105.40088466883603,77.6339744514475,101.83055302442216
39,56,96.1695088713878,94.55888856821592,96.3719081924505,104.78220074310538
39,57,95.23756186716608,106.88465816124976,87.18746482983728,107.42579015074882
39,58,95.27322225406422,111.44008764365121,99.80865392676357,119.25297949514643
39,59,98.98915393301384,107.73741588756049,90.52089718192823,111.86894335411459
39,60,100.14169861120173,105.41740415019237,98.92695176821967,113.20646916536589
39,61,97.98256052136527,100.0605719284442,82.8748714761806,114.59211844907465
39,62,102.48596169711833,116.3096945359169,91.34562740750394,116.68694387221872
39,63,101.84704697747652,113.78977154263939,97.89023765786216,121.71862325549127
39,64,102.54549282686352,121.52816712444996,107.45239540886476,130.68583879778532
39,65,109.05594778551244,114.8209422086761,100.39089164270901,126.82612465076082
39,66,110.09908990224828,115.45920688583188,96.76710222020272,131.88824823120353
39,67,110.98683225501338,114.61716660783652,96.45072272134966,128.97051545220245
39,68,106.61377958562082,120.81196528486426,110.88739819078376,136.88579337248012
39,69,115.16949882467765,112.0834510092811,102.35298776131248,134.98766901817206
39,70,113.43616901285101,111.58258039717431,97.8974352573674,140.87447865276255
39,71,115.66694575863636,125.43944503632443,104.35888931240838,134.06705197462264
39,72,115.0772589444397,116.03252265215242,100.23318359768017,137.59323946316368
39,73,114.9991221681287,119.93949015253169,103.67631983042025,140.27880935478316
39,74,115.25836406543095,115.20211133967054,107.21396231763669,140.4127823525419
39,75,115.78034910562151,122.02332709525864,111.69212024413424,134.82225533896087
39,76,116.29375663577218,123.98274452344144,102.2634005180825,145.26421212349382
39,77,115.14680234914805,119.81503760105913,103.9493793152412,138.81640526176432
39,78,117.73655209233338,113.241680991028,83.98703158858902,134.6533577239978
39,79,116.35639220972591,127.65283911489028,97.97996475780694,135.87100508679356
40,0,50.117203862784486,61.468922585326084,51.28271362137793,47.95519695481862
40,1,54.587129281467824,63.14062198730325,42.02655850842342,65.7032732772521
40,2,52.79548022641239,62.111991762043914,49.818357387808184,61.38117410415493
40,3,54.831732230814545,72.30842744930811,44.16778950023124,63.74685324994523
40,4,60.025688361204274,62.541745000173705,50.8292790553199,70.60968844993104
40,5,58.807019083739725,70.70652127801361,58.40041919800973,62.97056004656548
40,6,59.22186436921086,58.67560458690789,44.30368783122887,71.89985351999434
40,7,58.22423113697801,68.16165776648178,59.014895768365754,73.2445990849839
40,8,62.459093222098204,62.45052612773016,59.055310931873706,61.440649757426996
40,9,nan,nan,nan,nan
40,10,66.61682665673749,76.2741924416201,55.779268016100225,69.58499428443758
40,11,65.25799858534553,77.3796406350313,54.42462868814835,72.97965622226918
40,12,68.30528216794525,78.33835459938923,76.52971639773455,72.48118894436512
40,13,66.580172603372,76.08821572737791,64.50706162636094,81.32041488008096
40,14,70.83731648531459,81.76865867206597,61.47296514058012,77.96870108843468
40,15,67.79838998815015,74.78360463267143,57.2180826197728,70.15805834563525
40,16,67.01677892916135,80.93767443947736,55.07566216884902,73.75141899873704
40,17,70.1826114854187,79.11720402751892,55.954690729015496,76.93434499981323
40,18,71.59131240603423,75.15133498442802,66.08584201516001,68.84102280285715
40,19,74.95281737517932,77.04447706468149,54.7956332145674,69.01784820739621
40,20,65.18063115772271,75.16110714576763,64.55770609001193,78.28537931453664
40,21,70.64293706277711,83.13998272920917,58.55143779154195,74.32102659807511
40,22,69.60591609319688,78.8598339577818,63.093899833431365,71.97896061207108
40,23,73.85290838583833,80.17425109112342,67.14475141399566,73.34563465205898
40,24,75.18963423262882,82.35147681354756,66.58911116207634,72.9727956912996
40,25,69.5688126302237,82.02727574314379,60.0302110821505,73.50569562345042
40,26,75.934813976059,83.5469736398283,49.68390942027462,67.3710348392425
40,27,69.32994246658511,76.27404742506064,59.341815584471654,71.48289163688699
40,28,71.80512992518359,72.33429007166755,58.97046651502353,69.36460275554086
40,29,72.32566164699634,76.29472662225479,59.80674349802281,72.8845505241448
40,30,67.20848383770976,78.80639815990457,60.316651931349696,71.00226041132716
40,31,71.03335442802178,78.99662246304122,80.59093408895137,68.76518035968216
40,32,72.60525927069409,84.33802024693867,76.56038121990495,66.74127269048685
40,33,72.9131723573114,82.74210574673974,69.1302192270679,62.936642356116494
40,34,73.92256822430625,79.53265946674269,69.15729959654668,69.57074778701538
40,35,67.53239152473662,74.71944123946403,53.51595567568641,69.41918507651107
40,36,73.30693079200384,78.11820925686065,60.709116674285085,71.4585359321535
40,37,68.56213105155842,71.10816539925482,76.77386644154323,70.45765962551941
40,38,71.6480856550959,82.34725401935765,64.80886381308848,67.78618966415407
40,39,73.62603856559913,83.00117588448747,69.00497004507292,79.26601303205327
40,40,75.62687401028826,80.58596475704373,70.7613012309855,77.87723082073796
40,41,74.89781982248132,76.65807778026829,65.51848601832138,80.32601822284593
40,42,77.71332415786914,75.81034333685528,74.04997113311923,70.61789970918711
40,43,75.65593889043875,89.30851183513425,67.13970256014804,71.29526290093796
40,44,78.9581970564558,82.50157735804902,72.18008112885234,69.34959090556981
40,45,79.80680953484926,82.36044399293611,82.3502424170855,83.158561908635
40,46,82.4748154530228,82.23405416101787,63.86619752975115,86.72701602040225
40,47,80.46882476630967,81.51424886034808,78.60881510848336,81.37893395448279
40,48,82.33343498228457,83.97651138335353,65.20764102472641,91.93873193494281
40,49,80.0444446856245,93.82384895357941,73.19650253736866,93.13010857952001
40,50,86.62534867356071,90.42561336878914,64.07858469725063,88.16852500625625
40,51,84.24812657864287,90.56225163155703,77.45184127959013,96.38870188388293
40,52,85.45374620378716,88.49868586521046,84.3084927912498,99.8273572634454
40,53,89.71026981185271,102.2469286023649,68.19403824727203,98.75148347761876
40,54,89.48599725795005,91.29039214235628,75.99689693678356,100.33255074706358
40,55,88.83471158390294,97.46761525495066,80.55380778065458,98.12810980431283
40,56,93.92803821910688,98.59660082774295,83.67024944465079,97.86388322577967
40,57,92.16738241708258,98.23055750559396,79.86847581187529,104.53703613061516
40,58,94.29982703802538,97.73633442820295,98.84107996420116,111.86188286323541
40,59,96.15080975247567,110.055589752182,84.9460268709569,115.2503348523906
40,60,100.27341565592911,102.6218850322364,82.07747600946611,112.54094174850374
40,61,99.94891448160298,109.60073280726168,92.19152135893339,117.08915332606482
40,62,102.75780112015356,106.28950468577885,95.08431636262054,116.56388414429071
40,63,104.24401735243669,112.10984400000659,102.79431755489178,124.04801720791679
40,64,106.81168289112642,116.45629834428799,95.5633775597234,125.46601229155148
40,65,106.43136046158706,111.89741571227246,97.7594170445235,128.7766402570456
40,66,112.0355426394163,117.47226384651515,99.43805860302736,132.03297387458758
40,67,110.61874825136213,122.49554370924562,104.1350012880757,131.97421961542756
40,68,108.88214525639376,131.70360425008917,101.45105050721628,136.02677274181016
40,69,113.1717906597966,117.58428883510868,105.02384067831301,133.6451157007481
40,70,113.45101202500271,120.37355760976911,92.8379599328759,138.09299490894523
40,71,113.55236073638841,122.81155733009092,113.28536758965622,143.3204474882887
40,72,113.0726235413842,129.3150167948018,98.24765925493452,142.93630663987034
40,73,114.76461366064927,122.03004378879724,109.31277231772636,141.91859921659238
40,74,116.4453666384019,126.29130818559493,112.18722523309742,144.13340976564749
40,75,118.56661029135738,131.05632071558725,101.16938694219154,140.64170995244262
40,76,117.11044091426913,131.35547663515524,101.2039032591375,140.28173377218985
40,77,116.85202787694928,125.10926580862804,114.1191087290362,145.9777701415841
40,78,118.24023809298161,127.72996837522778,115.70762775478146,144.78097726708816
40,79,nan,nan,nan,nan
41,0,51.75187003287955,59.161242747116965,44.708524178092006,59.36983596173192
41,1,53.35455409414767,57.2557696127402,41.69849592890651,62.615193684303115
41,2,54.390381884927756,55.81609364360969,55.20064790554085,62.420871735156474
41,3,55.20196378977338,61.38189183926288,54.39618311449375,61.29555926661896
41,4,57.12339553013328,49.54671374308084,54.33795687029438,63.09056823160569
41,5,59.90991616866174,69.42856817219511,59.50958208146685,62.597485055549114
41,6,61.408907235002935,69.53803185587589,53.78069391824753,67.04178479278396
41,7,58.92538471031099,66.66659787383892,51.71714956433225,73.22084014782405
41,8,60.562399763131474,78.97818191704212,53.498237678129826,66.52437931018531
41,9,65.81863349736622,76.6352514641867,69.31623889268741,65.53046140448444
41,10,64.76419824073606,59.45926074087335,56.95666336975474,66.73500478329122
41,11,68.1090631804781,70.02015521581278,68.63401773822274,70.6491079085549
41,12,66.97472305523925,69.11887855290277,63.8418830266031,68.09848393855208
41,13,71.7451002784206,71.80874040410704,63.789256808792786,72.73939934871902
41,14,73.77236423909748,70.38513345631584,66.2689417046101,71.70590489969315
41,15,70.29571808687064,79.87836342014592,58.627630450433166,73.3289600890944
41,16,70.89888440947584,74.09497939102941,64.52384215301431,74.51751067096549
41,17,72.48106031430896,80.83234434310955,62.385685928529,71.16570349745639
41,18,67.86694579586792,76.63943055358774,56.66163330107505,81.83764267841032
41,19,75.12097515959566,72.47878268162071,67.76854489386147,74.52152953328985
41,20,73.06166558733975,76.1070844110189,52.56427628441993,73.63770991522023
41,21,76.17434210227715,74.26604805955354,68.81980720368229,68.65066467942734
41,22,71.17404656123328,74.7235945112219,68.4804765998445,84.6888207755133
41,23,71.16663923509562,80.80352517084445,67.28682641656744,81.19779672317198
41,24,70.22513138550674,92.12362027769417,73.4283959363821,69.23497890362744
41,25,71.40065093939603,71.21007979538467,67.540550457177,68.09949733056915
41,26,70.75683470824569,82.57917680510027,68.76037762564977,75.23355456279559
41,27,72.59174255875695,82.93745638603195,66.94274486839386,78.43445895524354
41,28,73.63590124793564,72.71041763787055,77.97145103277168,76.56144519171684
41,29,73.85733211887688,74.88978824908422,63.27261079785517,70.04541175631869
41,30,71.96606631918006,73.44912414756661,64.07593039178833,74.0278455770942
41,31,73.22731612522921,76.60331613677013,61.37066060385962,77.70673548697783
41,32,69.6926163216157,75.63545389019633,69.5814838510993,73.44869413643033
41,33,75.45074732094075,79.49689079329225,61.48371379931185,70.69611075838257
41,34,73.55401501188051,73.37709488825524,66.18296952595324,71.99175863092746
41,35,75.00168663013503,83.76474795083173,75.3320906541774,66.32969751757243
41,36,74.09035976591487,76.3214734343043,69.67185868027886,73.63573740614058
41,37,74.00190841500749,73.81875984107494,71.23646636805141,76.28895092626871
41,38,75.41659237911333,83.70186737386125,64.12775759632359,83.30680263971719
41,39,71.94499364138646,82.54791608224805,55.55637329638047,74.84734380014596
41,40,73.62023220649246,75.60669517883856,69.05596536881812,75.05161026161238
41,41,76.56870931584547,92.3818706209976,43.40964932449786,83.85455439422893
41,42,76.51738662878736,88.1008699390472,75.16676322712978,74.05963165200384
41,43,76.09438174753339,81.31696916039972,61.50054460735404,80.16957649658531
41,44,80.47368478805042,85.24692205234089,56.75094173539774,86.90734189312249
41,45,82.74290621082692,87.4380540001971,73.2049662608814,82.91040620802772
41,46,77.09874621218103,81.69715451828687,74.77737465240622,90.63041612177858
41,47,82.07815937954425,87.8520613142712,70.23161047731493,92.15453972292893
41,48,83.27281135871608,80.10646113460176,77.65314140305904,82.94922194775
41,49,83.06705431780338,80.96036868335418,85.96647399906009,87.92471565853616
41,50,84.74512308268908,91.8523075012253,78.13458737609442,89.75578742458846
41,51,87.00107388159387,86.11466111921104,79.15604701136165,98.98474879914338
41,52,88.12300039019755,88.64041739028335,78.27876279356067,99.00166375521528
41,53,92.19994871697006,95.97207861250165,83.17564428861402,100.93336034571391
41,54,92.58362897230286,103.42994475344288,85.88831609393546,103.29069947673725
41,55,92.29779468218211,102.57981752846595,83.31889067487263,106.02522799730065
41,56,96.43860977418015,104.79993109985745,64.53955420128901,99.35112596972964
41,57,93.7621465759792,109.4563469039594,86.84978033240682,110.4135870371244
41,58,97.77738593579257,97.21509746077409,91.93986318467269,115.52725812653831
41,59,95.2393162365451,107.5349451171749,93.98210375074285,108.71679383331613
41,60,104.9044959698937,107.63645784749755,86.38398782065124,111.76494278275796
41,61,104.80040306884652,102.57123005790717,76.76062189879453,123.92309332410873
41,62,104.92621013003034,107.99064419097088,94.60322700996566,125.23636446163074
41,63,107.50821431710176,117.72377872459099,89.66799567529915,128.45011549864745
41,64,108.29844372677975,128.26902302426782,98.71975564633155,120.37760355676998
41,65,110.78467689580503,119.24385993974303,100.21671303599982,127.9963680163063
41,66,108.39807539316973,111.29689866346452,95.9389741146426,131.25232403133464
41,67,112.2395881913714,118.34349985674861,105.68533948544031,137.87111596496257
41,68,114.37621163750485,119.8390455266645,110.70183658399776,124.86551419179078
41,69,112.2222527397345,118.02926121808311,104.2754492148292,131.8856355099747
41,70,115.12933905247256,112.78259563922468,96.33170253845581,135.1488347269966
41,71,112.71110358991263,125.10781995819406,104.35901514309111,143.54196845989702
41,72,118.89496748093522,111.19020339199771,96.93120453020347,137.8081978296016
41,73,117.45002276712054,116.63867658287857,99.64576867572853,138.15999415329924
41,74,117.09793191597664,126.63852352101259,102.17139920083599,138.97944831922402
41,75,115.12969664405084,125.06546582276465,108.15460892413903,141.51568706108085
41,76,119.22678166149802,129.86876551897643,103.9099137835227,148.50283241753712
41,77,121.84527010847933,135.94704912512543,111.73654747903733,146.29910115369213
41,78,121.11327205103792,121.66393276990203,112.36221110520549,143.10188182450878
41,79,119.64370171023616,130.01991367841032,101.78993758471766,137.97154161682772
42,0,50.443086563131814,52.23597764369892,41.190041558843404,55.85892067003631
42,1,50.51637909879603,57.37766096994023,52.90204697091638,60.8775549872791
42,2,56.107589736244094,54.385820060083105,50.83069842289773,70.34251901234195
42,3,50.93983525585596,65.49904641567707,46.29937388230916,65.2746069226934
42,4,59.39850533869414,61.85260341625329,56.0182649484752,70.0001427400728
42,5,60.158723802060464,71.60040959639353,56.00961748310144,64.3147066841449
42,6,59.81256886013668,66.98711548859188,53.40577198363529,70.68960934809314
42,7,61.68622842175872,74.89148515588242,63.75630813065578,80.10588903897502
42,8,65.15847071376459,68.52965497076525,45.09638848933945,70.71364481738736
42,9,67.32380081160125,70.79264747298735,58.53543356247806,67.38221960124031
42,10,66.26873536252863,63.95147429048818,56.344780809102,78.25070130382345
42,11,70.4537532741337,70.01143981111062,73.48981903255272,68.72954754780095
42,12,68.11505367958567,65.56570963336159,66.67869914947528,81.72459468014087
42,13,69.26136257889246,86.91738374064745,61.419467892407084,81.04860350030162
42,14,72.55424911021485,75.8420301226358,49.62156697703618,77.83856640258404
42,15,72.71198773889232,80.62891753775838,59.83698490098657,67.92061732299547
42,16,71.77444748178604,83.34355473518869,69.32915855622579,71.34725002707013
42,17,72.81449747389112,81.84903633189089,66.27124527485023,75.98882077087787
42,18,75.1330864849795,81.2711619350157,58.26741021741769,69.3163163567959
42,19,69.68518972002124,86.45406327806397,69.03572465157596,75.8620415289384
42,20,72.61137131670162,71.80625212784716,59.05588633885371,78.41931404970842
42,21,75.00995821744966,82.86771118416972,74.78426543359247,78.55962855603403
42,22,75.49546005032276,82.71479835408127,68.61674895335503,75.32793655527635
42,23,76.54560510815571,80.88889443184439,79.25953952601938,75.44861319497184
42,24,73.62713662825153,86.09906233051805,64.6352307939346,80.2517662476692
42,25,74.84767408358594,77.97144707477912,62.80204246438025,77.87968004059385
42,26,72.98134609655732,84.17301622615108,71.69111822312348,76.35425092350712
42,27,72.17334298300243,84.4187982831746,56.96911899258755,75.20930018025985
42,28,71.9008622967704,73.93865671888254,74.85099221661775,74.83208199713657
42,29,71.5315786886832,78.44387677635892,70.91651643148884,77.39254303950123
42,30,71.42644697909796,83.07967767123088,82.28221929083972,78.48731401379872
42,31,75.38914552287162,82.4071189576189,69.12154552212053,77.26227322281423
42,32,73.69368966566041,70.88876015452404,59.70952846651973,69.53515961137074
42,33,72.03420141192527,82.71102145721709,63.472713689263514,74.28058148749626
42,34,73.76713005730362,76.04954153247924,67.89433042214566,69.6931696784478
42,35,75.64029945052162,78.12393062871081,59.785053064352724,68.79168532384587
42,36,74.22639075859347,88.30530726853165,61.09053045567554,73.06320933905451
42,37,74.8537576135572,74.92779000069419,56.91086096450586,78.00723081649159
42,38,72.98971963207775,72.74366234448911,61.04650750298054,77.40733829572838
42,39,75.74570191002748,81.88588774675875,62.021830976074384,76.89225643050429
42,40,71.0666439733953,71.53771170933197,75.545515030986,76.21681693074369
42,41,76.5098751836298,85.72970612745203,63.610075131786886,84.42115094181788
42,42,78.98553898855091,82.50082429994151,59.79024257768312,78.71275869176361
42,43,79.09138506533732,83.56346570597694,68.08592149706772,78.56716479134465
42,44,77.98482309440797,87.01628700971938,70.52685671507069,84.35391725003949
42,45,78.30649695239352,82.26482598288425,66.35910128196585,83.48339095334661
42,46,81.04455315157266,89.70288106011759,81.80109549302354,86.45629724072269
42,47,83.65886237192909,82.48048374734205,61.74294553133107,86.86752066538855
42,48,81.73911804754029,84.28865761168171,68.46658616825763,92.20937921884533
42,49,83.17249327804733,91.56231985193483,68.22379222226884,94.58232229702449
42,50,87.23954789965613,95.99203692864324,84.81051738682551,101.36330115443948
42,51,87.72548481719319,99.73790891925805,78.70460582344268,98.12568892101608
42,52,89.59524588219126,96.90913245308347,79.66271176476775,101.80653107954923
42,53,89.8965350373015,94.13155000639969,86.15056382048213,100.48449267145625
42,54,95.13378920772529,100.23589574161242,79.75207166672352,105.59588108016237
42,55,94.54084023393163,109.62100561302053,73.3346579278655,118.23564732515281
42,56,95.15729879234762,107.2492076593865,82.97067370450277,114.1247049000901
42,57,96.8739375423446,97.72852477792716,86.68423059864102,119.61829942636955
42,58,99.65102807032008,105.85111453714246,96.60865029645547,115.47413829637603
42,59,100.5295531992097,103.15317296969768,77.3555954131475,115.40340375374531
42,60,102.61508028255362,110.45833001213904,101.2781255327049,117.19731931551887
42,61,104.88168453078498,116.20022470009894,107.80597317829708,125.89742515912518
42,62,107.53517128560055,115.88156545079381,96.1731781568191,130.9917545790844
42,63,107.32580922871614,121.73896105667873,82.62750383370268,128.600549876847
42,64,108.31456170324466,105.43760191559224,94.10516809810986,131.84717104646083
42,65,109.9379739410353,128.86059298412948,99.80586075058174,134.81996787565782
42,66,112.78863878730427,96.79266644701426,87.30080959613949,141.61772171215574
42,67,112.04750037820227,123.14554083148788,103.795926228453,135.932835938991
42,68,113.9642577566393,117.32194694901291,88.77187535897342,141.3423605997243
42,69,109.4178974040674,129.74134825392173,98.51842654995991,136.81686572590797
42,70,114.2650705822768,124.44191998434454,83.59102394302539,139.3849989805347
42,71,114.94889878315236,125.48877663218092,113.44324954859135,139.81070276006045
42,72,114.6050326803073,130.76909160085805,111.46063703818332,150.15973602620184
42,73,118.24271446168636,130.1989013536377,100.06881232893704,144.0709021325764
42,74,117.58687402951004,121.86440475208622,108.69810341948401,147.21084372085932
42,75,118.97297527855962,124.8628961374669,117.02111184277547,142.59511176474786
42,76,116.01108867172528,117.89690504964993,90.46696779216306,144.47390938747543
42,77,119.01815096756296,128.00458498184057,114.95864952934357,146.728391384786
42,78,119.44753807072034,117.71755567254064,106.10267694467389,142.24696943918957
42,79,121.03523662788902,130.55491056716528,104.54349695784414,141.31610278501083
43,0,51.249636018369,52.547657420992934,47.707375745870124,66.96709488729189
43,1,53.887920476521586,53.571976606707935,43.20335572848542,65.24825783155026
43,2,57.26085833940156,65.27029382951446,57.540851432219654,60.413062858538474
43,3,55.587454591760505,65.22619127893631,38.35246734727921,69.08155267376439
43,4,63.99373411593944,64.42879306106651,52.940017570407406,70.57830459763676
43,5,63.78961596210896,73.48383541898423,64.69120795349107,66.89624171561427
43,6,64.80554934753961,66.61370758677853,47.73374729111771,69.56629825750517
43,7,64.26315724749509,75.18852590063081,76.18913114055277,69.36250984909692
43,8,66.03864892947898,75.86796256329002,68.66177958346697,69.18372385294326
43,9,66.58483193250899,73.3711104602546,57.24509951899213,72.20266608537376
43,10,69.36505260093688,68.67342053930572,68.89044758626142,60.21869553943965
43,11,64.54329009464128,73.61415338931634,56.416919966362435,73.75695919162955
43,12,71.26545215215963,69.47259627540166,57.87596109654576,71.24802283503348
43,13,73.55627495224695,77.71728689984064,53.920280004725896,80.5029548219772
43,14,70.36303766181759,74.77691669295442,69.56407136703616,74.92654561425996
43,15,72.26597445534898,79.13874502510666,80.35073518370538,76.0739079768399
43,16,76.27918880848874,74.15396328904892,70.28656309243836,73.11909077016631
43,17,74.03959851898459,79.513387231581,49.76695633530591,72.97803005153261
43,18,73.45401736175127,81.10519592120426,57.01139270180447,79.52486588955668
43,19,75.71254984595055,74.1379829043367,64.32458489387257,71.90139761612753
43,20,75.84594285649422,80.46890293828797,58.61977074420665,72.04096766085337
43,21,75.70834556632626,79.79887274109058,60.162868802579425,77.47875614585895
43,22,76.11404766617133,84.92505124764806,56.93545079892496,71.83647282865198
43,23,78.64736563880236,89.36102502834582,69.54051353000916,69.74656431036918
43,24,75.01829591483865,75.59499031546356,61.78121040683653,74.02600787969465
43,25,75.34699881155498,76.03507037658864,68.15342307665449,77.6274537455288
43,26,72.2977449410099,83.38637959382768,64.05162105720656,68.91050528385861
43,27,73.5915114333532,77.9485371514808,72.54215129535379,73.86946994080321
43,28,75.91612952710719,83.37305140419483,71.50057497258831,72.96030246652113
43,29,76.34352936660213,78.71150053386093,67.20277354805097,70.89285814306271
43,30,73.41150192527003,77.35621830774637,75.59619879719624,74.51013388372189
43,31,77.37336082303219,77.0053958120435,60.15776508059034,71.55616207327029
43,32,75.2994616056059,76.4511493751135,54.88773465821265,71.45947270918306
43,33,74.78632147144735,85.98421312092314,59.64655837517256,74.60665343194108
43,34,77.52711267660477,84.75614532906494,75.39731600838215,81.01554574406991
43,35,71.02685352826963,80.5823482825664,55.404011296316284,72.65232737565928
43,36,73.627424631404,84.96639679742229,70.57631040530634,77.64893202777675
43,37,70.05179239194588,83.71587498980982,70.69702033344991,82.74394301293233
43,38,77.0234951369477,83.71738783433162,75.12409727468908,77.17091988257262
43,39,76.55074668265212,89.3310788829657,71.3817569932659,82.87486372242063
43,40,82.61376156211867,85.5158650680698,82.96014965813589,80.1698658163294
43,41,75.24304117934045,82.75516552179438,65.40475215892809,81.52054162668244
43,42,79.32487714744344,73.80959653308402,67.08879574778139,82.52569668811405
43,43,79.42267905049198,80.02783620637402,71.14650855290611,77.71567508101873
43,44,82.35312119275878,87.94636610943226,70.12894506503572,90.93469362639858
43,45,79.30041979425758,86.17543219336152,69.46009212372242,84.56878000361493
43,46,81.53946945942592,91.51518410548923,72.66685347150661,89.51755966444645
43,47,82.12656730778363,95.50096821841589,76.38875285684068,86.52667898697644
43,48,84.43537273873483,89.90127926280181,78.82163401693944,95.89313046411549
43,49,82.52215211819343,93.3748450491059,72.02370349258487,90.39617787768454
43,50,83.96414227425359,98.28084425097211,67.00992202763966,103.30640136495188
43,51,86.3896806317878,88.75293186330207,70.98206479035873,96.14958627911156
43,52,90.16818337333295,91.61259397241662,82.61146622678491,104.31719363111142
43,53,96.1101690802389,100.98518656167329,86.81214765508216,107.95084011893569
43,54,94.26159270822271,100.5902813913084,77.72882434491459,104.89011442754963
43,55,95.79947494166561,96.29636210423118,83.13688189471344,116.15921036118078
43,56,98.5117463410049,100.86155185200845,86.5239308247692,108.06389678409573
43,57,99.97448569185232,108.82982346829927,82.73993323684104,121.4314711432248
43,58,97.177368008439,100.01503856735938,83.10872559312612,116.46658577024346
43,59,100.64561756734325,107.1938677994238,89.31050753855514,112.7699656797775
43,60,107.25264150278844,103.77189416766599,93.97603241985381,128.89908544935284
43,61,106.18138043382986,107.36740312074264,106.88460754515539,124.76077938241095
43,62,105.90379854077548,108.82916015412756,98.66231204841961,123.95753199027106
43,63,109.82448532323693,120.7528786169898,88.07697593401866,129.07508593289677
43,64,109.28550975560402,119.82140993224422,104.241455411968,127.19895043129958
43,65,108.46264953582737,116.77088985210843,93.08518545451135,139.94889934116858
43,66,114.3703728386078,109.80617749383106,101.57779819993232,137.38614456438825
43,67,112.95728814949538,120.00398713854075,101.50904095762426,143.53494806432528
43,68,112.46087689728856,116.40755424945006,92.82061241952597,137.26195649707753
43,69,116.98572754451276,122.25596753528286,105.20232581495303,138.1055968124747
43,70,115.66658173377235,127.65531789781278,110.09682777191702,141.596328877712
43,71,115.23772429077741,119.91389240651618,104.52540121516284,144.81781301659635
43,72,114.71204698509555,123.23662461719051,104.13850658875354,139.28044218114107
43,73,118.22186739812872,131.05887983784737,105.4601525266945,143.20502577533446
43,74,117.51348089696688,116.96966140919132,100.42904512775925,147.0769360423647
43,75,121.2694165947822,133.69604074615197,118.75228676506387,147.13976358511513
43,76,120.33383768427622,123.93503250411044,117.12785961773781,143.2435815160612
43,77,121.31988047942335,127.03970649252949,115.13546662700371,142.8553841409367
43,78,119.86495695763112,130.80405942234265,120.37873766122269,148.73212209660687
43,79,122.07916501967134,128.3467379552799,114.2443897532753,147.34139751072215
44,0,51.98285153240669,61.34275931353684,61.647748893016576,59.88367156099549
44,1,54.43531757452404,58.25963830255765,58.0677556601485,69.03258671860651
44,2,57.98415201643435,63.012422900166754,55.79244108800747,61.65113125796319
44,3,60.700219692187574,58.74030657902989,46.555144876004874,64.05587212924027
44,4,57.65218389940755,71.85116194207554,56.99702793748626,65.09328000088266
44,5,60.145092269466105,60.01703632379677,65.06219639954452,69.43153597259086
44,6,62.319200815857506,82.52708139147146,50.58320440278534,76.63833974076262
44,7,65.11860000344241,65.24408277621296,57.264748755932814,73.4576938952612
44,8,68.96613840042838,75.63347420054954,43.61915517746657,72.44342128627201
44,9,69.48953460844557,64.9533136485636,61.60230388374009,78.88838079887145
44,10,71.77688483111504,73.11364410104322,55.973995233392415,68.5624306553927
44,11,68.08707305547671,80.33693233822257,69.93612088574666,78.62782899301341
44,12,70.34317995548518,73.19678623026364,56.810610212737544,72.81154545874791
44,13,69.90515470162482,73.31183907867205,65.30611536604627,68.79591474218402
44,14,74.52247022251149,73.74152853416474,62.839678395348216,72.76267240045817
44,15,72.4314888861174,79.169401396453,59.29781504037389,78.24853869858418
44,16,73.28352588780884,85.19537348536203,62.865371575298376,80.08062336625497
44,17,74.412463278174,84.65579102307659,81.4912877042873,78.35326472666146
44,18,75.78564887328632,78.13621252481305,60.08586416497775,81.12650910612541
44,19,77.89789635906419,87.80218837866298,58.23819445829277,72.81533903707162
44,20,74.9620270961104,78.50915671217544,62.40774905430779,80.7400685273091
44,21,78.73189721473796,75.1034611600838,72.04085756846932,79.44179014915144
44,22,76.29850420501005,89.16311806312933,75.68089204679572,78.77054821974073
44,23,77.52788400729736,88.70415392252012,66.21956608944322,73.06636015864326
44,24,78.16641829810162,79.51592953828714,54.72015265544714,78.78126233259833
44,25,76.6264171553709,81.02506552590151,59.31719198182597,78.33028108837047
44,26,73.21249220104093,80.6582565449427,80.01467544381555,71.88769476403945
44,27,75.52310003014871,78.5120912138245,65.24858961756739,84.93377937780983
44,28,75.81581254184063,82.98954129053857,74.40115337902935,79.82766152929209
44,29,76.54850099547289,89.04696636761108,74.0024992200147,74.37109126204389
44,30,75.80405696396089,86.27689603437238,68.61540033298382,68.29974993894862
44,31,78.14317757743724,83.77043800224794,69.72437679563612,77.14180300939042
44,32,75.59962392814613,95.24551512771536,78.36482527736416,71.14549735043931
44,33,74.6775890205157,83.62856645895701,42.664627513629824,74.46010687332566
44,34,79.30712328869716,80.83864302845411,74.03091556087459,73.13692255377417
44,35,73.00326858201868,81.67640355370565,75.01823239417253,72.76713270920155
44,36,73.3182007220721,87.70501589700176,53.88810471238885,77.1728280021781
44,37,78.10772139049259,88.45599458306657,69.23434480114803,82.75359317727293
44,38,74.68792389223432,85.66255370443156,64.5021931576294,76.9857285733623
44,39,77.71105112843557,83.01468256666035,76.82181979230653,76.52034488077304
44,40,78.57602522048646,87.72031775976461,70.48713538286468,76.036672446937
44,41,78.05666635443903,87.54922068715203,79.89014181571825,85.16309984752867
44,42,78.76960277901473,88.19465490752656,59.1744423426967,85.49025262032914
44,43,77.01958089521729,83.88157139207588,65.96682286137585,83.35257187388162
44,44,80.56748440942181,94.40281237417506,72.34471001679292,88.90528410035955
44,45,84.59112916749416,88.14129055545328,80.71275608756815,94.40554198398857
44,46,82.37552811273163,92.4595261042726,78.12849248383941,91.4935409473466
44,47,87.63080363692193,91.99242018638901,80.68579155272856,90.31130435016291
44,48,82.23472230369951,82.05914813023598,82.97762354676631,95.33621946953251
44,49,88.42544540167911,91.82339685730327,72.37173618304006,100.78337493928458
44,50,88.88568150988486,108.95002747491115,85.25188377942476,95.73582779726156
44,51,92.81599259095373,91.65914586101343,79.11825448945886,103.75005960874971
44,52,90.72997797928662,92.65622488920951,72.7048406142558,102.30397732926919
44,53,95.03756357938659,105.40861141986773,92.98015032931752,107.00539820446161
44,54,92.09861624786869,96.37224863899023,86.77828126943471,115.41796955505866
44,55,99.01117666643641,100.63564626278439,78.53624722715016,115.92738057891395
44,56,98.61192447495687,111.79461867546257,104.73810634112975,111.82962461027087
44,57,99.0177201398106,109.4029482861518,85.71717916669178,108.23757147543151
44,58,101.54106281361945,107.26248279978245,84.79712382195908,112.94011669244162
44,59,103.75428643932177,105.82080363522886,95.36795003117993,118.19022945789266
44,60,106.07865845476941,113.60055811388372,104.63830416810481,124.56387942884032
44,61,107.12538880980817,105.91691318495118,112.96247333706145,129.5652337966789
44,62,104.13679720383688,114.07902861508363,103.62910949322722,131.37513777991995
44,63,106.540227083889,119.9725074318776,108.6100839094419,128.5080911520312
44,64,111.97774251918409,111.52199930595428,106.53892772458376,133.24559509115653
44,65,110.47793534384722,117.51049496292785,86.72184724416202,128.0144482649286
44,66,113.35356558095806,125.40357987146201,104.2238121890936,134.8702925401947
44,67,114.32201843115617,116.456032115089,110.21183479372334,139.01725466106723
44,68,112.6196858633874,121.33281684524016,101.19577225550205,135.49685893675354
44,69,114.4150583851887,125.86731014233641,109.35267745221309,145.36216258398355
44,70,116.6552598276319,119.1819416416806,101.86893163060353,144.5855900587681
44,71,115.73662974256838,121.56446188565944,109.23819379265686,143.87316042115555
44,72,118.69369646464003,130.0316583227518,121.65068891109397,142.09032067817873
44,73,119.51236220801361,134.78642258716852,105.40288020241795,144.726143352735
44,74,117.83296089355629,129.89728945704348,109.66000719351673,150.7846061726143
44,75,117.78857017052773,122.92624044630158,118.60966140499663,142.8514858878794
44,76,121.54242097397241,125.5286178471305,120.97405366544893,145.69523248410965
44,77,121.57602125269872,137.05234131631101,117.77424078603346,154.15696767360544
44,78,120.52505897468619,136.98157722460635,112.49020860709963,157.18300225105932
44,79,122.72997987912876,139.5504678798393,111.63794774276892,145.78174850050306
45,0,57.81445891166224,59.49643447824022,63.91101768789107,66.49107913838795
45,1,55.10351414613359,61.92294702803988,40.62867373662361,60.23516983913341
45,2,57.108323766786974,55.4997026657592,48.86811603115727,65.87335437724022
45,3,59.647142710348916,66.4761897692179,57.0618715169837,67.47139617809168
45,4,63.481787603403575,68.92980681181473,55.21075740108675,66.89311425089589
45,5,63.03126595005117,75.32669306441437,53.229756218093996,67.44091780610728
45,6,64.43164240210415,59.529331056826706,53.62374659882424,70.02019723273865
45,7,63.49287485900388,71.06961860568516,69.22642220970619,71.46323899564001
45,8,69.50986147151949,63.14773508974542,62.02157874393064,72.72273505024108
45,9,69.0834018724224,83.9122969053015,61.42798251863027,76.86682082054844
45,10,66.3597127089385,81.02483929954988,68.69360162904286,77.2075677224546
45,11,70.74360261424623,89.78145558630263,66.91671278205861,72.95845033235548
45,12,73.01265905609446,71.14389363131264,65.57815343046653,72.66371931529277
45,13,72.02906870204927,83.68478221705391,52.442846067009,67.63869956990116
45,14,75.25448852806899,71.8871535282523,61.18388211277248,79.8323053393858
45,15,73.14266235129212,79.4202883237013,62.24930555655589,81.17515495576632
45,16,70.50419658386583,81.89034260598999,61.89497557409943,75.22553725048616
45,17,76.71412222854848,81.78837381919888,59.563381891041644,76.76009029869887
45,18,77.40617177274238,91.51704405039054,60.70032211906003,80.03361875648898
45,19,75.00578951161015,75.25956006093949,65.96327512262098,77.7582559924507
45,20,76.1825351946994,76.4638326512633,66.42934506281075,76.34642157136021
45,21,75.44589406134277,86.32169949657924,68.77505743492307,76.92000808450301
45,22,74.95118000646953,81.39433636736213,63.276546600946645,78.98832682050916
45,23,76.20413730125796,89.04570858797992,67.9343049488411,81.61991191400787
45,24,77.2931526745809,83.79357233670443,78.66955374382019,74.30050712439407
45,25,75.80405271163288,74.51599817672991,69.44411862957078,79.51158992048106
45,26,78.86324470189886,83.44789527123012,62.641532230542055,69.16359467394808
45,27,78.4373571618448,89.51331890364804,67.1353951621956,78.44169077135078
45,28,82.08099407725066,92.50532824219535,61.88555001583529,79.92159023724189
45,29,75.27209864881736,86.0933210071769,81.86310720427292,81.30088740567072
45,30,78.01428982333466,85.60639943860772,59.163604807044955,81.84179560042588
45,31,75.94462375218458,86.84065358189493,83.09343946576031,78.92436320936011
45,32,77.45204128093442,90.18458723123231,65.09193150108614,88.66536181302297
45,33,79.98201874419998,78.23493865655738,53.493787408478184,72.67514704570092
45,34,77.23119743914226,83.29191191571273,76.9922699835972,81.27393145023575
45,35,78.1796564928805,81.59165072851549,68.85476151412153,80.36728424215877
45,36,77.0884730477797,85.7476314324426,68.27990868886108,77.53374800609353
45,37,80.63002839869117,81.56066681448371,67.04441477341148,78.66237071119374
45,38,73.58712367706258,83.48324848146189,67.97124827049669,80.00502773200971
45,39,79.10797011676442,92.49628631321131,68.4948600452182,82.60104949425215
45,40,78.58949358883852,80.27818741320817,78.54494966663705,83.34176988203768
45,41,78.34852473740548,77.76474931617439,65.82937066576216,79.75650453693305
45,42,81.13396225891753,82.54551893878747,79.83847736549586,80.74609864314857
45,43,76.2247229797944,70.4638710758265,70.98976217936232,84.94753374642721
45,44,82.9580605388248,88.87666636823509,68.42205121780937,93.86716241932322
45,45,83.23968277545096,84.98108661254014,70.14832196405845,93.53765610454556
45,46,83.6162322561791,85.17134083610256,76.90092548023841,96.15475649209706
45,47,86.46729485367675,97.11992606138519,74.2444564877631,98.39847818672511
45,48,84.02337409723856,96.37273319556313,85.33282618922533,101.09156150862911
45,49,87.4193382513926,95.12335442098484,72.2354176696498,97.20484240499674
45,50,89.36936660121235,95.75143746378424,81.25563322936091,99.86766662844381
45,51,91.2997130322232,92.51190731089163,83.24730082811747,104.55010652987629
45,52,91.59357545078429,101.0684658333413,64.97267272969869,111.19128537233364
45,53,94.28947695510053,96.07259542943055,71.97724605997696,111.13931271203619
45,54,95.90037456446424,110.7671047658763,87.06953915545135,118.8283419528448
45,55,96.82338630842528,109.19635433502805,78.82296665986837,112.20225791060737
45,56,103.40558052437689,99.0951360781568,96.05947895643507,118.70308776984878
45,57,99.66213356144155,105.3491985227577,90.92300038099056,117.8782863465893
45,58,107.602989582448,102.2801181648007,87.07104619217348,126.71202660016769
45,59,102.99352400981745,123.41015917313419,86.03999168269283,130.51768378606837
45,60,106.08820896371444,107.45025549617618,91.15413952854762,116.23905523772913
45,61,105.85791591275918,111.85702289523363,97.62325633273947,127.03720241753179
45,62,107.18421575809465,115.55851049613,97.94464765530596,130.26933503276317
45,63,111.6663222645762,114.16141606165357,107.6400354976168,134.8580100416419
45,64,111.42766674908653,119.12839810360187,97.0349957154994,136.4678476374342
45,65,110.38538732277348,115.52216003856725,101.74799946656996,141.7955799367525
45,66,115.43990003230807,125.17497675423284,104.70222839827558,131.2071313232603
45,67,113.82712540186253,122.0954636085226,107.72517967415685,137.69438517994286
45,68,114.54499418062768,122.6558779372782,114.13178328963531,152.31608930659047
45,69,115.15213832128296,127.96940178232505,114.14009110850644,138.73976024884604
45,70,119.10868293050046,135.9866227100697,114.41862766922391,139.3301124265954
45,71,117.39983519655762,132.31283509171882,113.69574957493822,148.6485217119202
45,72,120.6789132860517,131.11658134471048,105.39485177913362,144.82996851140922
45,73,119.33135884185455,135.8690451170786,103.86249658490883,146.9773368719303
45,74,120.15312366590119,121.38004445317489,111.4833779061595,140.5586884098939
45,75,127.09310507365542,128.6849536386853,96.359027870131,144.47414890962324
45,76,124.22796566192213,133.58641016573,113.23665720995042,149.02419529157314
45,77,125.1433033821948,141.23271375660144,113.48227994473295,142.30896606638532
45,78,122.97105173238283,132.52793728494626,111.47147150015186,144.39209685742938
45,79,120.16939533439742,133.83962508315858,111.95250323205114,150.15278904130136
46,0,52.3108644892992,49.71099777689999,33.87724589990627,64.44562316438926
46,1,59.30840756284164,61.445553085396284,46.3697831183406,67.20094241699745
46,2,58.826172121462854,56.477238219167674,50.939085586043305,74.001009949939
46,3,59.92144977856557,55.47122673335461,57.571105029716776,61.19998597186418
46,4,60.785572634523824,62.964758821938574,61.696550016585256,72.11735799741241
46,5,63.542875706951556,66.67487223325135,48.57074475689297,70.49346267974853
46,6,68.2230489470652,72.55032367501836,62.224095071442676,74.77331984654175
46,7,66.67341483124055,74.67600742233488,56.18796903921786,67.34914673808566
46,8,67.50692571504862,69.20705465078233,51.66938493891024,74.64347675973133
46,9,68.99847801062099,76.24709113509412,64.17196043290798,68.63574971811533
46,10,70.27929292938819,75.48565967641134,58.826175738453756,77.69653341607446
46,11,65.89727953967244,86.27460937649087,68.91933504801293,74.92674547218667
46,12,70.9401233995564,82.34830168975873,61.608092524766484,72.94993248666331
46,13,70.49444155382822,70.03098766192724,45.78954152145974,77.57880982710043
46,14,74.78010995426192,83.34018825544435,63.87848201145619,80.01023853006622
46,15,73.39140374081646,85.0492694556504,74.72518012032297,70.51466070595265
46,16,74.87767673629124,81.63433101273628,68.3642470196547,77.71633352369308
46,17,78.91569100765396,75.96057105710935,71.34188790921328,80.1695534199611
46,18,75.79366103891135,85.23300564219389,73.38576810837338,73.51705228260005
46,19,79.52599365454022,81.19244347433941,65.87140643170763,71.85623310739307
46,20,77.89076040726478,67.53221568914061,61.649583798391276,80.77630717436878
46,21,78.41095943838641,84.73145422363297,73.19919739132516,77.3033228858968
46,22,79.3228626667612,86.16323116392745,64.11545654049313,78.76357744071771
46,23,75.88964970419251,80.46810642521791,69.4612642779812,78.14483098258175
46,24,77.41480441053885,83.0553057326979,75.05407910482444,80.79890942214155
46,25,78.4240468681038,86.90028274090798,76.25773044792066,81.10641825845768
46,26,78.16224052275828,85.7449598362286,63.26192823553918,78.72360918171918
46,27,75.91609502847658,80.47915586182435,80.93606039579919,80.08732517626652
46,28,77.70174817203477,82.73442425815698,57.30999844793313,79.62621662093864
46,29,76.74459864828329,86.06586253437051,71.5695385066352,77.40493718100338
46,30,74.78060430204445,82.66869756293458,66.97185041807636,75.46781401861057
46,31,76.52566499282833,86.30562874977399,78.77228376847805,80.75366343183606
46,32,78.01262104358122,86.90012161138372,54.57155404013015,79.61927588791141
46,33,81.1171315471311,90.88493601757936,63.382915796340505,75.78139148972132
46,34,78.53313480616627,87.19517649653986,74.70791031803903,76.41106525364324
46,35,79.11982791081407,80.31329167393015,72.62502531612795,74.90001071234201
46,36,76.75626863744284,83.06312842429696,75.35473882691015,77.50864664746199
46,37,80.79774841769981,90.10535794588758,66.2865304617263,84.57749067400336
46,38,77.74948923388835,85.6662257443201,65.53660241168379,83.51228847512768
46,39,80.14520177683958,85.86366957881334,70.94445135767918,81.11800457959481
46,40,79.92007403651252,81.32188528279544,69.54088193701857,84.83552876088109
46,41,80.38887309938325,82.346700869906,67.1404159455116,86.04609020747549
46,42,79.01563404055787,80.3777760722986,76.6775472895971,84.46819620445177
46,43,81.81495611838247,76.77725158583675,66.33738285246154,88.57457177483151
46,44,nan,nan,nan,nan
46,45,82.72419019134372,95.49675285862804,74.4797955351863,91.36726429597633
46,46,85.71433798898673,83.9592748867996,85.39711784239589,94.1536075924035
46,47,88.64431729400044,96.52964721547272,66.80469031067054,101.98317252063487
46,48,88.70378297945318,97.97658658901516,78.0125644732106,89.3484254324439
46,49,89.77149775921421,93.15937365176002,71.83290228094059,97.01677063070032
46,50,90.83774560016687,98.92090215952709,83.47904064747574,101.32921809761058
46,51,89.20879646079715,96.24348505343539,84.07022724225438,105.35469936129572
46,52,86.8197189647347,98.24724247041445,83.83936273429632,109.01187050854399
46,53,94.25712340059751,98.72440112402904,83.55227836377176,107.53056402021168
46,54,102.26629362801619,104.98793417152005,61.02749731423344,113.79084304580178
46,55,96.94930345093003,97.9211543737303,94.86008078652296,113.08783230459605
46,56,nan,nan,nan,nan
46,57,100.66678982253822,109.13432568525286,89.60133922804592,117.24589673550794
46,58,101.1414505041349,106.3555517736333,96.71363854534074,118.97762014110242
46,59,106.09046763323715,110.4887438578645,91.09127871728876,120.14093008327086
46,60,101.49272731932538,123.99897372296897,93.58740175601291,122.99665558241506
46,61,110.18335508561184,115.8193101517154,98.83804745278367,128.979296963428
46,62,107.89048330145681,118.62876615318405,86.34259601235574,137.85172629125955
46,63,110.13608943280285,119.24196348039105,109.31641071842557,134.68503738319424
46,64,106.18328968041358,122.66463199632827,102.36859007458641,133.47977798702482
46,65,114.00226423346682,118.22906904430552,106.54870547663256,134.79821275383358
46,66,112.90759739060458,114.51686445007893,102.63944365439227,136.37382523054063
46,67,116.19851792965206,125.96260684811524,110.83581253904093,133.8532822799734
46,68,113.57339253554889,128.38382483781987,101.05063611420846,141.50328896376774
46,69,115.92992794804157,120.45719360670658,107.4716998913328,134.37494165727077
46,70,116.70352305643482,125.95306280365136,112.82262171419097,145.59827502468477
46,71,119.18190126131138,130.47977108712846,104.24450747181936,145.64482527798765
46,72,122.31542669997802,123.85294903925521,115.24784716690861,150.47352154286276
46,73,121.76665681639172,132.10731597006398,90.71523999141668,152.91055076089995
46,74,124.50334452704372,128.92975826779664,120.83509336527484,151.89356594638008
46,75,123.9094801945062,133.5782222237342,97.16692198767338,149.5644757926249
46,76,125.46826359639489,130.2381892385439,122.7848150900946,148.21247872132804
46,77,121.53931014224187,118.63571485522979,110.18182597355177,151.91499687824015
46,78,120.66584741510515,132.71183147524764,113.10542209323918,154.33930075262433
46,79,124.67408746005941,119.93434323459866,109.22233046510875,152.96972580885566
47,0,53.001514409708996,64.1654917281812,51.87372883616918,63.00646573116402
47,1,58.57730241040704,58.63266021231016,45.18032504847491,56.5670960274181
47,2,59.70464905096171,69.5839313534904,46.87091837910751,64.68137413695153
47,3,57.78805048533547,65.13885757716204,47.742892322184275,63.9500373358582
47,4,61.97734696763395,67.46660880228866,61.56218939217408,67.81537228089897
47,5,61.74376413536372,82.81783946531638,45.00180052914082,74.53102517946894
47,6,63.22837505203549,62.163308008869066,65.18598380102216,68.52330430822568
47,7,66.80160918764889,67.89267713960899,72.13496434432737,70.46233367340535
47,8,67.98186915398472,77.04306992093898,64.06490919349581,73.48481173568305
47,9,69.78669196214717,79.61058870668971,75.41217575021824,78.01771933957552
47,10,70.89113959685227,71.87547766991007,73.15581380709293,81.56788126375757
47,11,71.9122528221182,70.88479169494553,55.38936367232179,76.21688808678569
47,12,75.72615778579515,73.75418191246479,60.658100232312705,77.7320820487974
47,13,73.55395241164341,81.1387033823775,64.8206785847787,68.80107659678927
47,14,73.54625918794588,79.21141120773017,75.44684532710164,80.5951471409116
47,15,76.87720514732179,82.40490599675294,59.78869346540058,74.06465424846894
47,16,75.65021582487795,86.37645920610568,61.198408540480244,77.78173680991182
47,17,79.85107769099426,79.57143108385333,71.68645458828959,80.9077498722321
47,18,78.35065114680515,81.67106291410232,79.17816036068365,80.59712298910347
47,19,78.14597794405334,86.936641859452,56.756554154059714,85.44354439374105
47,20,78.15808187077444,87.25101687644042,68.36034573731959,79.40435649790423
47,21,79.53508954365911,91.23142119438982,70.88768328079209,82.23598785192111
47,22,80.30785941978448,92.91753382917922,69.03620256970389,80.01195721639402
47,23,81.98471263735189,80.23374342721553,73.93745951721199,74.46358584541268
47,24,77.54709577357059,83.4621192549459,71.20642756856306,79.45630643149073
47,25,77.04334645561386,82.46329859058774,68.68702970062982,79.13556604353445
47,26,nan,nan,nan,nan
47,27,81.05934796507144,82.70487738343814,78.63017974955426,79.30012196758669
47,28,77.00372155182795,80.30141529108104,54.54079256166033,75.25171515571803
47,29,76.56887636297115,80.45696181134664,64.55256640622635,83.88098909697008
47,30,79.72978879729999,79.80956690740283,65.90196703384649,81.08227932726186
47,31,76.98836756039962,82.19993853537014,76.67409205796152,79.8636246514824
47,32,83.4447422271109,87.02299116539041,66.70188727045111,76.39966362335085
47,33,77.18088708902577,82.27316303471045,75.29246127101622,79.26927238897343
47,34,80.4475233250413,83.04888655579443,63.03925504253805,82.34972930774856
47,35,77.65937968051206,87.97929309713292,62.266115494868046,78.91715913188318
47,36,75.50101573864661,80.7905537716805,78.3471143842662,77.27674820175343
47,37,79.22416171400546,89.19689435667337,71.10451463443724,75.8469506182984
47,38,75.25842874865391,87.76512983857329,62.36325354823171,91.82941121182814
47,39,80.45682842241335,86.1486823002774,64.68537449713673,92.53237704811812
47,40,80.67169067135697,94.72908936644276,74.59843558645356,90.62843331261736
47,41,75.3916120580654,84.49206933416019,70.77050177998426,90.4046608688393
47,42,79.2801958099382,86.4631491301654,74.49204940413321,89.70018006241959
47,43,86.17424797873059,88.62341566799351,72.34325456545243,90.16508230674346
47,44,85.8173826374321,86.32548458742318,86.35424286370883,94.28313599058744
47,45,85.06750041930447,100.62873119222837,67.93687565463614,89.67756831324235
47,46,86.52314891614928,93.31678229962424,73.15745145887158,95.29868278911266
47,47,84.26443565570835,86.83789011123426,71.62707029073434,97.0607253318768
47,48,88.00066004653543,91.66918177214725,89.91784159511487,99.15081807711026
47,49,88.83146484755528,89.87557189617104,85.66326399771148,92.50647408137016
47,50,90.77465661891875,105.79354691704728,82.12906270699565,109.22263944764815
47,51,93.9865743070837,99.17695441100476,81.39296100190785,107.48851511973467
47,52,90.84640249566866,99.94915920024586,96.62117954412788,110.28399715767607
47,53,93.10269341244137,99.39073534817427,87.0975394171584,111.98377720372585
47,54,97.00810946704337,101.23240482743361,84.95565860884759,117.72898183113642
47,55,96.17478768557369,110.54587235165965,82.08428910603786,110.78334124897516
47,56,99.61187812358469,111.27730873871978,68.52844110963339,118.76573160747479
47,57,105.18610482023769,113.54037619407663,97.71390502916023,127.25248595047009
47,58,nan,nan,nan,nan
47,59,104.52001376741045,107.28728211150315,83.79110713138941,128.8461118223682
47,60,106.41362849322427,111.61612031120595,98.58868936772843,122.29544711911585
47,61,108.00838604447462,121.43751763119285,85.63959551840789,125.14133721641016
47,62,109.36195381977736,118.79703498208768,98.68675274866213,133.46371657943683
47,63,107.54056391966469,116.38216732440561,95.9294366021446,138.00140646236062
47,64,112.81311168094888,117.01326355780408,103.26700927126103,140.85661732627554
47,65,111.54730986894646,128.5766893551643,97.72042883116136,134.42807571809922
47,66,114.46494827093842,127.36647027245185,108.65119618406587,142.65660360826283
47,67,119.1844068330299,124.33092500461089,100.41077054340668,143.62101129185604
47,68,119.16835906562393,133.60482472506555,108.81824900747642,147.19902343884803
47,69,119.25226946181554,130.96133087124082,95.31545462967931,139.39613179191807
47,70,119.42930761729171,126.18769467189794,115.49393968933218,139.4449918506006
47,71,121.46229853777572,133.76250002272073,110.18844048940714,146.46383896283467
47,72,118.98231329695878,118.3285625592378,111.61447299990242,148.77083544369123
47,73,124.26747494318614,135.8390577993152,122.04857098181986,150.38672285474632
47,74,124.18063952981277,131.537498478886,111.30519643025198,152.83335098897334
47,75,123.42824998683042,120.67786035806188,106.60241926344811,141.32938696998605
47,76,122.14518268638079,128.80819286233915,111.32443734026505,144.94147923230742
47,77,127.01015434515243,123.04055906672723,107.2593353543162,154.11268129302115
47,78,122.29495330117263,140.6057778073537,117.1706571696446,145.5125862065689
47,79,125.6920270014991,125.4547134464384,122.99667505378522,145.80390808394543
48,0,56.5282961458756,60.2161052245805,56.20442146608837,62.83353655767023
48,1,59.00832079854669,66.93996779758055,49.983352806906645,66.59175293969832
48,2,59.54624210654596,53.40009834340873,47.23974823409883,65.85715575684509
48,3,63.06405596410687,54.5714835137596,62.07846909379041,66.00840581027506
48,4,61.2502740814716,80.8580691638993,55.774803516525104,70.87470698147304
48,5,62.723867239111144,63.99422421189153,54.2729399928591,70.81306421428904
48,6,68.51899823479783,74.2964174351209,61.17496689945127,66.24558085357707
48,7,66.41417017074626,68.27935799813551,53.120432582411645,66.34496011658308
48,8,70.13217639925836,79.8834233709698,73.71478244058235,72.64939119326043
48,9,71.01747646388156,75.66983560922125,64.85362988188172,72.18472420643461
48,10,71.28618366417159,79.66419079231657,60.024224675749096,76.93272479337672
48,11,77.12849436569047,71.48130458251401,72.96000467141276,79.49357163337623
48,12,73.34623666650731,71.8594405832494,61.94389458830699,74.31781366842353
48,13,73.78734624774215,92.15228721275466,66.76197600837546,77.05641600283806
48,14,77.90461723861054,74.20358919484103,74.25063133311762,81.3324604551936
48,15,74.04576924377379,89.88561770773187,75.47161216020112,83.4848482428262
48,16,79.16344952104005,77.16217968738313,70.79823990945081,80.20622417436407
48,17,76.63512555764471,87.78799810273705,72.68848148796012,70.37328148790371
48,18,77.31393745992277,89.15069802125593,67.07487034885384,82.13786399524918
48,19,nan,nan,nan,nan
48,20,80.48957059785639,83.35899939905599,83.46079891769722,75.31138122281718
48,21,81.40685579454795,83.38093118952025,75.28090194616257,82.35805386774811
48,22,78.35523921310066,92.35029578607629,77.89027315891035,79.56732932983853
48,23,79.87400780140247,90.86186607598687,70.98012275700401,75.30562378493688
48,24,78.56050325480219,84.01936974064174,73.04046570018865,76.30066049017404
48,25,79.04896356417899,86.64424372383806,72.21529348655122,80.96762092130741
48,26,76.19283118622911,74.26320117860995,71.3338584099932,85.09138807444374
48,27,81.15370185476291,84.62953448931741,84.03463357524298,79.01058000813336
48,28,77.67079131949733,91.44133839742321,67.63520138046982,83.2083217523546
48,29,80.48632677687647,80.27999908002374,69.61209659261714,83.11599862074928
48,30,82.27870588720518,85.0330432101522,72.70945287313914,76.36974101135664
48,31,80.11888069662973,73.77512018689342,65.33164047580475,79.30192532401543
48,32,78.82085917967872,83.53680068264906,77.03763943225182,75.43850018338301
48,33,82.10703953670277,90.11768895705717,78.94482363427737,82.73457943480983
48,34,77.02201309265392,93.04038632447191,61.27822264493788,83.3721510996262
48,35,79.21950950432242,85.3792320308395,63.04736593160291,77.88006323858988
48,36,78.55630982240265,76.16051377268546,63.19644652879753,84.88544644623423
48,37,79.20666991407596,77.66548558739547,59.02549499016993,86.26982262953874
48,38,76.97071709320947,87.5056248632224,73.32907494784581,84.47569091586784
48,39,82.05495327681626,85.79832468157628,84.3221758125883,83.70812742777014
48,40,79.59059362868777,79.23891568219457,66.87233981309068,84.97112157038484
48,41,81.90942916073338,93.80400284780711,69.78435586681755,92.28957147198884
48,42,83.3305346988124,96.85050254373087,76.78192884749845,87.91255725720713
48,43,79.70850745461263,88.39901564133784,69.5856552412711,85.70190071318117
48,44,83.0628503604107,94.59163633176925,72.80130959813916,94.63825427835926
48,45,83.38562295715583,88.7402943099867,74.27057094341865,94.09607317417652
48,46,85.69795699154953,96.74581358345183,79.34277427767715,98.84425032189868
48,47,86.79539465826635,100.37019079886959,88.31320174754808,101.91165751918139
48,48,87.06816526941074,92.91561111895243,80.4298559721244,101.93084714728055
48,49,89.72254415908246,95.85880946507639,78.05167805553204,102.16343242264972
48,50,92.12216734628096,94.2196242723641,83.98397299380674,103.84548088048174
48,51,93.59461773676338,98.15266690281665,85.46793783750331,108.57005761667526
48,52,88.70136187486912,99.39459328482296,79.58600403031569,116.44668024084652
48,53,96.33369466179894,111.67244283214924,95.29159262621958,110.55722790565466
48,54,95.77852847900104,112.4664631583812,86.46409922038617,106.73724856386751
48,55,99.126310232473,119.38612343746395,82.79688582921919,115.5756426788634
48,56,102.24847094008554,111.60878195421884,82.47299039599633,124.72326281601408
48,57,101.95055048902668,104.86426929839512,95.71067287879205,118.38593014176617
48,58,105.22712279253484,111.76182277044373,89.63862684964491,125.73551216825201
48,59,103.78877278358011,112.37170025247669,95.68664951649306,127.74560323741943
48,60,108.03239074110792,106.50534893309003,99.6853056242312,129.047510047596
48,61,109.86019992166314,123.01992100661846,107.57595981354692,125.21222768433701
48,62,112.27972388086961,101.39189425860289,111.30987177458147,136.03764444527144
48,63,109.1449699893457,114.96849589679175,105.45275906866217,131.01412143234427
48,64,109.68715470555725,124.95620014171627,89.60723089445979,132.35828155325427
48,65,114.0395721788385,127.08845233080925,116.29454395149843,129.99014022785272
48,66,116.06578439044307,125.25147658178656,107.5239404229561,144.9477385912437
48,67,117.61699757116192,125.14124377266121,88.61881041537765,149.71471984809654
48,68,121.55861502222703,130.79930358491612,111.86843866618771,149.69449868835127
48,69,120.52514576609447,126.8177994040555,109.93774945608716,144.73804859372612
48,70,122.03785615990573,128.3145348659376,113.02150287251906,147.99805197780168
48,71,120.75443864667507,128.67673728877355,106.89225830561422,144.8751652556364
48,72,119.16337606121235,124.73788956795553,117.87537617948047,142.2202666973545
48,73,120.34177137434887,121.99776884529689,106.11480667657167,147.48055906127584
48,74,123.08172154866122,132.0958384538292,117.11132696421754,144.4978832646431
48,75,120.45432221239041,130.2157214659692,109.23172321426608,152.2549730704394
48,76,125.5069916838002,137.69108883776417,108.3617923130069,151.00025544536234
48,77,122.83310179904936,137.1257222896129,105.89628738760582,150.76722194926606
48,78,124.69521376784395,137.3005404501921,117.379115588574,146.32259044820483
48,79,125.06393667821939,126.52622410384882,106.60099212186209,150.37029092609677
49,0,60.08253045039641,55.01574381721081,52.87697912653383,61.3760739097154
49,1,58.08279640106284,56.320033733217194,36.864662692553004,67.32161315750113
49,2,61.208249024584624,71.4581054721418,59.47960796879827,65.71426171458945
49,3,61.73258476784661,64.7585650956931,62.753419584434255,70.60651238735043
49,4,63.96453268418788,72.50529882128782,59.72352705251829,69.89623243826475
49,5,62.660261655580676,69.28501084386684,54.84570462693571,70.24238250398278
49,6,65.76310567732811,73.53958836468713,53.295012516227885,73.38545189027307
49,7,67.58432036415208,81.34468583609264,56.24574434926041,78.16774871691344
49,8,70.96877097350729,79.67524348786279,65.19614481838293,74.95390984663437
49,9,68.55977471979725,77.99609423420193,66.62089311046945,79.67659058256518
49,10,70.35471990670123,81.96996706404423,69.45462979676118,78.14431246260621
49,11,75.46450020466956,81.5372828919162,75.11414836400957,79.39358213669028
49,12,76.35448636389205,77.67986594705738,58.58066616585041,80.15879591838235
49,13,75.55470825116853,70.7163431634336,59.20359909289854,79.72578408230993
49,14,76.0168833754259,95.21165490528678,53.56663318918304,70.3550577921488
49,15,76.53512279059215,89.96752907852725,59.54699986151392,75.83367635493275
49,16,71.66648410828905,78.57405901987596,73.27700345297595,70.41030786234757
49,17,78.15651166700187,89.10295341929965,68.97488251170077,74.5039728463846
49,18,79.22040096570086,92.64200822312941,68.9691435298239,74.83336654838966
49,19,78.19323788234074,88.94360427104685,66.89500129331608,75.33226094634107
49,20,79.48758592015538,86.18428213163472,68.66647921748894,78.00756840147238
49,21,76.21013885706283,91.79828960336494,70.39197885976158,76.2628404123424
49,22,79.71029716097613,91.5786008105778,78.72992619312528,81.11609276126157
49,23,82.03452654017681,93.42813565583283,70.31148260319314,81.44726626572951
49,24,81.11904534344221,88.11905499548567,71.21056687484462,80.579913908205
49,25,77.85765373555421,92.02694693747637,79.57189485542084,82.0529291717165
49,26,79.22282746565924,82.60582006591045,77.5941652247878,82.71178117495143
49,27,81.86653628716445,87.96029311151268,75.82848039939017,73.59817499675039
49,28,79.22324073977305,80.90667438430374,73.24525960668622,82.35462299271666
49,29,76.8533077278064,81.80257268280873,70.26075788489491,78.91083176348687
49,30,77.60706312689615,81.72970969185805,68.0295500192494,79.06847019509752
49,31,80.97512944452149,90.0636318671115,62.60257516013928,82.97228842312379
49,32,79.26999698926564,89.76061682383353,61.21680250397025,77.18923529621883
49,33,81.19133179820156,81.98754167088195,73.4600956606094,84.14832791596551
49,34,74.94735905495325,73.2814128790994,59.06648106492972,85.29198122854709
49,35,81.26101164171556,93.87983602072407,64.51550629584553,80.10707961872471
49,36,81.81294700350261,89.47683730657468,75.52145807482749,85.0083216249364
49,37,nan,nan,nan,nan
49,38,81.3952764220903,96.95020405321904,72.02317157234963,92.96443022002352
49,39,76.41164914540323,88.14399981141874,68.27654203881349,89.2980546925336
49,40,82.7318845931019,88.42692887293664,74.83708046075756,89.97583924670259
49,41,81.66639369877639,95.08716758129056,67.20114344603321,89.48071084079396
49,42,80.68577037673391,91.28471134981191,61.95472255966985,96.34821340963822
49,43,83.01086365831517,84.35103770281611,78.96152287812427,97.64732084682772
49,44,85.78507426270589,84.31666832070033,78.67152038359116,96.7548383565421
49,45,85.74744601834884,90.74592195863671,72.03142391152899,104.81500602543763
49,46,86.12285941910575,87.90812246993403,76.36313098658242,96.40487139932183
49,47,88.66449355687183,96.37099564512884,91.07354207178277,94.71729089941479
49,48,85.91498459187045,101.02051821037442,70.8198861232475,103.279048252588
49,49,89.25016205644897,98.34517549987972,70.56464367469837,104.77247627516078
49,50,91.02528876597171,102.51246416965468,77.53156889958737,102.59609462910328
49,51,92.83618725054161,104.66799159065872,79.39907654632161,107.90492248513053
49,52,94.24017697820467,88.99632556091935,76.96412361873736,113.32128948137871
49,53,98.89124953689407,102.22439167206224,101.0007718522165,117.56740854266857
49,54,98.29313630571954,107.68284859116773,92.8804101013817,119.16996636512904
49,55,101.57315850024307,112.19838012678281,92.02507749697234,122.03581503666994
49,56,101.98178803303313,109.18286546359651,80.96156241554438,124.78797958276355
49,57,102.01019794265237,101.78405217742369,87.9920022639351,119.54079580921668
49,58,103.30828574547711,113.93639203984071,87.8508082531063,132.97508273584972
49,59,103.4318994618268,115.33502144562483,91.27172709181038,126.11481435465318
49,60,107.53893417970787,114.4178844008712,100.42102644286287,130.1364609349944
49,61,108.9314525845607,113.23473525216122,101.32246833603885,128.6628496569081
49,62,110.10138757083614,112.19424682375742,102.27836141430589,140.61244291903503
49,63,114.28526634056156,121.64284712818943,113.08352438401553,141.50397330907546
49,64,113.53427990324849,116.64303890185667,102.99891125150306,135.11578004613096
49,65,110.69392219848346,123.71713273826815,110.07118250040499,138.00214719896582
49,66,116.03239960545167,121.12738418413234,104.2682511150799,142.9539332700206
49,67,116.18093187785723,119.02861940271806,116.00909191294001,145.13530058552007
49,68,116.41547490236252,126.43308020156692,104.43724659850572,150.57515106809865
49,69,117.33591638177619,131.92969212866376,114.21303814151068,149.2300033872081
49,70,123.18221659950184,129.37659645275204,110.91289519163924,143.77270117895017
49,71,120.791545471332,131.41693865077195,114.75100225115193,150.2216053873136
49,72,123.50349877306914,127.19831564379932,103.72658362965257,153.7884085330397
49,73,121.02152685264161,138.10170039242104,106.9941143515666,144.54479125510179
49,74,120.49730034094438,139.66278278374503,108.46548318067987,142.5874486059021
49,75,125.65397102782134,124.74443106379545,103.1560992409299,150.42429667467675
49,76,127.33034049643325,129.0187289909659,123.99384624045537,151.32664438019916
49,77,121.57974384786772,132.53059290918705,109.11807365786053,154.3647318423681
49,78,124.97082382335515,136.28863627712042,106.04749846023111,141.53541580141138
49,79,124.13160131438833,142.3557258703018,117.68005340917068,144.43198618387103
50,0,58.40859325789172,66.88159269651938,56.434294230437494,62.86677332256759
50,1,57.053390840006855,68.41765229554944,56.44721673942567,63.055780895817634
50,2,58.783209769575144,65.77335920437619,56.61752185422282,72.3503974477521
50,3,61.24641622342054,63.02992222860875,54.825312479302475,64.27961989523148
50,4,64.62380909067203,66.03326646566367,40.65472093950868,68.75066262457315
50,5,64.65464469583581,68.966194595738,78.79129754370325,64.27843738544261
50,6,67.76013481817738,70.73284699806165,56.689279584049196,71.10939150811494
50,7,71.25527355043788,72.60495822645171,62.81877950048695,77.4192085933365
50,8,73.57205314856876,67.35339840750501,60.37532249845307,63.614351050874205
50,9,73.43141003306695,74.56891319256438,57.32995809826248,81.13034075007965
50,10,71.22275690183626,83.0612474690573,60.70479866155458,73.88216513221104
50,11,74.07895148870091,84.551642049161,66.15377779230222,79.09323475814602
50,12,nan,nan,nan,nan
50,13,79.41181704032904,70.25571035774814,67.22906875676445,73.76427263781555
50,14,77.96465751955641,89.94201567908343,74.51545485143282,77.023960724556
50,15,76.8058633820262,71.68873182450301,76.06565069423259,77.91836409171852
50,16,77.20869589929305,88.97459439084773,51.73859328989194,68.29365413298729
50,17,81.91854795065724,88.92437101241684,69.51652224949571,82.67855099546927
50,18,82.20428814574656,82.27065805456265,77.35151267081702,80.27096963811388
50,19,77.05970442749894,84.78102522117996,78.24324230159085,78.59506370261617
50,20,80.23740182393627,88.91574831708556,72.56910812380406,80.928106245093
50,21,78.51525891748521,82.35739116364535,66.71840916161145,77.32789279703147
50,22,80.94266141342632,86.7643645567542,72.04732333440796,85.14376256124567
50,23,78.64556635598002,87.77222372528452,68.13698169140177,77.78402658518755
50,24,78.75670575715685,89.09896877977889,66.00388656093821,82.18118607918815
50,25,78.4964483734796,89.56551732142533,74.6928068886793,72.73986209703749
50,26,80.05915769699179,86.2062537334003,73.68070789322024,89.46653888663448
50,27,79.17936040131839,91.91437850693485,75.47412048052438,81.62118051197922
50,28,77.86271412276317,73.74242607834151,70.25415257948697,81.94926323797637
50,29,80.19923679766576,88.60381923050603,70.55739572193635,84.14007904462191
50,30,80.06955944007541,93.12674649361185,69.0338785787549,84.58259279929497
50,31,83.97780657943993,88.3648398443641,74.92558911707216,80.75455078472186
50,32,78.13986636187413,83.18221542289862,88.08911192875453,84.49229326718597
50,33,81.60454055241229,83.28733682196248,65.65947566841216,83.94600337426499
50,34,80.5576829063272,82.62633073200469,70.31228627778688,91.88129142421903
50,35,82.38368258081388,81.35232614127372,78.02119713073917,83.18307243709503
50,36,82.26761324136062,80.04809933788206,85.93351555515598,83.11302803561598
50,37,83.64469601696226,81.60576270355924,71.89710066821385,85.80594068073039
50,38,79.98978701633628,86.47898547485173,59.468858860807146,81.70525677706208
50,39,79.29618358380502,96.7911467520355,71.48521773418997,90.90769429014352
50,40,nan,nan,nan,nan
50,41,79.1540856432542,91.12454532700795,75.59913376667427,91.83252078099983
50,42,82.60197796906449,94.53261497127386,79.78501680095124,97.69202298904973
50,43,85.85972295058357,88.64163945262261,60.64918458943008,96.62857206900705
50,44,85.59323181516635,97.11475099426043,69.37759338933239,90.17631898724343
50,45,82.39156776169168,92.18600894077854,73.357563754915,97.94104054138225
50,46,87.84676690792817,93.3778221279467,65.49844807613394,98.81206661928196
50,47,91.23943653961236,97.15388353326973,91.25884339160851,99.49659561815638
50,48,88.70892875978646,94.70197477369918,79.10298258499834,98.48621345567724
50,49,87.67310535661117,95.62499494339663,83.10142532000259,105.60645602321217
50,50,95.26411676519233,98.89652579821025,88.60190914225565,106.53864226377242
50,51,93.13510529364484,97.31213187865227,86.70217239329982,112.3293565772522
50,52,98.47246567690216,100.75631831507809,82.41965434442679,115.60099847619261
50,53,94.03349297619438,103.00869828229828,79.2749283791285,118.41051721723657
50,54,100.11927679242447,102.83954086592685,83.41084044956261,121.24246287011485
50,55,100.38156856034807,105.06991905741891,85.85828814534531,120.86302499103559
50,56,103.32280610607829,106.79054937358347,89.7334425189068,122.2134507118036
50,57,102.6327527351004,101.20178933093865,86.03541357378245,133.0811070823091
50,58,102.58568949034841,112.32595061786671,93.10963938285961,125.33963951377925
50,59,106.58473647193168,111.97670555836251,100.33414151656532,130.04992529254088
50,60,109.56223909704708,110.8454188509273,100.1676320518894,130.84725227550263
50,61,107.58957480927087,118.31366294147445,90.77455166885649,131.7039212138945
50,62,111.16047926476837,116.13985936677436,83.08032792659664,135.1429946796078
50,63,110.72098294460349,126.37865294443202,109.28443197442766,134.57488107154126
50,64,118.58930625242924,122.79130276436643,109.69515387251361,148.83126319999351
50,65,117.13068425276845,117.58126880295004,107.01731561472717,141.64260240537513
50,66,117.60210991149911,125.23768049269714,102.71377970663016,146.68905969954412
50,67,120.12414420926201,123.64597843216737,114.60251984744633,136.17312392417523
50,68,118.16554386230285,138.14044240924306,116.53513210530082,156.8635405226692
50,69,121.86964087514903,133.73417255494704,108.59596857566314,146.0821474809169
50,70,120.3251793153261,128.11476234746402,104.48104567798428,149.87787920728422
50,71,123.35506564685585,134.3494058985541,116.18964058108286,149.19735119489502
50,72,122.46595327648588,142.1505233672142,113.5972509183523,142.82727188006228
50,73,120.94563840508454,138.23317711375725,116.95083645805387,153.9888323816132
50,74,125.0316873365596,134.60852932319304,121.89111028714754,147.29250951876577
50,75,126.60772880078171,135.50792057421853,105.85100042330359,152.0715271117135
50,76,122.34541236716754,132.64439471925073,122.24987014181737,146.22910368021746
50,77,124.85599947043593,136.82234015512412,119.8878955814986,151.37337600765264
50,78,124.23922758480944,139.99265042391227,119.73374647677672,142.1960020960729
50,79,124.93036108171634,129.8204902025055,111.94415554484652,152.3276101926364
51,0,53.843901916949235,74.72811931596323,34.02904600189086,62.598367817854275
51,1,60.148495577650294,63.625972236107145,54.56501583932974,64.11977478526738
51,2,60.38365714552889,68.91537306849179,56.70452608409769,67.90118119986222
51,3,63.19911508634144,62.00185263108922,56.14020946876461,67.89755592923365
51,4,62.912352904115416,73.59620596588238,51.636038516874635,69.30018893350382
51,5,65.90395268355917,82.01076906944238,47.530973051893554,71.55093712950443
51,6,66.81786450921956,69.32834328752529,57.316166263195136,69.66497107441714
51,7,71.98096211749598,74.55349308353749,63.89568354608068,77.06438170792012
51,8,69.05066218167235,78.78770580776344,50.51605242768136,72.95839359683559
51,9,74.92451879758634,74.02136072753501,80.29516196203784,69.91454952177251
51,10,70.03240637279994,78.88717116025857,61.58564561347574,71.77335164709142
51,11,71.68965251867353,80.46451958934146,73.26522508499372,74.41190235069347
51,12,77.00546936588195,80.45843154513402,72.90614308385928,80.90311846637657
51,13,74.43075853511996,83.94492740252744,68.7565170402358,85.16160877332138
51,14,74.69428655241578,85.73615877002703,68.25722833281789,72.29189992504402
51,15,74.70659168648017,74.30854231431117,64.86356078837454,79.87765665382153
51,16,80.34500206165781,93.99601889303034,74.7749480589982,80.94235884471448
51,17,80.62152925997431,90.73318410198841,60.93494536526211,82.7607604326016
51,18,81.38066981483614,90.76277941864389,74.2106954701718,72.27902057439431
51,19,78.42406123845836,85.34242169028656,62.776290099448325,81.54737385195976
51,20,80.95547129944653,85.26288621793923,71.837344711837,80.07901422633809
51,21,82.5638712239753,80.90516613759112,76.16415834362692,85.69458038020292
51,22,78.96120467530228,90.41429444956391,70.76397902012506,79.55748320978995
51,23,78.84257772588145,91.47881325154151,65.64685158416336,79.08253855502596
51,24,82.07035504580226,86.13667728759893,79.4127272762871,80.87381588979342
51,25,79.8581273396555,79.8433749188776,74.53860979056141,81.8184066299652
51,26,77.926159192646,86.1197009978513,72.57537564214702,90.81133392206594
51,27,79.85704825111954,84.68896777884909,77.09903575079252,80.35818333291816
51,28,78.92958112620666,87.83478482820588,83.97991871095198,84.59180041615579
51,29,nan,nan,nan,nan
51,30,81.58058099443996,83.79867339383784,53.26892469385014,83.86579000955915
51,31,83.34589067028313,87.70137072935658,61.69872953203408,79.07569363332614
51,32,78.30168801412883,92.77868868620156,72.71978228345219,91.27844962180112
51,33,82.28399042110206,85.58142989578828,65.75239201838798,83.67641231829788
51,34,83.09102361235202,86.80011550127027,63.77870632821033,81.13873450237803
51,35,80.55223230303315,86.44605063385532,76.651538564013,81.00071255829785
51,36,80.98632700397019,85.40474819816683,77.6798449504812,83.67340817136918
51,37,81.35191809512075,86.11436239868794,68.09913875259055,89.72377670972405
51,38,80.46721314013831,90.57667513122908,69.88777307053589,93.0884749533536
51,39,83.23323498740092,89.3452581153692,72.78745737854635,91.76273582513332
51,40,82.78858887606468,86.09778714364538,73.00225525193059,90.50773404246894
51,41,82.47655469984971,83.0219894582408,75.87300378427562,96.08562346949523
51,42,81.24093931216895,89.67066751906455,87.42312695838004,91.43726389335708
51,43,84.76508393451759,96.9828699195891,78.73957230447634,94.4141649397413
51,44,89.3092909845343,87.93710114747543,84.18776662829646,96.35154533085412
51,45,87.23594655102806,88.79098103671677,79.67348485033905,84.7635071051076
51,46,88.74118537328607,86.27032600246537,88.12323339398107,104.85843407951036
51,47,89.06084374572893,90.94253207104437,81.8534007277295,98.46062217079877
51,48,92.72205887328393,91.33069990370319,70.49980962210851,109.93914970224333
51,49,89.01953314694352,85.31296595150859,76.76105596841732,99.2874396987487
51,50,91.17865275504971,100.78279813481474,79.95308101164325,108.54975970120356
51,51,94.39594490966482,104.38405671378115,91.84930600449901,116.65940076526684
51,52,95.2838989888423,100.60768744344469,82.86271362810756,115.79341526875443
51,53,97.53717518731973,97.31842369892826,80.28445108584356,116.78177725058121
51,54,100.196772444262,109.07703496454708,96.8694463645555,118.82196901069109
51,55,99.66056645487602,105.58530280973625,92.50135123691666,123.94844591433036
51,56,103.30805602784889,112.55120337926188,95.58833363173962,117.18891048791588
51,57,106.17554522959914,112.51003573718958,98.25004399112586,127.6953617218313
51,58,106.79742766812937,118.01561627491186,97.76059612909842,139.45401664330353
51,59,101.15908110572497,116.87180206245756,106.97067718600726,128.69753752562664
51,60,112.3800314332539,120.65589971690233,92.96669336052467,131.56154397520186
51,61,109.61027756386207,113.43137414917229,108.20297709272674,135.48317907414247
51,62,108.80471637499882,108.9142336745108,96.52695396055262,137.47346185071706
51,63,114.55815312067416,125.60485661498176,103.77808234327995,133.40014811549764
51,64,114.57463323442592,126.2752838329438,108.13429919675293,137.6563168210075
51,65,115.00856284698519,128.15108735318717,120.04456384009117,147.6286919273065
51,66,116.74909435948486,120.58639708251856,101.08723932569112,139.8978535915812
51,67,118.3465989833759,117.78922350822444,106.0874538136735,149.41255682619382
51,68,119.85417901108794,125.76037651717381,111.56372924106411,141.1318594674734
51,69,117.49843271402763,133.42730506219894,101.59437272523941,149.9004952263943
51,70,119.97591441047076,135.2948066864954,112.42238359959501,149.25715175280254
51,71,123.42340842252992,129.13800711332718,127.90797482921394,154.19613703722234
51,72,122.16956834147831,132.9749494757184,103.44544625429151,151.94536139697067
51,73,120.46280606921631,133.43467950077456,115.58251119349083,156.34706210407876
51,74,120.57081317648702,137.48248099788415,109.07117454569232,149.89307784519767
51,75,123.31327970015968,130.43813404636765,120.95377523455608,147.25270218197508
51,76,127.15534833859522,133.9538413007555,116.65419201510097,143.36676024171138
51,77,125.60328149427122,139.17512528346464,123.10687228541522,144.19475178165226
51,78,127.78983805865222,140.74524320296476,120.53631162677212,150.9394636191956
51,79,124.41307103270073,128.94314878425013,123.68143791068478,144.07865364411114
52,0,54.145514120782316,67.98647228230703,36.51344699639359,64.66406895899837
52,1,59.06913984718963,71.0974923152953,56.486810750650136,65.23145360185146
52,2,61.30273658143008,70.6249436562869,44.096159622176245,62.79392988570186
52,3,60.8371982157896,75.22326420402878,56.81380950858713,70.90800153820287
52,4,65.40876405680578,69.78197535288967,57.40648058988811,70.75653881600721
52,5,68.00348408282856,71.447260272275,59.589243258227896,71.97139603942036
52,6,67.15600150980764,85.53287361017576,68.18809607075751,72.94318909040574
52,7,69.13951341439117,83.04566181960618,56.82430565476,77.55908734461923
52,8,68.55760349251844,76.9373929934394,54.35465920502595,69.76300477198421
52,9,69.57806926621186,83.2088814369635,54.79696805086525,70.97618696080961
52,10,73.20803666436345,78.67448242913318,60.617331495358364,72.1315466022137
52,11,75.38003168909341,80.41660210614796,58.3092634740331,70.95924061475165
52,12,76.45674275458653,87.05160675978433,67.25378210831869,76.38320743580071
52,13,72.57645724626488,85.68638656683396,61.87431593698763,79.7188227719573
52,14,82.49254622942544,81.24389824584289,60.720101344440536,78.96795819735739
52,15,80.64525185056009,86.08444532600336,87.77025901561308,72.35654180100455
52,16,77.61722617486134,85.7552999847237,68.94580243256023,78.38014085559018
52,17,81.09031770458093,87.06855396290092,74.35853456529216,74.43276534858182
52,18,79.90722398932128,90.17934567387907,67.54293753687654,78.1683809287517
52,19,81.49004965230903,86.83302654755406,79.46153441697201,77.99155100217689
52,20,78.6338238645747,88.7567881315291,58.42664898293295,85.2038918358924
52,21,78.21685086309485,87.72614322798867,69.33004000955364,81.8415659997667
52,22,80.97798635059364,85.6521187777842,67.4906908888038,80.86527740949172
52,23,83.56064016048397,86.66165159582357,70.04880462601064,86.20034223840928
52,24,83.28161242324414,77.891686194074,74.08626569816632,87.72814869680393
52,25,81.23767129893285,91.63636234396813,89.79915259224475,76.4939478460626
52,26,81.76553291068639,85.7282955082998,71.35479238377283,86.18048965251519
52,27,78.67282414139349,90.20732022278914,71.82756751286229,84.79574152095648
52,28,79.08293736426482,85.5773972982546,70.40008286659152,85.27500830224889
52,29,76.33820625136906,92.11318731364808,74.58847854744886,81.70179241916787
52,30,78.23825350578838,86.3999675866152,70.61364100052374,94.13509408609036
52,31,80.10774859816065,83.71593203720172,68.31129794078417,88.69124829571821
52,32,79.42485364435628,81.21992324030248,73.11192347624555,83.89425585159134
52,33,80.10579970605089,90.71292590544437,79.34558232185579,89.3328699892375
52,34,78.71890714298765,94.73170547628551,74.82309834830052,90.76786119751313
52,35,80.72147163039807,82.50008482011278,60.5757108792581,90.37918077220287
52,36,82.6456550173811,88.83841776745264,78.51072429211175,93.25790217431134
52,37,78.49402864178032,86.13429662880887,76.91230609349118,95.57756264288209
52,38,80.90732827955324,88.43919860488006,72.0904983851561,92.45441447325861
52,39,81.1633733564085,82.33186208687219,80.70395897483932,94.21433298859287
52,40,81.85704300893497,81.85198648745148,82.99263520231165,93.7524835587267
52,41,81.72919439539368,89.4474150430773,68.44263102203742,87.45532443485924
52,42,81.34490406815331,91.17870324614267,73.70920236211953,92.8673539944439
52,43,85.53110071782577,91.09489947748884,66.85745610472922,110.75752949221166
52,44,85.05795377170558,85.54982320386074,75.7914373260264,93.47685114883734
52,45,82.79388221848782,91.98252519687014,69.4025781175034,103.79976695635962
52,46,86.86597527561312,99.46690588612748,69.97884089463895,99.23403959698899
52,47,88.69372729787773,100.38014292685381,72.84201744120206,98.73642979867185
52,48,92.24967071351689,100.84965333625766,74.84944034428979,105.38211894423817
52,49,90.99638752755043,96.22231217725277,81.77113362952652,109.44592571326397
52,50,95.61056185231232,100.16887232511121,79.66018232393733,114.36565154293334
52,51,93.2258948141894,93.89527192721849,91.94885970479486,109.13783882531236
52,52,96.15343363356799,100.50222013659803,77.78173662148653,111.50457416369797
52,53,98.83364771717065,107.31563705211492,91.04964389705758,117.32112674978505
52,54,nan,nan,nan,nan
52,55,103.43121281551402,102.54177045669363,91.59473770686893,122.81715373978538
52,56,99.3368757019819,110.86155602951142,81.85947516284,123.29775409282517
52,57,106.60360325001459,112.10138817117334,91.44662675036649,126.78953969700241
52,58,106.46718110988247,118.8495861093357,93.4702074568013,127.99499662017551
52,59,nan,nan,nan,nan
52,60,110.42266802987609,116.82560343099092,93.98244099740072,132.73611185219906
52,61,108.37653349545215,121.74236075548912,102.31624691906813,137.71431490057745
52,62,113.82783057319067,116.47721636445229,90.85917269224902,134.89970026477644
52,63,110.65968516621425,118.78751499392673,105.06202811151401,134.04324908004907
52,64,113.55615267020451,121.71368239504194,96.67817279243529,138.9955817163361
52,65,114.97438763436985,123.4666494018256,108.33260339926734,141.91026945743795
52,66,118.16336261492201,128.62531250108322,107.59939592428123,138.0688189771092
52,67,120.09007803701539,123.77508812201746,106.9234764661141,145.30756700344813
52,68,122.11909028488222,127.14268265011172,107.14906971500878,148.43233331241362
52,69,121.38601199946734,127.42734939134283,120.45543897072814,139.5482483297747
52,70,124.7754782954017,131.40949239788773,113.76160396110532,146.88773009262
52,71,127.58208255932027,133.93779601852157,98.80412249592527,149.19502247926792
52,72,121.81544160096799,126.38665393963336,120.57536292336262,152.8908979266419
52,73,124.77933451315273,132.30336684416253,125.58391766102501,148.1114415928327
52,74,127.20394834131494,137.17362488155263,109.62912353731149,148.30600393925158
52,75,126.4562661875139,140.1948218265421,111.28971251446133,151.78041434587874
52,76,125.32414095571171,140.54373603589175,109.52497440631204,147.94088340614314
52,77,126.830660383488,127.39082159593362,108.4082414341837,146.0685631798338
52,78,122.49708256438757,135.44154706955774,104.24960312093279,149.0216055629055
52,79,126.21179503031064,128.91996860191165,109.49019694053428,151.98625644878635
53,0,nan,nan,nan,nan
53,1,60.801336790768005,57.16259285855247,51.8382010808715,60.95627366059711
53,2,60.3719424039582,72.65268378097024,54.39460115375787,68.22178970149626
53,3,60.498177516542775,62.04735554676095,56.712633026071344,67.52919007923681
53,4,65.90972925692508,65.50863371542557,51.721369067893676,60.432477531710546
53,5,66.88617647274395,79.54222794220362,55.77218346022991,66.5290140687003
53,6,66.95709491272326,78.55556901284581,51.83364762443948,69.16993174286942
53,7,68.23853431457775,82.38405397169126,59.16129911711972,64.81316680175932
53,8,75.49526709726123,77.94751662783638,59.03661148928522,75.52627642419334
53,9,76.70459408641578,86.10772512823561,58.72407637871652,70.05028854400517
53,10,72.42629265984866,74.8628410894658,75.55314602052596,77.69763235584479
53,11,73.65281715149307,78.92010356075684,59.83487410271542,69.12516497354673
53,12,75.03163916073552,81.93212847962985,64.23760739307198,77.36484637036226
53,13,76.15245298031188,67.54165371865291,72.2055298749887,67.77986818456034
53,14,77.99996831952063,79.74034147968824,64.14648225699253,75.53658762665285
53,15,78.26208691329978,90.94532699415466,75.80017942812778,75.07825434338194
53,16,80.2432796435481,83.0333453068003,57.82957633007168,88.0020018834054
53,17,77.4458984685521,91.40701975703854,63.393165268127056,77.94357351765834
53,18,80.86783427636892,89.72244401989965,61.587284314100216,75.24341738828613
53,19,83.61139703920757,86.39699803897639,76.70287558903527,85.588845240066
53,20,84.09247386702508,81.49028139395949,75.87717672079548,85.57292857821935
53,21,81.82906749774001,87.49847661214565,82.5701074036168,82.9946048902541
53,22,83.1192208042977,87.92948250037237,69.08974423719762,82.64994535144119
53,23,82.89845122433056,89.23536332676798,85.84457987589657,83.81072578143265
53,24,80.77833208784511,85.97924545874949,79.70935704402886,84.64309476513422
53,25,82.05495769522473,92.73554391631035,67.59731388391401,84.22482332317219
53,26,84.00938203948958,83.02104537955947,63.975636130669486,86.60616195217015
53,27,79.40900724055729,94.79946239123922,74.04160212324733,87.03762170365006
53,28,81.31616200591209,93.58156837040002,66.35119528660323,87.05742769398792
53,29,80.33730793078146,78.62643531354776,71.32454132129179,82.14872624917433
53,30,82.20987500512541,81.08156479463356,77.09634733735595,78.8566976946335
53,31,82.16898502322256,95.25957882432215,79.63672195770219,84.7917921711503
53,32,80.60844016064901,89.44943141686025,82.96642718136823,88.28098836119453
53,33,84.38265777806087,94.90739269147704,60.26740724590816,85.06891655813558
53,34,80.32220301770279,86.42000426325971,84.47971661848779,87.98817399492884
53,35,80.32666645703424,84.57616946537286,74.01786455201508,85.80975178741512
53,36,84.16903882351757,87.31449600593872,64.97786257973422,86.16532428517247
53,37,81.06529337054067,90.15046554983446,77.51446454526041,94.75659398709145
53,38,82.321867254462,90.38613363898794,69.65487561046017,93.02610137909548
53,39,82.358108861545,91.33262733022279,67.31402911578554,83.93716460941903
53,40,83.64901330589282,95.79881509692349,73.80461682621804,94.58699383931445
53,41,79.66640878052527,89.23568945529126,69.57945891025179,93.61239982235216
53,42,86.7253402570422,87.45145320193383,78.59506402968896,92.33626363097972
53,43,86.7373732202816,81.81791448905854,79.20928551386378,95.28367072750886
53,44,85.87930002223698,95.5084684010465,80.15625705998485,99.63261270736979
53,45,87.21780926986632,95.82924399946663,81.45036319659212,104.6511332558617
53,46,88.71843330884137,95.5996670271733,83.77575349634213,102.29407335641875
53,47,90.71137425296813,99.04064575176854,82.37800677183326,99.38376791734662
53,48,93.54610854985187,92.41274074676993,82.9908153916511,108.85893964940277
53,49,91.86475450571707,93.01779260819708,78.88210936509066,109.1946526650234
53,50,92.10353464321923,93.80042987823072,77.65300284335038,108.91102423805025
53,51,93.48944048118871,94.8076157839014,86.77920602287492,112.32638357322166
53,52,96.13990006588978,102.51732701256947,90.49002412031794,115.9353969374163
53,53,97.4495490170531,117.64943019626155,73.51479958917552,114.66198226220322
53,54,99.09983091339367,105.8242793372179,82.0175184830187,117.52353173580242
53,55,101.96901688922806,111.30558411101947,92.7679426511842,126.28495749829379
53,56,103.71392924523812,113.5970666848415,99.77601736804695,126.61930362285413
53,57,104.05092824970909,121.44163469739058,88.48653471415817,124.85036595202958
53,58,107.26232755805987,115.13445288931082,100.63580616430397,130.5246888830616
53,59,105.62810566323482,116.6514066237403,113.53833074076783,128.52157023060192
53,60,110.76041341844959,117.48524765058445,96.8196169336216,131.1999047175153
53,61,113.25343660478921,118.45485866940922,111.44708768588518,134.6190850067049
53,62,115.06718905394074,115.08217990275766,100.3318568282501,132.40792942008122
53,63,116.02603665644517,118.53802919360764,108.78202184348163,136.5809136619725
53,64,113.91817501780254,124.77031377352516,97.86518043729959,136.02629465199132
53,65,117.82499883395191,124.15844928877237,96.8344468648267,136.07932807965173
53,66,120.41212185897477,132.71833927530795,107.43268590950393,141.32420362285444
53,67,118.85446452218353,120.80501308951082,109.84976855723991,149.07896289571414
53,68,120.6202935762739,141.38597873278474,113.7660523576287,142.0784717062394
53,69,123.24824476299104,123.16869418994051,104.34600306845716,148.39679900086333
53,70,122.71220620742,129.16525108239878,103.71105256527399,146.20579972020772
53,71,123.73429066822938,134.38317557297626,116.29762925039596,149.88972132576532
53,72,124.83601751103282,134.58186805030954,121.55890231179086,148.00926485361697
53,73,128.3435120202313,130.9379475561889,109.76600377995213,152.54887603291488
53,74,121.57176147476795,139.6420878926638,111.72303979376466,142.61887462452518
53,75,123.55576901809633,132.808099265558,133.0427472891966,145.16892105686776
53,76,122.0769932345882,141.7830082010109,116.78315395246447,146.77385528287078
53,77,125.97044280177394,145.40836730665404,118.35126394215408,149.22180600044916
53,78,127.9449175547025,132.55993386151437,109.90356428705992,152.30290216177957
53,79,124.05862526421534,133.6271953061122,121.66402233128636,146.18126017421247
54,0,58.48880100148505,66.76074885073741,56.84363630453316,62.323300945998184
54,1,61.51741114904136,70.22208349877428,53.53170083682505,60.8275366852732
54,2,61.45373546341486,69.64362155659606,52.14663433592613,79.94455928012354
54,3,64.26047827643552,79.5321787615106,47.64721524647237,64.11041088100339
54,4,67.13434839357613,68.66392614594693,58.189865594678764,66.2521409445722
54,5,65.04697122295092,78.4988966072136,67.63808194616479,72.16816976699464
54,6,64.23360227849076,79.14616009144002,58.34894864957839,69.39925684223587
54,7,70.93157236892011,81.57873907175244,53.80197664814546,66.28243692895589
54,8,73.17346739949892,77.84662451428368,68.03064156890727,73.78208360252944
54,9,72.85919839124304,74.77145841647076,56.5264625257113,73.78155940376008
54,10,74.68417453410183,79.73914932968881,48.124932876457386,85.16862450029295
54,11,71.64560104407398,79.80625294657159,68.64925040519091,73.88114090005546
54,12,71.68374955929447,83.00042179486124,72.20994771304832,79.25108238096266
54,13,79.19901031608156,94.98485779004443,80.81394877678585,75.73312107345156
54,14,79.09443195732484,77.02605904355461,81.78352694542095,79.6050044399729
54,15,80.03767920613541,82.70339835786471,68.11631434168602,78.8293032937505
54,16,77.31612691746093,80.97438879651746,59.57348636150127,75.61000887025165
54,17,75.99973407922354,84.27065048162623,63.3941140179074,91.49321372627924
54,18,80.94460051234215,83.1501004672208,66.57703755103125,75.97550840066651
54,19,82.5763873146402,84.759027320872,76.41714210287634,81.9028015464888
54,20,76.70803764799997,84.49195631599008,75.63026629772216,81.19442506848166
54,21,78.10838179602843,81.21893488565632,71.7096119820147,90.0972813890871
54,22,77.48998312130946,83.53184229977327,79.3435616732549,81.11063479092601
54,23,83.15809579708782,76.66028654546416,76.73386874526169,76.98959838777847
54,24,82.04138794572427,93.27622383841987,72.39145867671905,83.64939916342658
54,25,80.57998412508564,79.61366595645684,63.29648579111419,82.19038624848763
54,26,80.110539314231,86.63677220527804,74.73848103561168,82.63752387299009
54,27,78.58402003682758,89.04608519633744,69.50811083266493,81.84483858625674
54,28,80.31201929689071,86.80908910129183,67.97386200148406,86.64924815480757
54,29,83.84617659301391,93.20075824050627,71.06898509461539,88.56685795297027
54,30,80.34321270439153,96.24977296704026,69.15158566961628,81.15178840222481
54,31,80.04427592021057,83.81528045302505,63.77204768247491,94.6674814401579
54,32,80.48055751844811,90.3269034778044,75.66040426483731,82.8704203741297
54,33,79.74671783748154,81.5974336695592,72.39028432318419,80.11374584736723
54,34,81.5712696611525,81.05470818530094,70.00849770812849,84.30758390684488
54,35,nan,nan,nan,nan
54,36,81.20330651408572,77.81277153215335,80.9138412485119,85.41783760418318
54,37,82.20154470862599,81.62583399071546,63.96424998939143,85.84650029085309
54,38,84.05913665297996,90.39596032421451,69.63690540614351,86.12426875170969
54,39,82.31166382405567,89.46626154252233,83.94953615129639,93.26161305481114
54,40,83.92382916729528,77.78261314946583,74.38568275094065,97.13805338970757
54,41,80.25213172148797,89.12967131542335,83.48497326093334,99.44240397273462
54,42,78.93812529010715,80.95787995708201,84.02695568611715,100.7356659288059
54,43,85.31098178466362,87.78653565006472,88.90518151928075,101.16824405155084
54,44,87.89912875456648,81.9768196160737,87.81974978556133,106.32832407857411
54,45,85.04762134451826,88.66560729771695,71.92534697472867,106.70435093019351
54,46,87.46303278395871,98.87284687470486,81.46099782265541,104.04344240270673
54,47,88.89937545263795,98.36695401790591,85.56224433598605,108.2569886732816
54,48,91.39129478922638,97.14055233333171,71.1275531253288,103.90245156692689
54,49,88.84406981435953,98.88736803652273,86.87634910985741,109.33083889808478
54,50,95.98111945246495,101.88180676546101,87.48737332681972,106.00074730215849
54,51,95.11904327318815,105.67716323955285,78.03745306825938,110.80572135841882
54,52,96.16304585515016,101.08559155312737,84.6996792514458,122.00014980323871
54,53,95.41166433882651,102.43685684773571,90.25745571743609,118.34852756091468
54,54,99.27650993893639,104.80793744756106,86.75380293561496,125.56768635083304
54,55,103.38879512365762,108.34756950928643,89.32282585209178,120.65605122067211
54,56,103.41492093518039,104.3464563671051,90.27704375138035,125.18500841213076
54,57,100.13165750763257,109.00971786488596,97.96602490865452,116.96603739359952
54,58,103.46304866778856,108.31435153742099,92.75649916339479,126.8667837678039
54,59,105.10556713036924,112.83011485788626,93.23935430093903,131.3525028092091
54,60,111.19381509764989,114.28742173628919,101.12383756985608,131.76459547252543
54,61,113.745083863561,116.74651488228834,101.7875419274955,133.3590629524152
54,62,110.91949587257542,116.28829706733933,103.37364781386967,136.33141499493203
54,63,111.92883750054821,118.14293926431351,106.78130495134127,138.96697377112642
54,64,115.37881007585693,114.23138748406448,110.81624223132411,147.38554456869772
54,65,115.14158039932781,123.86469219272841,97.38097834372496,144.174968830825
54,66,119.14962864713806,123.9567182303871,106.59501979204167,145.96909630543786
54,67,119.46414955202762,132.52653116874603,118.1169207062027,145.05362397213102
54,68,119.44316632062203,127.40003683125455,111.61324964056827,149.6915001484585
54,69,123.77049067284699,128.95760880567286,117.63094701849025,145.8152580782176
54,70,121.60078704804376,136.77573920198375,120.51670170857179,149.8759508796498
54,71,122.11740189901164,128.16581503647288,116.20856990277831,144.99740771007922
54,72,123.96580276916734,134.3622056229345,114.29493356853648,154.65542583177762
54,73,126.68839803605988,137.72140388604484,108.15500002529407,156.73281052457324
54,74,124.2825825462309,131.84852752428154,117.5545525758346,150.6898253165627
54,75,126.92968166479068,134.19847368699516,96.2054058354547,157.69100073702649
54,76,126.95161978640475,141.3325538916455,110.55943350458176,149.07387079994388
54,77,126.60092219925609,132.7192968891292,117.88721298178102,157.377675324972
54,78,129.72466790886574,133.14797964200264,121.12839340757243,142.3599010691794
54,79,128.0371720385171,134.39658480669488,123.54266774518882,154.6012518544743
55,0,55.083224953695506,66.09447154096915,55.09860751903136,61.3192009665403
55,1,61.77750339146778,60.68633121076555,48.998324706448244,62.61479152783988
55,2,60.42380355438922,68.5339454762059,52.18257495695272,62.081266212168465
55,3,64.31495094638062,66.14765461644838,46.90192049802636,67.74139855893014
55,4,61.50925750649065,73.26267487343785,66.9671250644587,71.2435871373776
55,5,67.5788669662286,68.50509167068867,54.97199018780802,70.05077282005567
55,6,66.28399480846797,78.54909960668718,58.34668791847881,73.31263024894675
55,7,68.6398148933999,81.61227694478798,79.40420052971402,67.66836604142567
55,8,70.31054546242409,67.36927948443797,62.79487257392059,75.92873258830973
55,9,74.22415746192098,83.01879958459689,58.82854401422858,71.58005546968633
55,10,74.66435218253076,73.58577844496192,67.9796169925899,65.52818644102408
55,11,73.6232489419376,86.65059264995666,58.02506546007593,79.79635879453498
55,12,76.39457544801198,84.72234961016669,63.9171607621619,75.04874877250404
55,13,83.3949460611841,87.02428836786515,60.217783999534674,82.52350858890593
55,14,79.13027006763552,80.87641247150319,68.3999316212991,78.68992391167745
55,15,77.40087596545257,96.24025583827029,73.33587848692724,84.0231009446672
55,16,79.33282633869396,86.41459637000246,69.93615197915307,75.07768899519692
55,17,78.75295226502396,93.09379059897714,63.71303391239986,83.23836667140908
55,18,81.3638491766898,83.62032255664643,65.24076989340219,75.63548243687609
55,19,83.64432131110017,80.75301411769473,68.88797715626791,81.07749951145827
55,20,79.92461871660046,86.8249286956941,80.48996892341941,79.21033330456875
55,21,81.69117673400227,90.87551619369304,76.5935265554248,86.13244937535569
55,22,79.29990157383277,91.83971600446726,54.776509941361795,89.13550095048952
55,23,83.40265445576874,88.33088412928413,84.21110325645598,73.61496909510646
55,24,81.72870889196398,95.58991475700886,64.69538265318094,82.77436428856116
55,25,79.7514576139231,85.99320271898013,66.04836994542316,88.25610369611488
55,26,82.27922306419592,91.10090748461994,64.48980417650213,84.22492765586571
55,27,83.2404718973877,84.21511699406867,74.3285992259283,83.05741376116616
55,28,82.29219352897913,87.40140088844215,79.4757899983922,88.79303759100245
55,29,81.27322471449887,82.81806027072565,78.92959597587569,88.43325510849637
55,30,81.60381311602319,89.25446720893243,79.25843213966903,88.44569484039947
55,31,81.229072314658,95.73080756310908,91.39753294542587,86.92293030418266
55,32,81.65703654987063,86.92320655250809,88.51523635295759,83.9084840555931
55,33,81.81549778550318,86.58536946376442,70.07354436627239,88.91345020346506
55,34,83.48668362412634,86.87614082596643,68.7920978296332,99.09443211824423
55,35,80.99106818553773,85.8706042971171,76.34918167213168,87.75486257970293
55,36,82.49077580487058,80.16839519323058,71.7434022229422,92.0987508015147
55,37,79.86488873460374,101.78846125690906,78.259346681478,88.76606791583761
55,38,82.05168147707658,98.18177042442119,84.12709874855996,96.57233459928317
55,39,80.39759592205976,90.40427016131643,71.2861418261088,91.12372218004255
55,40,79.70144170882429,90.07478472045781,71.26508073589939,103.75425971305404
55,41,83.50326998243656,92.50078643200503,76.66535982276748,98.32347115320513
55,42,82.45231626215384,86.86052822158715,77.5732936611378,91.71593154453251
55,43,81.07216510294806,93.6225970325572,73.41278872649973,93.58206480102247
55,44,87.77507405678931,86.91898212153347,67.87538165445012,94.56541272714746
55,45,87.7166823081447,98.4424226784499,78.77005109213577,93.48549531349872
55,46,84.8082213028183,93.32380052208542,75.29711964117703,101.95199703996057
55,47,88.17007300016607,99.8090086073644,82.06669437401209,105.25652501083985
55,48,91.46064367431393,95.4797064882256,81.04404325342395,103.7341323949667
55,49,94.96983400145216,99.0072410591868,89.12923379210444,105.56858187094294
55,50,90.79634876908673,91.15875721854518,83.30159595976257,114.22709442066477
55,51,99.30790357168544,94.16893859921358,88.109285345074,115.23158295931445
55,52,96.75451127382948,99.00236633807009,95.13820393045874,113.76322104136406
55,53,95.51149857503357,103.73207726381389,84.87751091245123,126.03762832606766
55,54,100.39386203416485,105.85422420929861,84.37668913532576,121.06515402289169
55,55,nan,nan,nan,nan
55,56,106.45393337578841,114.31710152523029,81.16606353532272,128.86664438367538
55,57,104.16140658929402,117.00846204268042,92.49998283049236,122.89915651543528
55,58,106.11710302705634,114.72676098031751,99.76479016239735,132.73544233948178
55,59,105.19901358196155,114.68979787775831,84.73548724789882,137.76976979588284
55,60,107.87490359973819,116.12643312519457,85.99672093693663,131.68321238202057
55,61,113.59780594707462,121.5959818806207,109.81153170707977,138.1861982491205
55,62,118.3905293806902,119.14785064929401,102.49515913358351,138.72511686875714
55,63,116.06602594168031,125.58463287107763,92.04032215304822,138.00137049786025
55,64,114.03642732057432,138.54249815088613,113.28377516813826,134.05192222957916
55,65,115.6646620670281,117.23952061089145,103.06674229876685,137.88982599987878
55,66,120.05254125459496,127.43781501806988,111.63368324782478,136.286931005211
55,67,120.60938047663235,124.37391275395234,104.07505555679442,138.8420295301808
55,68,121.58851100715711,127.07320168364771,109.81858126777436,142.36612256608262
55,69,120.76623286003614,130.89505429413856,107.56469088183712,147.5419463322826
55,70,122.606234229368,134.89017265385843,101.78507068359663,139.56229590899449
55,71,125.54736330160463,140.957169659189,101.73177229747597,143.9778017116003
55,72,127.5097084307837,132.2397920247244,104.47464114009482,151.26519599090673
55,73,126.35944289411455,131.0183459871357,107.31961880515472,154.8961120384431
55,74,126.79504917159257,136.59152714605094,109.08088718933307,153.5315092094627
55,75,122.41172420171574,138.57672374203906,110.57722956242023,146.35860590762024
55,76,128.49383804213807,134.20528261898772,116.42638208781251,140.71363823815125
55,77,128.7148019277857,126.00243490317189,113.24141701187668,147.66194444550132
55,78,127.79031861956415,137.68062032336846,109.875022372656,153.4073026763968
55,79,126.66832699907278,144.1966187012803,107.84695977137139,144.4027876556547
56,0,59.82749749395829,63.840558599138234,47.35314356159594,60.3932972946457
56,1,59.93199251609754,67.41945926382799,63.2548430098192,64.87922986806582
56,2,64.94405607566665,59.99373940947622,60.27262854612914,64.99059415910476
56,3,63.440209356931966,69.36130019598171,43.65437681955676,66.06901252548298
56,4,65.24730905935995,69.40601514973835,62.80022612451091,68.16145652142258
56,5,67.65059146693721,64.74689581551067,53.09163228172249,62.265152881794194
56,6,68.46926533461152,80.93301965624867,52.051227823474974,66.3524684693834
56,7,73.6646365195319,75.71256315854782,67.62994923171699,69.58642593898031
56,8,71.1222982483487,76.36541832582496,67.47920634140851,69.9367107122551
56,9,72.52928044255661,85.33511412284349,70.33023407714923,77.67739647149466
56,10,74.38176242508517,79.79285191240436,53.411377327755325,72.7071309973439
56,11,74.59148119798144,85.47769158992648,67.96010617890059,75.64194902378277
56,12,76.42228524146266,72.97042243805409,60.06052070010383,78.76843342342997
56,13,78.93725993750117,79.39783341180807,71.69970518632134,74.90927518320056
56,14,79.01473817069287,85.98875390957384,69.62970655674704,76.11054992688211
56,15,77.97125449708678,86.82513923789625,73.58146637218456,80.93202088389313
56,16,76.45543068045367,81.4308323199215,74.91644862078333,76.24900634663703
56,17,82.82993980850517,87.52360413293114,73.59505965537348,76.35190058434111
56,18,82.31782894399558,86.08889195115772,56.146856260125176,80.73663926182294
56,19,85.14007829324251,81.08535567251452,70.3737071729887,85.53996316016938
56,20,85.9353607656574,88.16786277992964,73.49550111028289,75.28639640213676
56,21,80.59883324071926,86.42762443013555,87.82274158339237,74.17929841367888
56,22,83.43720118305096,89.97471063495848,71.30370488264185,83.42610869068085
56,23,85.10677600802435,89.11621443250426,70.0947338281755,78.89989941971862
56,24,82.57347622825701,92.51456772818696,76.2231054600344,82.95448361206712
56,25,80.847863372443,101.61428974642274,82.05031946106735,85.928741255255
56,26,83.90750741146796,93.51596915222373,77.64881508686773,83.51142382897608
56,27,81.34857126123262,89.70266316100158,72.97731560099105,87.00374212196535
56,28,81.14874404814223,96.7646605822672,60.58037117701081,90.29965818472108
56,29,79.52702441343575,86.36315862329255,69.2478159510938,91.75100780038429
56,30,81.31506495299924,81.86892289005692,77.7551596275593,83.68141800496386
56,31,86.73464591870666,82.40915906736197,72.78051826463648,86.815051611398
56,32,81.93995833300788,89.32248161754359,56.971266161507025,88.36615064724718
56,33,83.06140039746334,92.96627278208469,64.71055979919926,88.48981852487195
56,34,80.18958530390903,80.49553546227789,76.39534054412154,83.2776474271815
56,35,81.2386800246493,88.70096207625122,72.22339198038901,87.39632938717715
56,36,84.1210262575313,92.12366474514519,66.109074477935,84.77694232325052
56,37,nan,nan,nan,nan
56,38,nan,nan,nan,nan
56,39,78.39033145627883,89.6203902615379,86.04933869083423,101.38952984822139
56,40,85.46659155151785,86.19683285688001,83.83293253733571,102.41185072515886
56,41,83.4824898209232,100.69519986334198,53.835171570203954,98.54445346453039
56,42,84.22384953643814,91.23011393778548,77.36440705043351,96.98299093635565
56,43,85.2054510715571,88.09860431378456,80.0508521064313,99.20618040682028
56,44,86.99844520700117,102.60358776105964,68.8017722946312,97.34915703761317
56,45,87.65233127342526,87.85364011358129,75.55636605851673,99.21211540170815
56,46,86.93055721328146,101.52840674914114,76.03161794724117,105.52110350832741
56,47,91.15738259698117,90.38983845796136,79.42623108428381,106.59696052641856
56,48,93.42700829214387,93.72547889336063,84.18587555895279,112.22162784355662
56,49,92.2990817262933,97.04785157132379,90.54331317173902,103.96008416509447
56,50,90.57474762224864,104.20500720855338,84.27827310008496,115.65158102258829
56,51,95.31435077969388,103.38795500400623,77.84700997130437,114.85185320224323
56,52,97.15378344293728,100.32453706480295,81.24932350873024,115.07380661737139
56,53,95.14429726008461,104.34815224891868,68.51608544241351,123.53230134804306
56,54,94.97392088994188,96.42042973031752,88.24511163156123,123.54874740682902
56,55,99.64963151943275,98.61883498433889,98.713671420452,126.95743951438514
56,56,104.6508313894832,110.641669146401,90.2956691196031,125.12165039299404
56,57,102.68326624174803,111.61850231952192,86.88419540931686,124.19917345322327
56,58,104.59729208857978,114.44092670174778,92.20216616343106,126.25453710936688
56,59,106.4297913444548,119.80411687582037,104.31675516746444,126.26346884692879
56,60,106.2023608691869,114.72141523315487,102.01078045558151,127.37282329157914
56,61,109.06801298861329,120.97501503732994,86.757564024896,135.6408783701173
56,62,110.07723035178887,118.77308263386112,110.02682014590923,130.33792971952676
56,63,114.5920613314691,117.30698360869438,108.99160211999666,136.67080337800763
56,64,117.96800630273549,133.95651811712148,92.15469697349147,142.5838111816655
56,65,115.97093252115313,129.4658497617845,102.9606943876591,138.8112552632772
56,66,116.95893794404981,120.13274462716768,102.21594641676478,139.81928072249826
56,67,119.29359048906262,127.09849436755613,95.84341727965378,137.10272161294878
56,68,122.7202289249692,134.1172747242135,104.12436621988913,143.02953095954513
56,69,122.01566905603698,136.09668155807805,118.2333315371698,148.15826953907927
56,70,123.05486541626276,131.59763953452807,117.04326334862117,148.3625547524493
56,71,123.5113588009443,137.71723769918538,98.1320507150517,148.01426981939994
56,72,126.49182114410833,127.4263719490975,113.39673275449861,146.1987249130665
56,73,124.92837085288733,127.69977248516332,109.98947976956836,145.75601433939613
56,74,126.92678730685707,137.3641038756744,119.62925714223158,150.3459710932082
56,75,125.50706985603499,130.20612695430506,121.26006987173697,142.84717808204616
56,76,125.50606066134311,140.84691497039793,121.93826344517616,143.2395369583695
56,77,129.008609477121,126.7914367778223,107.03122062937862,150.81742301181512
56,78,125.29176053734895,131.68975189193057,102.29269045345654,142.70273164863121
56,79,124.21911134207603,135.0398269005531,111.81316793709966,142.58434498435804
57,0,56.57935786940876,62.70204856322127,38.62651509079937,51.76825728421845
57,1,58.34730984627657,65.62712103115238,50.44810476874202,64.39543463893337
57,2,60.5695784556063,77.15338349648071,56.47873867757009,63.92018084237192
57,3,63.18932422737554,62.86062020963244,50.42991148090264,68.3849874044093
57,4,69.01522126668607,66.85462493062701,60.18636810166508,72.0691017472314
57,5,66.76065349526442,69.4076475049103,60.61241684879259,72.07202024861868
57,6,69.44638431566696,71.21985843781697,71.1534699675304,70.8315952586969
57,7,69.6859047041522,78.40295995999787,56.73471310572235,66.02759077268018
57,8,74.24265392493199,83.16565182121866,63.719550692828854,69.1405470119614
57,9,73.75332997502655,83.97730090427483,64.2558500905489,72.88437791960732
57,10,70.44063463759082,88.18971365431716,65.61182155395274,71.77599858318548
57,11,nan,nan,nan,nan
57,12,75.6663539134497,78.29125277661848,68.39524100989783,83.36244170516518
57,13,78.69647979462162,88.03000985771982,71.23401129237244,74.71086614925495
57,14,78.4566832651551,79.85401439839103,75.32096145523124,81.64639485445223
57,15,80.14629394697856,80.94127318174978,88.039754961487,75.98986809798248
57,16,75.83930861452838,91.31538041924841,74.22588964400038,78.12766841641
57,17,84.41158644073626,94.67223995983964,76.00131557262327,78.04554311780255
57,18,83.03989856839267,85.21504320382942,75.25545505162431,83.5809992673696
57,19,79.14908533295609,88.63729967966695,78.16792001156811,78.0296636918842
57,20,84.16676588614651,96.41633180290383,61.46015864617031,82.10028728944879
57,21,80.03451770748238,87.91639522080337,67.2886647899862,89.43843767954307
57,22,80.92217757324823,87.50188847546504,56.72162070705799,86.39220325699031
57,23,84.07627748923196,85.70848172166443,80.1519373654321,83.21002102349404
57,24,81.30951612172584,90.09935972090314,56.57973921042921,77.7061658359374
57,25,83.09279500891019,82.03281046083208,76.63551980494286,86.0146687768352
57,26,77.14121177043363,86.27103047306382,72.81175969360228,87.16013301512847
57,27,79.70046259746722,83.62140944347256,63.20419299333837,84.53446322859243
57,28,84.12737369227074,88.08226527070015,75.80465538394641,92.30655457870112
57,29,82.87801265862998,86.65393318539239,70.8681214851684,80.18554876244065
57,30,83.30195961488097,86.44917065691328,70.85614923221057,88.05463143142106
57,31,83.28371154169018,78.36079883929506,68.42634258881381,85.31970316373189
57,32,89.5668872553959,86.85404096525681,69.00091115463283,87.43334345216277
57,33,82.41072439632171,90.77813798551786,79.20729330813184,81.09158087525776
57,34,80.88792208789079,94.75374050695632,76.70641505012172,93.29892887849891
57,35,82.15620490698342,81.26829566377593,75.86067492832318,89.97522437429247
57,36,81.75635883462526,79.36523910645619,69.2736306953538,89.92754485731419
57,37,80.90873763307552,91.65218942890507,76.16585518459297,92.2790925932778
57,38,83.78195818766022,86.38112938967996,75.2134462999749,99.93372275715821
57,39,80.22618755748805,84.07140277331578,69.09747688531695,96.4490741540916
57,40,84.35389647132496,92.77685412617923,68.54473840629821,96.44770623072665
57,41,83.61231652976272,90.77812752965669,63.873395579903274,100.6724845833922
57,42,87.87905822416657,93.46837479093041,64.68500740207496,87.74632236681161
57,43,85.35229217961471,94.26707897695631,83.21682861934818,105.53670378807708
57,44,83.83181761637557,92.08497133249597,73.79800698592646,109.11884988011698
57,45,90.44358135640948,95.53358187808831,84.91129609358438,98.55604539701771
57,46,91.17941209665872,85.20260439361383,80.93470096410768,104.76053013820213
57,47,90.4507795790936,94.7192984200973,86.2473236494777,113.55101207051233
57,48,90.90918370516529,97.55905597520547,83.94217533200386,109.02348567925462
57,49,90.40650579177527,97.8322642042304,93.9429306241412,108.5575426921881
57,50,94.0948232524135,99.6635061691262,74.96856226777655,114.0788294541886
57,51,93.60471677726456,98.90488334993766,79.4398074623645,118.35616271256693
57,52,97.99257122242793,102.86730466207838,77.87424234393588,123.03208793497893
57,53,101.46017056322762,105.014769305553,84.21600909457459,118.02787942970258
57,54,99.95980139972643,105.99880017458061,92.76227988703086,121.28668075324964
57,55,101.12318935206696,101.62954539220557,88.3613746423755,124.86966955923303
57,56,101.03456964612839,112.25020278390033,88.01732274356257,123.85616696683265
57,57,105.84526156668302,118.3443788956367,88.53787845213608,128.58008102811058
57,58,107.22540951444172,106.93181642071842,104.3839739543065,133.1713012796119
57,59,111.2108954008542,112.61014882139179,94.36943172487473,130.52569633462014
57,60,114.46985358812225,125.11047445198035,103.62222330284055,128.88218730138055
57,61,116.39232627490144,120.6241778433381,97.45094524822989,136.86963013034207
57,62,112.00714769524902,120.08637913619823,102.3094767592669,134.12817669282762
57,63,116.23577014865184,120.05312640964213,113.89502183425857,142.3077247659034
57,64,nan,nan,nan,nan
57,65,118.50915623540908,129.0168144621144,107.59976798674901,145.75387834910973
57,66,118.43261396394948,136.79242588209428,100.85465968488482,143.86605061707704
57,67,nan,nan,nan,nan
57,68,119.7784847793296,130.3773213489717,117.1545443922769,147.67739694172667
57,69,121.9206433212304,129.4841055222197,102.1913343194612,145.35405044426753
57,70,125.02369706671969,126.44874400152152,118.1000959716339,149.28954322357575
57,71,123.14636675142638,132.31649380897585,117.96932348304166,145.07064448760548
57,72,124.6816359405781,138.07091521536054,107.81043679123582,148.96896821876297
57,73,123.92835164611358,135.97346809041426,101.81660388730755,144.11475405868882
57,74,125.1307454314242,140.22855356152252,112.30492125642714,153.748419508201
57,75,127.41013764869771,136.41409291973704,115.25952105497245,149.26555130246965
57,76,127.24774837695773,139.38741640938613,116.23149378508187,150.210374233233
57,77,130.23536180448153,127.55403203721808,117.44407780365148,145.37004543884228
57,78,127.77446930794542,132.53636238031777,112.44480970986096,151.59645144968897
57,79,125.30000816841817,138.55627667651046,130.93238273773966,151.98474265182224
58,0,58.77192059258922,74.88359525150742,53.37198703756304,58.93619113147026
58,1,64.47584333650886,64.71376107076159,49.97378305400554,64.52913844248448
58,2,61.20825546668401,69.51248311730616,62.96661100957127,64.30752287102243
58,3,65.95414052655423,62.819786165462716,48.73271003757868,74.96129981290157
58,4,64.26628877928127,71.19545556285284,57.710827984698625,67.17126468416657
58,5,68.2293628533976,80.92932914847431,62.41055250527955,68.91793258238191
58,6,69.93809067975671,78.2433699490698,72.1827075163778,66.45227708889668
58,7,69.76015091781979,76.34250347346129,65.58181111381694,69.46457029289633
58,8,70.3680838800075,81.1346419097421,53.57136778937738,76.44092486480935
58,9,71.19161443491728,81.87953377137087,53.53405210468887,78.17365376421546
58,10,73.25354871686129,81.86454933315677,63.137983444944624,65.05212119434138
58,11,77.40574223472719,85.98977346474507,76.43341435940276,77.49953462470047
58,12,78.36368479117029,87.43713473454405,77.56612003864166,81.1169554094145
58,13,nan,nan,nan,nan
58,14,78.92587559638925,84.87460766151918,73.15009637560736,75.29468026823366
58,15,79.52731279631968,78.00450935506947,78.3020830479287,82.70064254275374
58,16,80.5334879441176,80.753101952849,75.96654640794716,81.49498521354498
58,17,80.82567131689072,85.35472725754877,81.45561576447955,81.14475648272884
58,18,79.39271332853662,84.3563334823978,70.22546319294906,83.954822894838
58,19,82.18325777759856,85.04892104289854,68.18159526375425,83.21949964144429
58,20,81.83044984219491,87.12014587260312,57.455391148836426,80.87904984190438
58,21,81.92003293924205,100.07080984823824,65.10492056978411,81.69402895747474
58,22,81.65253726822078,83.38371662142728,70.78287141298998,82.58454349776427
58,23,85.12069878179688,81.80397494250022,77.72839691616619,84.68243445691513
58,24,81.7924320789485,90.96253295722364,67.70523169856503,82.20433158395016
58,25,84.78777367335674,92.42312753469699,87.61850477021154,86.53659399117693
58,26,83.1039442175207,87.98670985328374,73.63632303246214,82.83831431501238
58,27,80.37378401439994,90.86820575207673,62.360210171161725,83.2963969539372
58,28,82.680993905953,98.83692931999835,62.712381341412026,80.68588093047953
58,29,84.64939225536187,83.87247028689562,68.9696141043975,91.71938669490604
58,30,80.84797382324737,88.14745367685944,76.51562702850514,98.53547833304735
58,31,85.81457102454478,85.53392470246536,58.06088077711312,86.54830123713676
58,32,78.63343885189919,92.43431235463181,84.40606433685818,93.50508263728327
58,33,85.24568508262222,88.72109488014802,69.94793202954828,91.15282006274586
58,34,78.50290780161728,91.34457349706796,67.7630169892812,88.25807858110699
58,35,82.22105295264107,87.72890156249024,92.99993360049561,87.32184647071884
58,36,79.67909970649461,89.80662253223842,72.12385155757553,99.61152079260033
58,37,83.56607191356109,78.79496197472352,65.70602297154585,87.81255781472179
58,38,85.22035086264174,94.07870098481052,68.56201431064326,90.40792315019324
58,39,82.51927885149722,88.66541985642692,83.04954211298649,100.23039783320971
58,40,84.8755536151544,88.5381792193244,76.49556688285466,96.61228061069961
58,41,85.55715049953709,85.2085194916832,84.16169033487043,94.45682046918422
58,42,86.13709263340625,91.8970009686163,77.32929241765657,99.10169231059696
58,43,86.99314951405654,97.17620529274137,72.49789640378523,95.73529369945058
58,44,87.14295718335094,88.35281429299256,83.66091666717641,103.24917044590553
58,45,85.13481835779285,101.97054367029129,75.07815220225403,99.73953192451754
58,46,86.3744363771699,99.55186283745803,81.02547350479016,100.33928999386265
58,47,91.3221110703636,94.97782325382987,80.73961895402505,106.26442790365302
58,48,90.99390404829713,95.82296441233002,89.24346028964857,106.78229510578726
58,49,93.14478265608513,104.762192010231,89.97779821481983,107.7060164886961
58,50,95.13270680977085,105.60903926206723,93.11619133789368,120.53519979037911
58,51,96.67467746841338,106.82434666992533,87.14539562320985,119.62258166521887
58,52,94.86598826505768,97.66004947141609,80.15691582818022,128.01229869110628
58,53,99.18340191828113,105.29772637925218,77.79509666700959,118.05793688759366
58,54,97.51495793946944,111.2025742270489,99.26337573812798,123.23489037841921
58,55,98.86162698902045,97.34678643789915,86.84118061436284,121.79703190594343
58,56,102.89345061050523,114.48071053556957,106.03375749361913,125.33827346033556
58,57,102.468107966413,109.70997755549475,104.13291058464728,124.5703436212852
58,58,109.03897331084505,111.91996690520794,93.42687575684867,129.76227324997956
58,59,108.86519802701196,114.60464432717772,90.11693161436561,134.29882343640557
58,60,107.5748334085946,113.9988941189645,107.80266531615614,130.7328584988581
58,61,109.36968950254834,129.9920859911495,95.70343047062964,134.76638955059445
58,62,114.79695487778665,124.55624407686491,100.99203410937454,137.03607213562933
58,63,112.74137560222782,127.30008852182061,90.72463566585616,140.87739430225525
58,64,111.70196324436078,132.70616401239195,88.94251030983096,135.96549729884183
58,65,116.88526015942551,120.69583941885196,89.598720228427,143.88884708350096
58,66,115.82250514139092,130.9226107359688,97.71177107686661,147.7345071661991
58,67,122.50053548250136,133.60012016930912,115.51851902172473,146.29065689316158
58,68,123.47391795529265,126.94758399684298,110.39458387184209,151.05480917589188
58,69,126.80506144361614,125.47612013793558,105.2386637969263,140.32601977234341
58,70,121.49939919141345,130.01791181121035,107.71435724282867,144.50590229033497
58,71,124.53027613463463,132.92364328922375,111.35273076292528,141.87865620602884
58,72,123.12102784767164,126.65045489627762,107.65938644194135,147.98872949290794
58,73,126.40799010592512,137.45507232449302,120.2791311090794,148.0114725209451
58,74,129.24327710743918,131.86108081887986,113.02091697909812,145.7733629289345
58,75,127.00165892453364,133.94994684654034,108.1471500162566,155.4965711711552
58,76,127.24211342959208,134.83999205183792,105.4744794263998,145.5478829357627
58,77,129.22444457904166,128.07325964632318,109.71045027566457,149.77033520406002
58,78,128.126661668812,126.82330585354202,115.9140152160966,146.35912193323546
58,79,124.5982195486286,145.44322022914184,111.50607214267444,149.00781530407684
59,0,59.13718210379173,63.69742558504268,53.7332478901451,62.602433324019046
59,1,nan,nan,nan,nan
59,2,63.86899432429549,66.16124852070605,52.15651705092702,62.734682317703445
59,3,65.69443012958841,77.65489873441577,57.04112218295563,63.143395327140745
59,4,62.83831317013238,73.1227421639264,59.15913447666555,72.16420372327703
59,5,67.4585061132896,84.52490338191124,55.03991021859742,75.71435249071824
59,6,67.82798904608322,72.35378555755418,59.896307030066595,61.17626547448308
59,7,68.18000488575247,80.96246427695887,60.86696120499833,69.03972154148246
59,8,74.7753498780689,85.762146397538,73.46689451910328,72.27226672387938
59,9,68.79644065411061,68.66927113413796,75.8959941613194,70.51075351691028
59,10,73.00630815530299,76.5101497287161,69.32560100200834,76.65496631471984
59,11,76.98360183514167,85.12020318548625,68.32454085691548,74.71944917804693
59,12,74.3238334447604,88.56706543564408,72.75119321475252,73.8000480573764
59,13,75.92376652005183,75.81363122541369,59.633903786179815,74.80738650560464
59,14,75.9059900311281,83.19522131816544,75.63934619002441,79.75566092194269
59,15,76.78220822890582,82.0319000903768,72.52184193159339,76.03722555812465
59,16,82.1070957397473,91.47767214493571,64.69878848499808,79.43291154044611
59,17,78.52597320571935,87.7684981569291,71.67938442531418,75.08742247686695
59,18,80.95052364254556,76.14859883831157,78.67373109598235,83.46684453375568
59,19,81.9709792810729,91.07237826414487,86.42291388343779,83.59468405736526
59,20,81.6411209994884,90.1875667751152,68.390596732503,84.91196313008192
59,21,81.21251534946683,89.05296059583043,69.38857366685384,81.2425031335265
59,22,82.58431069588092,96.07396542502393,74.51358771797528,82.52394420708262
59,23,84.04540804370227,91.0012542972979,82.24708971888359,85.80917592232359
59,24,80.62601067905626,88.35026247329833,83.48060791796816,84.3452946849573
59,25,80.3977609497549,82.73110468894818,66.65093948362073,86.50762487947023
59,26,83.4052202085808,85.91278718405353,67.6971998595757,93.06540995551855
59,27,81.9210601190633,83.3434801741455,67.3334451517647,100.2390084988221
59,28,83.5415663485261,86.15970455376097,68.14368248176123,90.52989063348024
59,29,79.10961557915638,95.7750757406687,58.017305340045326,92.8935597346018
59,30,84.28016699414295,87.11304267450875,61.07372770263672,90.0000239128131
59,31,84.29775966448085,91.5111186568539,73.16603361084773,84.85397959293637
59,32,79.01101683780361,89.97941405006286,75.66276706506653,90.03386934142547
59,33,79.67630004146227,87.57098920844123,71.72612878289813,88.35382802704662
59,34,80.36382907767432,84.46400002792987,65.83340768296105,88.66480624272646
59,35,78.36053089273797,85.37249552297922,63.37495007177243,86.87249552180249
59,36,83.57666717264541,80.57690427372184,80.26013530052957,85.44804527094594
59,37,78.84278670181848,91.02969454915501,67.91210358865825,93.27769799837618
59,38,84.5439996181831,91.40738474340039,82.64139156549462,95.91663109605541
59,39,82.54523789007222,95.65494223547147,76.47666545281673,97.46659305416259
59,40,81.45222140053164,80.44145702046217,61.85858883798573,104.17258620562761
59,41,83.87603780854397,95.42483467535433,59.18662906831735,103.22738866743559
59,42,87.50058504233138,93.36364179905105,74.14698071021893,98.44204958320984
59,43,85.4053689610276,93.01705734947583,71.19054925659506,104.96949388327133
59,44,85.3311433778012,87.70301750689703,80.03814180879992,106.67543785955014
59,45,85.5117894813505,86.08233659681623,75.01711759527636,97.55319635121164
59,46,89.07149829678097,91.21041117716081,76.47235140235416,97.26307084226535
59,47,88.71029109886247,104.8343707397586,82.27546257230816,113.20145340033294
59,48,96.25461560606243,97.73082454738345,89.06493520172705,108.97135244943418
59,49,90.11385556314904,94.65214775919455,82.06248338412912,114.01405277711845
59,50,95.64450553254785,98.89739198549468,82.88909561045624,116.89553475725981
59,51,95.15871074698491,108.98595241894134,95.76554529085124,118.50178165833222
59,52,92.94899238669426,102.43242025290068,84.48706145978753,117.14699654855588
59,53,96.60847246852914,106.73333302322848,87.94012502272814,121.07007846471016
59,54,98.57808869708614,107.57328196216085,85.74229470213291,121.54563264827553
59,55,101.00565213945822,115.89298991630392,97.48976964928433,125.01672277167701
59,56,104.20560197665931,108.85986002625344,94.80291402948102,123.89964964956098
59,57,105.694977055341,117.34701196965091,87.19556131469047,126.1571330292058
59,58,109.78319300680909,119.03859995740426,87.36499303765308,137.53625934932975
59,59,112.53096661474461,113.4661715408774,94.09623924823282,135.1464180640411
59,60,106.80107279314464,117.21642443487566,106.8538536675671,142.74303288352618
59,61,112.42223180371018,117.80349753447378,93.08526975216998,145.86570413390052
59,62,115.79978668379951,120.219041890536,103.03939972731659,135.32871239263864
59,63,116.2065051132209,124.85424413356257,110.57236351428425,143.36498411205716
59,64,118.01141690372124,131.49811323166315,115.44217762940814,142.49211312429892
59,65,113.65607123364083,123.12502815356716,95.59697861955547,134.21098496141323
59,66,119.00599904597185,127.99276970432177,114.09526026373075,144.7426755378101
59,67,119.8752217914129,129.9438474688248,117.25040788435078,141.2462654852888
59,68,116.84214440174127,132.4400949154029,111.21530270482373,142.30445784407044
59,69,121.99484254309792,142.68954146735243,110.6240452220407,143.70805375905164
59,70,125.85110695596218,129.07211824482133,109.97365728148405,145.35174413734543
59,71,125.78415532138006,138.45909907785554,113.61118752873959,146.52852370819787
59,72,123.61193945266918,119.87171095694411,116.57156566125052,146.4643634098749
59,73,124.4439056431279,132.24738177003752,115.31909660462536,138.79951909204775
59,74,125.57876429908022,135.665322066302,114.9117891965363,148.79317801341247
59,75,125.67154029007798,138.48881953519123,104.98317284519585,147.84880463204476
59,76,126.73890279766768,127.74075808386334,123.6264803464151,143.61995967083243
59,77,125.79244413822686,139.36711458494835,106.4753522064421,151.81967836093068
59,78,nan,nan,nan,nan
59,79,125.05520484185766,134.81724676893876,112.69434808673846,147.29785081002376
